utc,host_monotonic_seconds,memory_used_mib,gpu_utilization_pct,compute_process_count,compute_process_memory_mib
2026-09-22T09:01:59.729795+00:00,80029.391119005,559,0,1,550.0
2026-09-22T09:02:00.730024+00:00,80030.391343112,559,0,1,550.0
2026-09-22T09:02:01.730340+00:00,80031.39165714,559,0,1,550.0
2026-09-22T09:02:02.730560+00:00,80032.391878099,559,0,1,550.0
2026-09-22T09:02:03.730901+00:00,80033.392217413,559,0,1,550.0
2026-09-22T09:02:04.731141+00:00,80034.392456989,1114,0,2,1100.0
2026-09-22T09:02:05.731330+00:00,80035.392649707,1114,0,2,1100.0
2026-09-22T09:02:06.731534+00:00,80036.392853353,1114,0,2,1100.0
2026-09-22T09:02:07.731791+00:00,80037.393110985,1114,0,2,1100.0
2026-09-22T09:02:08.732042+00:00,80038.393361546,1114,0,2,1100.0
2026-09-22T09:02:09.732257+00:00,80039.39357745,1114,0,2,1100.0
2026-09-22T09:02:10.732501+00:00,80040.39382147,1114,0,2,1100.0
2026-09-22T09:02:11.732723+00:00,80041.393997134,1114,0,2,1100.0
2026-09-22T09:02:12.732904+00:00,80042.394223291,1114,0,2,1100.0
2026-09-22T09:02:13.733088+00:00,80043.394406682,1114,0,2,1100.0
2026-09-22T09:02:14.733276+00:00,80044.394596179,1114,0,2,1100.0
2026-09-22T09:02:15.733494+00:00,80045.394814521,1114,0,2,1100.0
2026-09-22T09:02:16.733727+00:00,80046.395044961,1114,0,2,1100.0
2026-09-22T09:02:17.733965+00:00,80047.395283837,1114,0,2,1100.0
2026-09-22T09:02:18.734202+00:00,80048.395520699,1114,0,2,1100.0
2026-09-22T09:02:19.734404+00:00,80049.395722805,1114,0,2,1100.0
2026-09-22T09:02:20.734571+00:00,80050.395891346,1114,0,2,1100.0
2026-09-22T09:02:21.734774+00:00,80051.396095394,1114,0,2,1100.0
2026-09-22T09:02:22.735040+00:00,80052.396359746,1114,0,2,1100.0
2026-09-22T09:02:23.735259+00:00,80053.396578995,1114,0,2,1100.0
2026-09-22T09:02:24.735492+00:00,80054.396810476,1114,0,2,1100.0
2026-09-22T09:02:25.735772+00:00,80055.397091929,1114,0,2,1100.0
2026-09-22T09:02:26.736075+00:00,80056.397394665,1114,0,2,1100.0
2026-09-22T09:02:27.736292+00:00,80057.397611657,1114,0,2,1100.0
2026-09-22T09:02:28.736504+00:00,80058.397824311,1114,0,2,1100.0
2026-09-22T09:02:29.736790+00:00,80059.398110238,1114,0,2,1100.0
2026-09-22T09:02:30.737007+00:00,80060.398326623,1114,0,2,1100.0
2026-09-22T09:02:31.737241+00:00,80061.398560556,1114,0,2,1100.0
2026-09-22T09:02:32.737472+00:00,80062.398789255,1114,0,2,1100.0
2026-09-22T09:02:33.737732+00:00,80063.398995142,1116,0,2,1102.0
2026-09-22T09:02:34.737882+00:00,80064.399202126,1118,4,2,1104.0
2026-09-22T09:02:35.738052+00:00,80065.399372662,1118,3,2,1104.0
2026-09-22T09:02:36.738273+00:00,80066.399592477,1118,3,2,1104.0
2026-09-22T09:02:37.738493+00:00,80067.39981291,1118,3,2,1104.0
2026-09-22T09:02:38.738632+00:00,80068.39995383,1118,4,2,1104.0
2026-09-22T09:02:39.738835+00:00,80069.400152391,1118,3,2,1104.0
2026-09-22T09:02:40.739067+00:00,80070.400384472,1118,4,2,1104.0
2026-09-22T09:02:41.739253+00:00,80071.400572941,1118,3,2,1104.0
2026-09-22T09:02:42.739776+00:00,80072.401094272,1118,4,2,1104.0
2026-09-22T09:02:43.739961+00:00,80073.401280743,561,1,1,552.0
2026-09-22T09:02:44.740260+00:00,80074.40157951,0,1,0,0
2026-09-22T09:02:45.740439+00:00,80075.401758648,0,0,0,0
2026-09-22T09:02:46.740750+00:00,80076.402066676,0,0,0,0
2026-09-22T09:02:47.740955+00:00,80077.402275293,0,0,0,0
2026-09-22T09:02:48.741204+00:00,80078.40252219,0,0,0,0
2026-09-22T09:02:49.741403+00:00,80079.402722672,0,0,0,0
2026-09-22T09:02:50.741754+00:00,80080.40306937,0,0,0,0
2026-09-22T09:02:51.742083+00:00,80081.403400527,0,0,0,0
2026-09-22T09:02:52.742294+00:00,80082.403611558,0,0,0,0
2026-09-22T09:02:53.742519+00:00,80083.403836967,0,0,0,0
2026-09-22T09:02:54.742778+00:00,80084.404097351,0,0,0,0
2026-09-22T09:02:55.742943+00:00,80085.404262077,0,0,0,0
2026-09-22T09:02:56.743169+00:00,80086.404487732,0,0,0,0
2026-09-22T09:02:57.743400+00:00,80087.404717161,0,0,0,0
2026-09-22T09:02:58.743636+00:00,80088.404952894,0,0,0,0
2026-09-22T09:02:59.743846+00:00,80089.405164103,0,0,0,0
2026-09-22T09:03:00.744142+00:00,80090.405458091,0,0,0,0
2026-09-22T09:03:01.744439+00:00,80091.405756309,0,0,0,0
2026-09-22T09:03:02.744639+00:00,80092.405958252,0,0,0,0
2026-09-22T09:03:03.744909+00:00,80093.406230169,0,0,0,0
2026-09-22T09:03:04.745077+00:00,80094.406399403,0,0,0,0
2026-09-22T09:03:05.745274+00:00,80095.406594607,0,0,0,0
2026-09-22T09:03:06.745473+00:00,80096.406792287,0,0,0,0
2026-09-22T09:03:07.745667+00:00,80097.406988376,0,0,0,0
2026-09-22T09:03:08.745861+00:00,80098.407183277,0,0,0,0
2026-09-22T09:03:09.746092+00:00,80099.407410764,0,0,0,0
2026-09-22T09:03:10.746290+00:00,80100.407611038,0,0,0,0
2026-09-22T09:03:11.746489+00:00,80101.407810939,0,0,0,0
2026-09-22T09:03:12.746739+00:00,80102.4080596,0,0,0,0
2026-09-22T09:03:13.746946+00:00,80103.408266406,0,0,0,0
2026-09-22T09:03:14.747227+00:00,80104.408542621,0,0,0,0
2026-09-22T09:03:15.747420+00:00,80105.408740482,0,0,0,0
2026-09-22T09:03:16.747614+00:00,80106.408935886,0,0,0,0
2026-09-22T09:03:17.747803+00:00,80107.40912488,0,0,0,0
2026-09-22T09:03:18.748030+00:00,80108.409350378,0,0,0,0
2026-09-22T09:03:19.748238+00:00,80109.409559359,0,0,0,0
2026-09-22T09:03:20.748432+00:00,80110.409753024,0,0,0,0
2026-09-22T09:03:21.748607+00:00,80111.409928659,0,0,0,0
2026-09-22T09:03:22.748791+00:00,80112.410112377,0,0,0,0
2026-09-22T09:03:23.749024+00:00,80113.410345228,0,0,0,0
2026-09-22T09:03:24.749216+00:00,80114.410536724,0,0,0,0
2026-09-22T09:03:25.749442+00:00,80115.410762677,0,0,0,0
2026-09-22T09:03:26.749627+00:00,80116.410948628,0,0,0,0
2026-09-22T09:03:27.749871+00:00,80117.411190368,0,0,0,0
2026-09-22T09:03:28.750071+00:00,80118.411392036,0,0,0,0
2026-09-22T09:03:29.750294+00:00,80119.411614198,0,0,0,0
2026-09-22T09:03:30.750488+00:00,80120.411809326,0,0,0,0
2026-09-22T09:03:31.750738+00:00,80121.412058046,0,0,0,0
2026-09-22T09:03:32.750970+00:00,80122.412290315,0,0,0,0
2026-09-22T09:03:33.751194+00:00,80123.412515495,0,0,0,0
2026-09-22T09:03:34.751389+00:00,80124.412711386,0,0,0,0
2026-09-22T09:03:35.751568+00:00,80125.412888965,0,0,0,0
2026-09-22T09:03:36.751791+00:00,80126.413110174,0,0,0,0
2026-09-22T09:03:37.751995+00:00,80127.413313469,0,0,0,0
2026-09-22T09:03:38.752192+00:00,80128.413510554,0,0,0,0
2026-09-22T09:03:39.752377+00:00,80129.41369798,0,0,0,0
2026-09-22T09:03:40.752740+00:00,80130.41405679,0,0,0,0
2026-09-22T09:03:41.753032+00:00,80131.414350594,0,0,0,0
2026-09-22T09:03:42.753298+00:00,80132.414613891,0,0,0,0
2026-09-22T09:03:43.753558+00:00,80133.414875078,0,0,0,0
2026-09-22T09:03:44.753822+00:00,80134.415139573,0,0,0,0
2026-09-22T09:03:45.754018+00:00,80135.415337534,0,0,0,0
2026-09-22T09:03:46.754317+00:00,80136.41563297,3,0,1,28.0
2026-09-22T09:03:47.754548+00:00,80137.415865314,559,0,1,550.0
2026-09-22T09:03:48.754824+00:00,80138.416143349,559,0,1,550.0
2026-09-22T09:03:49.755089+00:00,80139.416406721,559,0,1,550.0
2026-09-22T09:03:50.755343+00:00,80140.416659506,559,0,1,550.0
2026-09-22T09:03:51.755567+00:00,80141.416885648,559,0,1,550.0
2026-09-22T09:03:52.755829+00:00,80142.417148255,559,0,1,550.0
2026-09-22T09:03:53.756080+00:00,80143.417397651,559,0,1,550.0
2026-09-22T09:03:54.756264+00:00,80144.417582926,559,0,1,550.0
2026-09-22T09:03:55.756480+00:00,80145.417800628,559,0,1,550.0
2026-09-22T09:03:56.756714+00:00,80146.41799934,559,0,1,550.0
2026-09-22T09:03:57.756869+00:00,80147.418190359,559,0,1,550.0
2026-09-22T09:03:58.757181+00:00,80148.418501431,559,0,1,550.0
2026-09-22T09:03:59.757396+00:00,80149.418715568,559,0,1,550.0
2026-09-22T09:04:00.757617+00:00,80150.418935198,559,0,1,550.0
2026-09-22T09:04:01.757848+00:00,80151.419168403,559,0,1,550.0
2026-09-22T09:04:02.758061+00:00,80152.419381293,559,0,1,550.0
2026-09-22T09:04:03.758265+00:00,80153.419585194,559,0,1,550.0
2026-09-22T09:04:04.758483+00:00,80154.419802452,559,0,1,550.0
2026-09-22T09:04:05.758758+00:00,80155.420077976,559,0,1,550.0
2026-09-22T09:04:06.759075+00:00,80156.420394907,559,0,1,550.0
2026-09-22T09:04:07.759286+00:00,80157.420606572,559,0,1,550.0
2026-09-22T09:04:08.759494+00:00,80158.420814994,559,0,1,550.0
2026-09-22T09:04:09.759745+00:00,80159.421065114,559,0,1,550.0
2026-09-22T09:04:10.759928+00:00,80160.421247572,559,0,1,550.0
2026-09-22T09:04:11.760188+00:00,80161.421508528,1114,0,2,1100.0
2026-09-22T09:04:12.760397+00:00,80162.421717825,1114,0,2,1100.0
2026-09-22T09:04:13.760635+00:00,80163.421955579,1114,0,2,1100.0
2026-09-22T09:04:14.760844+00:00,80164.422164249,1114,0,2,1100.0
2026-09-22T09:04:15.761077+00:00,80165.42239765,1114,0,2,1100.0
2026-09-22T09:04:16.761216+00:00,80166.422538835,1114,0,2,1100.0
2026-09-22T09:04:17.761430+00:00,80167.422747575,1114,0,2,1100.0
2026-09-22T09:04:18.761636+00:00,80168.422954923,1114,0,2,1100.0
2026-09-22T09:04:19.761846+00:00,80169.423166498,1114,0,2,1100.0
2026-09-22T09:04:20.762092+00:00,80170.423410547,1114,0,2,1100.0
2026-09-22T09:04:21.762323+00:00,80171.423641132,1114,0,2,1100.0
2026-09-22T09:04:22.762541+00:00,80172.423861105,1114,0,2,1100.0
2026-09-22T09:04:23.762821+00:00,80173.424140782,1114,0,2,1100.0
2026-09-22T09:04:24.762996+00:00,80174.424316306,1114,0,2,1100.0
2026-09-22T09:04:25.763211+00:00,80175.424528953,1114,0,2,1100.0
2026-09-22T09:04:26.763458+00:00,80176.424777956,1114,0,2,1100.0
2026-09-22T09:04:27.763669+00:00,80177.424987524,1114,0,2,1100.0
2026-09-22T09:04:28.763866+00:00,80178.425186017,1114,0,2,1100.0
2026-09-22T09:04:29.764086+00:00,80179.425406394,1114,0,2,1100.0
2026-09-22T09:04:30.764335+00:00,80180.425654693,1114,0,2,1100.0
2026-09-22T09:04:31.764546+00:00,80181.425866056,1114,0,2,1100.0
2026-09-22T09:04:32.764805+00:00,80182.426124026,1114,0,2,1100.0
2026-09-22T09:04:33.765006+00:00,80183.426325603,1114,0,2,1100.0
2026-09-22T09:04:34.765188+00:00,80184.426507886,1114,0,2,1100.0
2026-09-22T09:04:35.765372+00:00,80185.426691816,1114,0,2,1100.0
2026-09-22T09:04:36.765651+00:00,80186.42696482,1114,0,2,1100.0
2026-09-22T09:04:37.765857+00:00,80187.427177759,1114,0,2,1100.0
2026-09-22T09:04:38.766081+00:00,80188.427401686,1114,0,2,1100.0
2026-09-22T09:04:39.766246+00:00,80189.427568039,1116,0,2,1102.0
2026-09-22T09:04:40.766482+00:00,80190.427800524,1118,4,2,1104.0
2026-09-22T09:04:41.766741+00:00,80191.42806036,1118,4,2,1104.0
2026-09-22T09:04:42.766966+00:00,80192.428283335,1118,4,2,1104.0
2026-09-22T09:04:43.767173+00:00,80193.428492917,1118,3,2,1104.0
2026-09-22T09:04:44.767379+00:00,80194.428699127,1118,4,2,1104.0
2026-09-22T09:04:45.767540+00:00,80195.428859238,1118,4,2,1104.0
2026-09-22T09:04:46.767747+00:00,80196.429067319,1118,0,2,1104.0
2026-09-22T09:04:47.767937+00:00,80197.42925596,1118,0,2,1104.0
2026-09-22T09:04:48.768150+00:00,80198.429469314,1118,0,2,1104.0
2026-09-22T09:04:49.768359+00:00,80199.42967772,1118,0,2,1102.0
2026-09-22T09:04:50.768591+00:00,80200.429907431,0,0,0,0
2026-09-22T09:04:51.768819+00:00,80201.430137266,0,0,0,0
2026-09-22T09:04:52.769034+00:00,80202.4303531,0,0,0,0
2026-09-22T09:04:53.769265+00:00,80203.430583304,0,0,0,0
2026-09-22T09:04:54.769475+00:00,80204.43079565,0,0,0,0
2026-09-22T09:04:55.769752+00:00,80205.431069089,0,0,0,0
2026-09-22T09:04:56.770059+00:00,80206.431376576,0,0,0,0
2026-09-22T09:04:57.770249+00:00,80207.431569308,0,0,0,0
2026-09-22T09:04:58.770447+00:00,80208.431766918,0,0,0,0
2026-09-22T09:04:59.770670+00:00,80209.431989455,0,0,0,0
2026-09-22T09:05:00.770895+00:00,80210.432215162,0,0,0,0
2026-09-22T09:05:01.771102+00:00,80211.432421523,0,0,0,0
2026-09-22T09:05:02.771332+00:00,80212.432649071,0,0,0,0
2026-09-22T09:05:03.771497+00:00,80213.432816627,0,0,0,0
2026-09-22T09:05:04.771749+00:00,80214.43306869,0,0,0,0
2026-09-22T09:05:05.771969+00:00,80215.433285809,0,0,0,0
2026-09-22T09:05:06.772136+00:00,80216.433456286,0,0,0,0
2026-09-22T09:05:07.772300+00:00,80217.43362152,0,0,0,0
2026-09-22T09:05:08.772521+00:00,80218.433841552,0,0,0,0
2026-09-22T09:05:09.772774+00:00,80219.434093715,0,0,0,0
2026-09-22T09:05:10.772999+00:00,80220.434316072,0,0,0,0
2026-09-22T09:05:11.773220+00:00,80221.434537813,0,0,0,0
2026-09-22T09:05:12.773439+00:00,80222.434758476,0,0,0,0
2026-09-22T09:05:13.773720+00:00,80223.434997079,0,0,0,0
2026-09-22T09:05:14.773896+00:00,80224.435215116,0,0,0,0
2026-09-22T09:05:15.774095+00:00,80225.435414391,0,0,0,0
2026-09-22T09:05:16.774288+00:00,80226.435609152,0,0,0,0
2026-09-22T09:05:17.774501+00:00,80227.435819911,0,0,0,0
2026-09-22T09:05:18.774751+00:00,80228.436071296,0,0,0,0
2026-09-22T09:05:19.774899+00:00,80229.436220013,0,0,0,0
2026-09-22T09:05:20.775105+00:00,80230.436422435,0,0,0,0
2026-09-22T09:05:21.775287+00:00,80231.436608569,0,0,0,0
2026-09-22T09:05:22.775483+00:00,80232.436804406,0,0,0,0
2026-09-22T09:05:23.775752+00:00,80233.437070424,0,0,0,0
2026-09-22T09:05:24.775945+00:00,80234.437265486,0,0,0,0
2026-09-22T09:05:25.776154+00:00,80235.437474512,0,0,0,0
2026-09-22T09:05:26.776318+00:00,80236.43763741,0,0,0,0
2026-09-22T09:05:27.776522+00:00,80237.43784264,0,0,0,0
2026-09-22T09:05:28.776752+00:00,80238.438070838,0,0,0,0
2026-09-22T09:05:29.776995+00:00,80239.438315005,0,0,0,0
2026-09-22T09:05:30.777195+00:00,80240.43851532,0,0,0,0
2026-09-22T09:05:31.777374+00:00,80241.438694505,0,0,0,0
2026-09-22T09:05:32.777532+00:00,80242.438854739,0,0,0,0
2026-09-22T09:05:33.777809+00:00,80243.43912772,0,0,0,0
2026-09-22T09:05:34.778012+00:00,80244.439332223,0,0,0,0
2026-09-22T09:05:35.778259+00:00,80245.439575782,0,0,0,0
2026-09-22T09:05:36.778434+00:00,80246.439754822,0,0,0,0
2026-09-22T09:05:37.778732+00:00,80247.439995566,0,0,0,0
2026-09-22T09:05:38.778897+00:00,80248.440216379,0,0,0,0
2026-09-22T09:05:39.779133+00:00,80249.440452608,0,0,0,0
2026-09-22T09:05:40.779368+00:00,80250.440687485,0,0,0,0
2026-09-22T09:05:41.779607+00:00,80251.440925374,0,0,0,0
2026-09-22T09:05:42.779856+00:00,80252.441172361,0,0,0,0
2026-09-22T09:05:43.780145+00:00,80253.441464245,0,0,0,0
2026-09-22T09:05:44.780337+00:00,80254.441657149,0,0,0,0
2026-09-22T09:05:45.780492+00:00,80255.441813624,0,0,0,0
2026-09-22T09:05:46.780760+00:00,80256.442079683,0,0,0,0
2026-09-22T09:05:47.780944+00:00,80257.442263469,0,0,0,0
2026-09-22T09:05:48.781145+00:00,80258.442463924,0,0,0,0
2026-09-22T09:05:49.781354+00:00,80259.442671699,0,0,0,0
2026-09-22T09:05:50.781646+00:00,80260.442965289,0,0,0,0
2026-09-22T09:05:51.781816+00:00,80261.44313387,0,0,0,0
2026-09-22T09:05:52.782088+00:00,80262.443404839,559,0,1,550.0
2026-09-22T09:05:53.782299+00:00,80263.443618045,559,0,1,550.0
2026-09-22T09:05:54.782506+00:00,80264.443825694,559,0,1,550.0
2026-09-22T09:05:55.782816+00:00,80265.444135886,559,0,1,550.0
2026-09-22T09:05:56.783095+00:00,80266.444411506,559,0,1,550.0
2026-09-22T09:05:57.783346+00:00,80267.444663038,559,0,1,550.0
2026-09-22T09:05:58.783609+00:00,80268.444925457,559,0,1,550.0
2026-09-22T09:05:59.783808+00:00,80269.445128956,559,0,1,550.0
2026-09-22T09:06:00.784024+00:00,80270.445341729,559,0,1,550.0
2026-09-22T09:06:01.784283+00:00,80271.445599825,559,0,1,550.0
2026-09-22T09:06:02.784520+00:00,80272.445837188,559,0,1,550.0
2026-09-22T09:06:03.784822+00:00,80273.446139394,559,0,1,550.0
2026-09-22T09:06:04.785073+00:00,80274.446390635,559,0,1,550.0
2026-09-22T09:06:05.785284+00:00,80275.446603861,559,0,1,550.0
2026-09-22T09:06:06.785525+00:00,80276.446842421,559,0,1,550.0
2026-09-22T09:06:07.785814+00:00,80277.447131534,559,0,1,550.0
2026-09-22T09:06:08.785990+00:00,80278.447311386,559,0,1,550.0
2026-09-22T09:06:09.786200+00:00,80279.447517434,559,0,1,550.0
2026-09-22T09:06:10.786527+00:00,80280.447843772,559,0,1,550.0
2026-09-22T09:06:11.786786+00:00,80281.448106466,559,0,1,550.0
2026-09-22T09:06:12.787049+00:00,80282.448365581,559,0,1,550.0
2026-09-22T09:06:13.787259+00:00,80283.448579538,559,0,1,550.0
2026-09-22T09:06:14.787463+00:00,80284.448781838,559,0,1,550.0
2026-09-22T09:06:15.787640+00:00,80285.448961367,559,0,1,550.0
2026-09-22T09:06:16.787853+00:00,80286.449173544,578,2,2,1100.0
2026-09-22T09:06:17.788063+00:00,80287.449382797,1114,0,2,1100.0
2026-09-22T09:06:18.788299+00:00,80288.449619566,1114,0,2,1100.0
2026-09-22T09:06:19.788573+00:00,80289.449892819,1114,0,2,1100.0
2026-09-22T09:06:20.788795+00:00,80290.450114694,1114,0,2,1100.0
2026-09-22T09:06:21.789049+00:00,80291.450366368,1114,0,2,1100.0
2026-09-22T09:06:22.789292+00:00,80292.450610231,1114,0,2,1100.0
2026-09-22T09:06:23.789511+00:00,80293.450829803,1114,0,2,1100.0
2026-09-22T09:06:24.789783+00:00,80294.451102607,1114,0,2,1100.0
2026-09-22T09:06:25.790009+00:00,80295.451328959,1114,0,2,1100.0
2026-09-22T09:06:26.790240+00:00,80296.451560217,1114,0,2,1100.0
2026-09-22T09:06:27.790464+00:00,80297.451783975,1114,0,2,1100.0
2026-09-22T09:06:28.790725+00:00,80298.452045391,1114,0,2,1100.0
2026-09-22T09:06:29.790906+00:00,80299.452226189,1114,0,2,1100.0
2026-09-22T09:06:30.791111+00:00,80300.452427995,1114,0,2,1100.0
2026-09-22T09:06:31.791330+00:00,80301.452648709,1114,0,2,1100.0
2026-09-22T09:06:32.791506+00:00,80302.452826243,1114,0,2,1100.0
2026-09-22T09:06:33.791782+00:00,80303.453101326,1114,0,2,1100.0
2026-09-22T09:06:34.792024+00:00,80304.453343404,1114,0,2,1100.0
2026-09-22T09:06:35.792230+00:00,80305.453551109,1114,0,2,1100.0
2026-09-22T09:06:36.792433+00:00,80306.453752961,1114,0,2,1100.0
2026-09-22T09:06:37.792741+00:00,80307.454058434,1114,0,2,1100.0
2026-09-22T09:06:38.793047+00:00,80308.454365285,1114,0,2,1100.0
2026-09-22T09:06:39.793297+00:00,80309.454614106,1114,0,2,1100.0
2026-09-22T09:06:40.793554+00:00,80310.454870011,1114,0,2,1100.0
2026-09-22T09:06:41.793765+00:00,80311.45508477,1114,0,2,1100.0
2026-09-22T09:06:42.793986+00:00,80312.455304061,1114,0,2,1100.0
2026-09-22T09:06:43.794191+00:00,80313.455511671,1114,0,2,1100.0
2026-09-22T09:06:44.794334+00:00,80314.455655987,1114,0,2,1100.0
2026-09-22T09:06:45.794568+00:00,80315.455886979,1114,0,2,1100.0
2026-09-22T09:06:46.794769+00:00,80316.456089164,1118,0,2,1104.0
2026-09-22T09:06:47.794961+00:00,80317.456279927,1118,3,2,1104.0
2026-09-22T09:06:48.795183+00:00,80318.456500092,1118,4,2,1104.0
2026-09-22T09:06:49.795404+00:00,80319.456724089,1118,3,2,1104.0
2026-09-22T09:06:50.795584+00:00,80320.456904203,1118,3,2,1104.0
2026-09-22T09:06:51.795859+00:00,80321.457176648,1118,3,2,1104.0
2026-09-22T09:06:52.796096+00:00,80322.457412936,1118,0,2,1104.0
2026-09-22T09:06:53.796284+00:00,80323.45760316,1118,0,2,1104.0
2026-09-22T09:06:54.796489+00:00,80324.457808605,1118,0,2,1104.0
2026-09-22T09:06:55.796826+00:00,80325.458141223,561,0,1,552.0
2026-09-22T09:06:56.797042+00:00,80326.458362669,0,0,0,0
2026-09-22T09:06:57.797309+00:00,80327.458629196,0,0,0,0
2026-09-22T09:06:58.797443+00:00,80328.458766077,0,0,0,0
2026-09-22T09:06:59.797612+00:00,80329.458932969,0,0,0,0
2026-09-22T09:07:00.797870+00:00,80330.459187014,0,0,0,0
2026-09-22T09:07:01.798114+00:00,80331.459431019,0,0,0,0
2026-09-22T09:07:02.798288+00:00,80332.459608004,0,0,0,0
2026-09-22T09:07:03.798471+00:00,80333.459789112,0,0,0,0
2026-09-22T09:07:04.798725+00:00,80334.45999408,0,0,0,0
2026-09-22T09:07:05.798952+00:00,80335.460272753,0,0,0,0
2026-09-22T09:07:06.799343+00:00,80336.460660011,0,0,0,0
2026-09-22T09:07:07.799558+00:00,80337.460874609,0,0,0,0
2026-09-22T09:07:08.799859+00:00,80338.461174251,0,0,0,0
2026-09-22T09:07:09.800071+00:00,80339.461388594,0,0,0,0
2026-09-22T09:07:10.800257+00:00,80340.4615749,0,0,0,0
2026-09-22T09:07:11.800504+00:00,80341.461820705,0,0,0,0
2026-09-22T09:07:12.800812+00:00,80342.462128992,0,0,0,0
2026-09-22T09:07:13.801050+00:00,80343.462366581,0,0,0,0
2026-09-22T09:07:14.801245+00:00,80344.462563165,0,0,0,0
2026-09-22T09:07:15.801422+00:00,80345.462741349,0,0,0,0
2026-09-22T09:07:16.801558+00:00,80346.462881138,0,0,0,0
2026-09-22T09:07:17.801829+00:00,80347.463148828,0,0,0,0
2026-09-22T09:07:18.802019+00:00,80348.463339846,0,0,0,0
2026-09-22T09:07:19.802229+00:00,80349.463547543,0,0,0,0
2026-09-22T09:07:20.802401+00:00,80350.463721806,0,0,0,0
2026-09-22T09:07:21.802605+00:00,80351.463923974,0,0,0,0
2026-09-22T09:07:22.802796+00:00,80352.464117499,0,0,0,0
2026-09-22T09:07:23.802933+00:00,80353.464256157,0,0,0,0
2026-09-22T09:07:24.803131+00:00,80354.464450595,0,0,0,0
2026-09-22T09:07:25.803391+00:00,80355.4647076,0,0,0,0
2026-09-22T09:07:26.803595+00:00,80356.464915642,0,0,0,0
2026-09-22T09:07:27.803792+00:00,80357.465113159,0,0,0,0
2026-09-22T09:07:28.803988+00:00,80358.465309998,0,0,0,0
2026-09-22T09:07:29.804170+00:00,80359.465490832,0,0,0,0
2026-09-22T09:07:30.804361+00:00,80360.465680142,0,0,0,0
2026-09-22T09:07:31.804538+00:00,80361.465859294,0,0,0,0
2026-09-22T09:07:32.804789+00:00,80362.466109077,0,0,0,0
2026-09-22T09:07:33.805025+00:00,80363.46634473,0,0,0,0
2026-09-22T09:07:34.805238+00:00,80364.466557815,0,0,0,0
2026-09-22T09:07:35.805438+00:00,80365.466759381,0,0,0,0
2026-09-22T09:07:36.805636+00:00,80366.466957039,0,0,0,0
2026-09-22T09:07:37.805850+00:00,80367.467170196,0,0,0,0
2026-09-22T09:07:38.806110+00:00,80368.467426333,0,0,0,0
2026-09-22T09:07:39.806327+00:00,80369.467644707,0,0,0,0
2026-09-22T09:07:40.806540+00:00,80370.467859166,0,0,0,0
2026-09-22T09:07:41.806735+00:00,80371.468055978,0,0,0,0
2026-09-22T09:07:42.806928+00:00,80372.468249159,0,0,0,0
2026-09-22T09:07:43.807215+00:00,80373.468533475,0,0,0,0
2026-09-22T09:07:44.807427+00:00,80374.468746315,0,0,0,0
2026-09-22T09:07:45.807614+00:00,80375.46893496,0,0,0,0
2026-09-22T09:07:46.807802+00:00,80376.469122873,0,0,0,0
2026-09-22T09:07:47.807978+00:00,80377.46929768,0,0,0,0
2026-09-22T09:07:48.808185+00:00,80378.469503076,0,0,0,0
2026-09-22T09:07:49.808401+00:00,80379.469718343,0,0,0,0
2026-09-22T09:07:50.808587+00:00,80380.469906903,0,0,0,0
2026-09-22T09:07:51.808872+00:00,80381.470190463,0,0,0,0
2026-09-22T09:07:52.809102+00:00,80382.470419562,0,0,0,0
2026-09-22T09:07:53.809315+00:00,80383.470635376,0,0,0,0
2026-09-22T09:07:54.809532+00:00,80384.470851137,0,0,0,0
2026-09-22T09:07:55.809824+00:00,80385.471142532,0,0,0,0
2026-09-22T09:07:56.810080+00:00,80386.47140078,0,0,0,0
2026-09-22T09:07:57.810389+00:00,80387.471705294,1,0,1,14.0
2026-09-22T09:07:58.810633+00:00,80388.471949893,559,0,1,550.0
2026-09-22T09:07:59.810850+00:00,80389.472170612,559,0,1,550.0
2026-09-22T09:08:00.811056+00:00,80390.472375812,559,0,1,550.0
2026-09-22T09:08:01.811276+00:00,80391.472594313,559,0,1,550.0
2026-09-22T09:08:02.811525+00:00,80392.472841753,559,0,1,550.0
2026-09-22T09:08:03.811715+00:00,80393.473036782,559,0,1,550.0
2026-09-22T09:08:04.811934+00:00,80394.473251139,559,0,1,550.0
2026-09-22T09:08:05.812132+00:00,80395.473452464,559,0,1,550.0
2026-09-22T09:08:06.812332+00:00,80396.473653176,559,0,1,550.0
2026-09-22T09:08:07.812533+00:00,80397.473852875,559,0,1,550.0
2026-09-22T09:08:08.812800+00:00,80398.474119999,559,0,1,550.0
2026-09-22T09:08:09.813084+00:00,80399.474404514,559,0,1,550.0
2026-09-22T09:08:10.813297+00:00,80400.474617148,559,0,1,550.0
2026-09-22T09:08:11.813511+00:00,80401.474830853,559,0,1,550.0
2026-09-22T09:08:12.813765+00:00,80402.475084612,559,0,1,550.0
2026-09-22T09:08:13.813971+00:00,80403.475291184,559,0,1,550.0
2026-09-22T09:08:14.814147+00:00,80404.475468392,559,0,1,550.0
2026-09-22T09:08:15.814355+00:00,80405.475674508,559,0,1,550.0
2026-09-22T09:08:16.814562+00:00,80406.475882312,559,0,1,550.0
2026-09-22T09:08:17.814840+00:00,80407.476156629,559,0,1,550.0
2026-09-22T09:08:18.815114+00:00,80408.476430361,559,0,1,550.0
2026-09-22T09:08:19.815377+00:00,80409.476695478,559,0,1,550.0
2026-09-22T09:08:20.815645+00:00,80410.476962244,559,0,1,550.0
2026-09-22T09:08:21.815791+00:00,80411.477112267,559,0,1,550.0
2026-09-22T09:08:22.816104+00:00,80412.477419923,1114,2,2,1100.0
2026-09-22T09:08:23.816369+00:00,80413.477687122,1114,0,2,1100.0
2026-09-22T09:08:24.816614+00:00,80414.477932254,1114,0,2,1100.0
2026-09-22T09:08:25.816954+00:00,80415.47827364,1114,0,2,1100.0
2026-09-22T09:08:26.817155+00:00,80416.478474581,1114,0,2,1100.0
2026-09-22T09:08:27.817373+00:00,80417.478693391,1114,0,2,1100.0
2026-09-22T09:08:28.817550+00:00,80418.478868685,1114,0,2,1100.0
2026-09-22T09:08:29.817782+00:00,80419.479102194,1114,0,2,1100.0
2026-09-22T09:08:30.817945+00:00,80420.479265475,1114,0,2,1100.0
2026-09-22T09:08:31.818204+00:00,80421.479525153,1114,0,2,1100.0
2026-09-22T09:08:32.818379+00:00,80422.479700424,1114,0,2,1100.0
2026-09-22T09:08:33.818583+00:00,80423.479903782,1114,0,2,1100.0
2026-09-22T09:08:34.818768+00:00,80424.480091188,1114,0,2,1100.0
2026-09-22T09:08:35.818955+00:00,80425.480275679,1114,0,2,1100.0
2026-09-22T09:08:36.819166+00:00,80426.480486896,1114,0,2,1100.0
2026-09-22T09:08:37.819373+00:00,80427.480694197,1114,0,2,1100.0
2026-09-22T09:08:38.819571+00:00,80428.480892227,1114,0,2,1100.0
2026-09-22T09:08:39.819789+00:00,80429.481110647,1114,0,2,1100.0
2026-09-22T09:08:40.820023+00:00,80430.481344026,1114,0,2,1100.0
2026-09-22T09:08:41.820237+00:00,80431.481558289,1114,0,2,1100.0
2026-09-22T09:08:42.820465+00:00,80432.4817847,1114,0,2,1100.0
2026-09-22T09:08:43.820639+00:00,80433.481958901,1114,0,2,1100.0
2026-09-22T09:08:44.820843+00:00,80434.482162572,1114,0,2,1100.0
2026-09-22T09:08:45.821049+00:00,80435.482368762,1114,0,2,1100.0
2026-09-22T09:08:46.821265+00:00,80436.48258355,1114,0,2,1100.0
2026-09-22T09:08:47.821491+00:00,80437.482810388,1114,0,2,1100.0
2026-09-22T09:08:48.821664+00:00,80438.482983139,1114,0,2,1100.0
2026-09-22T09:08:49.821942+00:00,80439.483258819,1114,0,2,1100.0
2026-09-22T09:08:50.822185+00:00,80440.483502124,1116,0,2,1102.0
2026-09-22T09:08:51.822373+00:00,80441.483693386,1118,4,2,1104.0
2026-09-22T09:08:52.822618+00:00,80442.483935198,1118,4,2,1104.0
2026-09-22T09:08:53.822788+00:00,80443.484109545,1118,4,2,1104.0
2026-09-22T09:08:54.823096+00:00,80444.484416256,1118,4,2,1104.0
2026-09-22T09:08:55.823296+00:00,80445.484616867,1118,3,2,1104.0
2026-09-22T09:08:56.823501+00:00,80446.484821464,1118,3,2,1104.0
2026-09-22T09:08:57.823745+00:00,80447.485065757,1118,0,2,1104.0
2026-09-22T09:08:58.823967+00:00,80448.485283574,1118,0,2,1104.0
2026-09-22T09:08:59.824173+00:00,80449.485487218,1118,0,2,1104.0
2026-09-22T09:09:00.824328+00:00,80450.485648806,1118,0,2,1102.0
2026-09-22T09:09:01.824591+00:00,80451.485910769,0,0,0,0
2026-09-22T09:09:02.824825+00:00,80452.486145018,0,0,0,0
2026-09-22T09:09:03.825031+00:00,80453.486349137,0,0,0,0
2026-09-22T09:09:04.825258+00:00,80454.486575264,0,0,0,0
2026-09-22T09:09:05.825475+00:00,80455.48679328,0,0,0,0
2026-09-22T09:09:06.825777+00:00,80456.487094334,0,0,0,0
2026-09-22T09:09:07.825990+00:00,80457.487308597,0,0,0,0
2026-09-22T09:09:08.826181+00:00,80458.487498615,0,0,0,0
2026-09-22T09:09:09.826411+00:00,80459.487729181,0,0,0,0
2026-09-22T09:09:10.826627+00:00,80460.487946333,0,0,0,0
2026-09-22T09:09:11.826881+00:00,80461.488197355,0,0,0,0
2026-09-22T09:09:12.827105+00:00,80462.488422168,0,0,0,0
2026-09-22T09:09:13.827366+00:00,80463.488682426,0,0,0,0
2026-09-22T09:09:14.827584+00:00,80464.488901422,0,0,0,0
2026-09-22T09:09:15.827871+00:00,80465.489187371,0,0,0,0
2026-09-22T09:09:16.828113+00:00,80466.489432795,0,0,0,0
2026-09-22T09:09:17.828390+00:00,80467.489708899,0,0,0,0
2026-09-22T09:09:18.828634+00:00,80468.489951103,0,0,0,0
2026-09-22T09:09:19.828813+00:00,80469.490132452,0,0,0,0
2026-09-22T09:09:20.829039+00:00,80470.490359015,0,0,0,0
2026-09-22T09:09:21.829213+00:00,80471.490533817,0,0,0,0
2026-09-22T09:09:22.829404+00:00,80472.490722171,0,0,0,0
2026-09-22T09:09:23.829600+00:00,80473.490921269,0,0,0,0
2026-09-22T09:09:24.829804+00:00,80474.491123759,0,0,0,0
2026-09-22T09:09:25.830078+00:00,80475.491396789,0,0,0,0
2026-09-22T09:09:26.830334+00:00,80476.491651471,0,0,0,0
2026-09-22T09:09:27.830575+00:00,80477.491895256,0,0,0,0
2026-09-22T09:09:28.830813+00:00,80478.49213485,0,0,0,0
2026-09-22T09:09:29.830980+00:00,80479.492302012,0,0,0,0
2026-09-22T09:09:30.831169+00:00,80480.49248973,0,0,0,0
2026-09-22T09:09:31.831380+00:00,80481.492699955,0,0,0,0
2026-09-22T09:09:32.831570+00:00,80482.492889558,0,0,0,0
2026-09-22T09:09:33.831801+00:00,80483.493122674,0,0,0,0
2026-09-22T09:09:34.831995+00:00,80484.4933172,0,0,0,0
2026-09-22T09:09:35.832199+00:00,80485.493518598,0,0,0,0
2026-09-22T09:09:36.832383+00:00,80486.493703468,0,0,0,0
2026-09-22T09:09:37.832575+00:00,80487.493896464,0,0,0,0
2026-09-22T09:09:38.832790+00:00,80488.494111828,0,0,0,0
2026-09-22T09:09:39.832967+00:00,80489.494288346,0,0,0,0
2026-09-22T09:09:40.833178+00:00,80490.494497463,0,0,0,0
2026-09-22T09:09:41.833347+00:00,80491.494668478,0,0,0,0
2026-09-22T09:09:42.833644+00:00,80492.494962341,0,0,0,0
2026-09-22T09:09:43.833947+00:00,80493.495261529,0,0,0,0
2026-09-22T09:09:44.834175+00:00,80494.49549289,0,0,0,0
2026-09-22T09:09:45.834372+00:00,80495.495693184,0,0,0,0
2026-09-22T09:09:46.834530+00:00,80496.495850398,0,0,0,0
2026-09-22T09:09:47.834809+00:00,80497.496130211,0,0,0,0
2026-09-22T09:09:48.834994+00:00,80498.496315115,0,0,0,0
2026-09-22T09:09:49.835232+00:00,80499.49655205,0,0,0,0
2026-09-22T09:09:50.835462+00:00,80500.49678148,0,0,0,0
2026-09-22T09:09:51.835634+00:00,80501.49695501,0,0,0,0
2026-09-22T09:09:52.835881+00:00,80502.497198124,0,0,0,0
2026-09-22T09:09:53.836104+00:00,80503.497421454,0,0,0,0
2026-09-22T09:09:54.836327+00:00,80504.497645405,0,0,0,0
2026-09-22T09:09:55.836528+00:00,80505.49784814,0,0,0,0
2026-09-22T09:09:56.836799+00:00,80506.498117875,0,0,0,0
2026-09-22T09:09:57.837008+00:00,80507.498328024,0,0,0,0
2026-09-22T09:09:58.837200+00:00,80508.498520221,0,0,0,0
2026-09-22T09:09:59.837445+00:00,80509.498762319,0,0,0,0
2026-09-22T09:10:00.837668+00:00,80510.498987097,0,0,0,0
2026-09-22T09:10:01.837972+00:00,80511.499290872,0,0,0,0
2026-09-22T09:10:02.838158+00:00,80512.499479022,22,0,1,28.0
2026-09-22T09:10:03.838344+00:00,80513.499663466,559,0,1,550.0
2026-09-22T09:10:04.838545+00:00,80514.499864485,559,0,1,550.0
2026-09-22T09:10:05.838797+00:00,80515.500116992,559,0,1,550.0
2026-09-22T09:10:06.839028+00:00,80516.500347863,559,0,1,550.0
2026-09-22T09:10:07.839249+00:00,80517.500569488,559,0,1,550.0
2026-09-22T09:10:08.839437+00:00,80518.500758127,559,0,1,550.0
2026-09-22T09:10:09.839668+00:00,80519.500984496,559,0,1,550.0
2026-09-22T09:10:10.839881+00:00,80520.501199533,559,0,1,550.0
2026-09-22T09:10:11.840081+00:00,80521.501400375,559,0,1,550.0
2026-09-22T09:10:12.840323+00:00,80522.50163998,559,0,1,550.0
2026-09-22T09:10:13.840585+00:00,80523.501901604,559,0,1,550.0
2026-09-22T09:10:14.840804+00:00,80524.502123921,559,0,1,550.0
2026-09-22T09:10:15.840955+00:00,80525.502277996,559,0,1,550.0
2026-09-22T09:10:16.841170+00:00,80526.502490418,559,0,1,550.0
2026-09-22T09:10:17.841399+00:00,80527.502718839,559,0,1,550.0
2026-09-22T09:10:18.841597+00:00,80528.502918185,559,0,1,550.0
2026-09-22T09:10:19.841823+00:00,80529.503141439,559,0,1,550.0
2026-09-22T09:10:20.842042+00:00,80530.503361939,559,0,1,550.0
2026-09-22T09:10:21.842255+00:00,80531.503574755,559,0,1,550.0
2026-09-22T09:10:22.842464+00:00,80532.503784365,559,0,1,550.0
2026-09-22T09:10:23.842667+00:00,80533.503987104,559,0,1,550.0
2026-09-22T09:10:24.842920+00:00,80534.504240472,559,0,1,550.0
2026-09-22T09:10:25.843163+00:00,80535.504483379,559,0,1,550.0
2026-09-22T09:10:26.843339+00:00,80536.504661186,559,0,1,550.0
2026-09-22T09:10:27.843557+00:00,80537.504876417,1114,0,2,1100.0
2026-09-22T09:10:28.843824+00:00,80538.505145618,1114,0,2,1100.0
2026-09-22T09:10:29.844022+00:00,80539.505341844,1114,0,2,1100.0
2026-09-22T09:10:30.844228+00:00,80540.505548752,1114,0,2,1100.0
2026-09-22T09:10:31.844446+00:00,80541.505765978,1114,0,2,1100.0
2026-09-22T09:10:32.844648+00:00,80542.505964773,1114,0,2,1100.0
2026-09-22T09:10:33.844869+00:00,80543.506187753,1114,0,2,1100.0
2026-09-22T09:10:34.845062+00:00,80544.506382747,1114,0,2,1100.0
2026-09-22T09:10:35.845306+00:00,80545.506625314,1114,0,2,1100.0
2026-09-22T09:10:36.845516+00:00,80546.50683625,1114,0,2,1100.0
2026-09-22T09:10:37.845776+00:00,80547.507094372,1114,0,2,1100.0
2026-09-22T09:10:38.845989+00:00,80548.507308368,1114,0,2,1100.0
2026-09-22T09:10:39.846208+00:00,80549.50752675,1114,0,2,1100.0
2026-09-22T09:10:40.846420+00:00,80550.507740042,1114,0,2,1100.0
2026-09-22T09:10:41.846631+00:00,80551.507948362,1114,0,2,1100.0
2026-09-22T09:10:42.846829+00:00,80552.508149603,1114,0,2,1100.0
2026-09-22T09:10:43.847092+00:00,80553.508413291,1114,0,2,1100.0
2026-09-22T09:10:44.847300+00:00,80554.508620405,1114,0,2,1100.0
2026-09-22T09:10:45.847510+00:00,80555.50882783,1114,0,2,1100.0
2026-09-22T09:10:46.847804+00:00,80556.509120743,1114,0,2,1100.0
2026-09-22T09:10:47.848034+00:00,80557.509352459,1114,0,2,1100.0
2026-09-22T09:10:48.848249+00:00,80558.509568213,1114,0,2,1100.0
2026-09-22T09:10:49.848441+00:00,80559.509761712,1114,0,2,1100.0
2026-09-22T09:10:50.848774+00:00,80560.510093877,1114,0,2,1100.0
2026-09-22T09:10:51.848960+00:00,80561.510279572,1114,0,2,1100.0
2026-09-22T09:10:52.849184+00:00,80562.510500972,1114,0,2,1100.0
2026-09-22T09:10:53.849392+00:00,80563.510711862,1114,0,2,1100.0
2026-09-22T09:10:54.849720+00:00,80564.510997714,1116,0,2,1104.0
2026-09-22T09:10:55.849781+00:00,80565.511103551,1118,3,2,1104.0
2026-09-22T09:10:56.849982+00:00,80566.511303865,1118,3,2,1104.0
2026-09-22T09:10:57.850148+00:00,80567.511466228,1118,0,2,1104.0
2026-09-22T09:10:58.850386+00:00,80568.511706856,1118,0,2,1104.0
2026-09-22T09:10:59.850574+00:00,80569.51189439,1118,0,2,1104.0
2026-09-22T09:11:00.850827+00:00,80570.51214815,1118,0,2,1104.0
2026-09-22T09:11:01.851099+00:00,80571.512415588,561,0,1,552.0
2026-09-22T09:11:02.851393+00:00,80572.512709669,561,0,1,552.0
2026-09-22T09:11:03.851601+00:00,80573.512920305,561,0,1,552.0
2026-09-22T09:11:04.851830+00:00,80574.513146964,559,0,0,0
2026-09-22T09:11:05.852036+00:00,80575.513354067,0,0,0,0
2026-09-22T09:11:06.852289+00:00,80576.513611144,0,0,0,0
2026-09-22T09:11:07.852510+00:00,80577.513828464,0,0,0,0
2026-09-22T09:11:08.852779+00:00,80578.514096184,0,0,0,0
2026-09-22T09:11:09.852985+00:00,80579.514303074,0,0,0,0
2026-09-22T09:11:10.853191+00:00,80580.514511452,0,0,0,0
2026-09-22T09:11:11.853383+00:00,80581.514702933,0,0,0,0
2026-09-22T09:11:12.853668+00:00,80582.514986215,0,0,0,0
2026-09-22T09:11:13.853919+00:00,80583.515234486,0,0,0,0
2026-09-22T09:11:14.854174+00:00,80584.515490831,0,0,0,0
2026-09-22T09:11:15.854390+00:00,80585.515707842,0,0,0,0
2026-09-22T09:11:16.854619+00:00,80586.515936489,0,0,0,0
2026-09-22T09:11:17.854840+00:00,80587.516159062,0,0,0,0
2026-09-22T09:11:18.855003+00:00,80588.51632352,0,0,0,0
2026-09-22T09:11:19.855216+00:00,80589.516536343,0,0,0,0
2026-09-22T09:11:20.855436+00:00,80590.516753737,0,0,0,0
2026-09-22T09:11:21.855720+00:00,80591.516997669,0,0,0,0
2026-09-22T09:11:22.855896+00:00,80592.517216138,0,0,0,0
2026-09-22T09:11:23.856112+00:00,80593.517431879,0,0,0,0
2026-09-22T09:11:24.856287+00:00,80594.517608795,0,0,0,0
2026-09-22T09:11:25.856507+00:00,80595.517827747,0,0,0,0
2026-09-22T09:11:26.856746+00:00,80596.518063718,0,0,0,0
2026-09-22T09:11:27.856924+00:00,80597.518243778,0,0,0,0
2026-09-22T09:11:28.857149+00:00,80598.518467491,0,0,0,0
2026-09-22T09:11:29.857361+00:00,80599.518680381,0,0,0,0
2026-09-22T09:11:30.857553+00:00,80600.518873682,0,0,0,0
2026-09-22T09:11:31.857763+00:00,80601.519084301,0,0,0,0
2026-09-22T09:11:32.858004+00:00,80602.519321188,0,0,0,0
2026-09-22T09:11:33.858212+00:00,80603.519531252,0,0,0,0
2026-09-22T09:11:34.858466+00:00,80604.519785787,0,0,0,0
2026-09-22T09:11:35.858666+00:00,80605.519987385,0,0,0,0
2026-09-22T09:11:36.858898+00:00,80606.52021855,0,0,0,0
2026-09-22T09:11:37.859058+00:00,80607.520379726,0,0,0,0
2026-09-22T09:11:38.859256+00:00,80608.520576633,0,0,0,0
2026-09-22T09:11:39.859461+00:00,80609.520781463,0,0,0,0
2026-09-22T09:11:40.859756+00:00,80610.521073871,0,0,0,0
2026-09-22T09:11:41.859957+00:00,80611.521276102,0,0,0,0
2026-09-22T09:11:42.860128+00:00,80612.52144653,0,0,0,0
2026-09-22T09:11:43.860375+00:00,80613.521693141,0,0,0,0
2026-09-22T09:11:44.860599+00:00,80614.521917142,0,0,0,0
2026-09-22T09:11:45.860821+00:00,80615.522140125,0,0,0,0
2026-09-22T09:11:46.861030+00:00,80616.522349667,0,0,0,0
2026-09-22T09:11:47.861231+00:00,80617.522551951,0,0,0,0
2026-09-22T09:11:48.861426+00:00,80618.522747511,0,0,0,0
2026-09-22T09:11:49.861626+00:00,80619.522947855,0,0,0,0
2026-09-22T09:11:50.861906+00:00,80620.523222906,0,0,0,0
2026-09-22T09:11:51.862115+00:00,80621.523435312,0,0,0,0
2026-09-22T09:11:52.862318+00:00,80622.523639072,0,0,0,0
2026-09-22T09:11:53.862522+00:00,80623.523842247,0,0,0,0
2026-09-22T09:11:54.862763+00:00,80624.524084145,0,0,0,0
2026-09-22T09:11:55.862945+00:00,80625.524267026,0,0,0,0
2026-09-22T09:11:56.863144+00:00,80626.524465912,0,0,0,0
2026-09-22T09:11:57.863347+00:00,80627.524667658,0,0,0,0
2026-09-22T09:11:58.863544+00:00,80628.524865177,0,0,0,0
2026-09-22T09:11:59.863860+00:00,80629.525177252,0,0,0,0
2026-09-22T09:12:00.864132+00:00,80630.525447676,0,0,0,0
2026-09-22T09:12:01.864336+00:00,80631.525655021,0,0,0,0
2026-09-22T09:12:02.864577+00:00,80632.525896878,0,0,0,0
2026-09-22T09:12:03.864778+00:00,80633.52609992,0,0,0,0
2026-09-22T09:12:04.865044+00:00,80634.526364372,0,0,0,0
2026-09-22T09:12:05.865275+00:00,80635.526591753,0,0,0,0
2026-09-22T09:12:06.865493+00:00,80636.526809722,0,0,0,0
2026-09-22T09:12:07.865744+00:00,80637.527064775,0,0,0,0
2026-09-22T09:12:08.865961+00:00,80638.527280505,0,0,0,0
2026-09-22T09:12:09.866191+00:00,80639.527511202,0,0,0,0
2026-09-22T09:12:10.866411+00:00,80640.527730747,559,1,1,550.0
2026-09-22T09:12:11.866615+00:00,80641.527934259,559,0,1,550.0
2026-09-22T09:12:12.866828+00:00,80642.528148463,559,0,1,550.0
2026-09-22T09:12:13.867059+00:00,80643.528377011,559,0,1,550.0
2026-09-22T09:12:14.867330+00:00,80644.528646939,559,0,1,550.0
2026-09-22T09:12:15.867579+00:00,80645.528895069,559,0,1,550.0
2026-09-22T09:12:16.867874+00:00,80646.529192364,559,0,1,550.0
2026-09-22T09:12:17.868068+00:00,80647.529386961,559,0,1,550.0
2026-09-22T09:12:18.868271+00:00,80648.529589761,559,0,1,550.0
2026-09-22T09:12:19.868463+00:00,80649.529783261,559,0,1,550.0
2026-09-22T09:12:20.868671+00:00,80650.529990934,559,0,1,550.0
2026-09-22T09:12:21.868870+00:00,80651.530191011,559,0,1,550.0
2026-09-22T09:12:22.869074+00:00,80652.530394826,559,0,1,550.0
2026-09-22T09:12:23.869246+00:00,80653.530566844,559,0,1,550.0
2026-09-22T09:12:24.869433+00:00,80654.530752447,559,0,1,550.0
2026-09-22T09:12:25.869735+00:00,80655.530992332,559,0,1,550.0
2026-09-22T09:12:26.869898+00:00,80656.531215813,559,0,1,550.0
2026-09-22T09:12:27.870085+00:00,80657.531403307,559,0,1,550.0
2026-09-22T09:12:28.870273+00:00,80658.531592101,559,0,1,550.0
2026-09-22T09:12:29.870482+00:00,80659.531802303,559,0,1,550.0
2026-09-22T09:12:30.870750+00:00,80660.532069563,559,0,1,550.0
2026-09-22T09:12:31.870947+00:00,80661.532266561,559,0,1,550.0
2026-09-22T09:12:32.871164+00:00,80662.532484111,559,0,1,550.0
2026-09-22T09:12:33.871558+00:00,80663.532874427,559,0,1,550.0
2026-09-22T09:12:34.871868+00:00,80664.533184522,559,0,2,564.0
2026-09-22T09:12:35.872193+00:00,80665.533508958,1114,0,2,1100.0
2026-09-22T09:12:36.872385+00:00,80666.533705866,1114,0,2,1100.0
2026-09-22T09:12:37.872588+00:00,80667.533908869,1114,0,2,1100.0
2026-09-22T09:12:38.872823+00:00,80668.534143966,1114,0,2,1100.0
2026-09-22T09:12:39.873103+00:00,80669.534418205,1114,0,2,1100.0
2026-09-22T09:12:40.873353+00:00,80670.534670226,1114,0,2,1100.0
2026-09-22T09:12:41.873575+00:00,80671.534893859,1114,0,2,1100.0
2026-09-22T09:12:42.873850+00:00,80672.535168344,1114,0,2,1100.0
2026-09-22T09:12:43.874051+00:00,80673.535371282,1114,0,2,1100.0
2026-09-22T09:12:44.874251+00:00,80674.535568897,1114,0,2,1100.0
2026-09-22T09:12:45.874419+00:00,80675.53574048,1114,0,2,1100.0
2026-09-22T09:12:46.874640+00:00,80676.535958449,1114,0,2,1100.0
2026-09-22T09:12:47.874926+00:00,80677.53624492,1114,0,2,1100.0
2026-09-22T09:12:48.875174+00:00,80678.536490965,1114,0,2,1100.0
2026-09-22T09:12:49.875371+00:00,80679.53669232,1114,0,2,1100.0
2026-09-22T09:12:50.875612+00:00,80680.536931193,1114,0,2,1100.0
2026-09-22T09:12:51.875863+00:00,80681.537181341,1114,0,2,1100.0
2026-09-22T09:12:52.876068+00:00,80682.537387711,1114,0,2,1100.0
2026-09-22T09:12:53.876295+00:00,80683.537614616,1114,0,2,1100.0
2026-09-22T09:12:54.876508+00:00,80684.537828533,1114,0,2,1100.0
2026-09-22T09:12:55.876782+00:00,80685.538099341,1114,0,2,1100.0
2026-09-22T09:12:56.876995+00:00,80686.538315035,1114,0,2,1100.0
2026-09-22T09:12:57.877220+00:00,80687.538538972,1114,0,2,1100.0
2026-09-22T09:12:58.877471+00:00,80688.538787713,1114,0,2,1100.0
2026-09-22T09:12:59.877731+00:00,80689.538993122,1114,0,2,1100.0
2026-09-22T09:13:00.877916+00:00,80690.539232687,1114,0,2,1100.0
2026-09-22T09:13:01.878194+00:00,80691.539511568,1114,0,2,1100.0
2026-09-22T09:13:02.878356+00:00,80692.539678719,1116,0,2,1102.0
2026-09-22T09:13:03.878502+00:00,80693.539825104,1116,0,2,1104.0
2026-09-22T09:13:04.878800+00:00,80694.540120512,1118,3,2,1104.0
2026-09-22T09:13:05.879033+00:00,80695.540353317,1118,3,2,1104.0
2026-09-22T09:13:06.879264+00:00,80696.540580942,1118,3,2,1104.0
2026-09-22T09:13:07.879426+00:00,80697.540746375,1118,3,2,1104.0
2026-09-22T09:13:08.879607+00:00,80698.540926951,1118,3,2,1104.0
2026-09-22T09:13:09.879954+00:00,80699.541270717,1118,0,2,1104.0
2026-09-22T09:13:10.880161+00:00,80700.541480856,1118,0,2,1104.0
2026-09-22T09:13:11.880356+00:00,80701.541675177,1118,0,2,1104.0
2026-09-22T09:13:12.880579+00:00,80702.541898857,1118,0,2,1104.0
2026-09-22T09:13:13.880862+00:00,80703.542178959,561,0,1,552.0
2026-09-22T09:13:14.881070+00:00,80704.542390147,0,0,0,0
2026-09-22T09:13:15.881287+00:00,80705.542607782,0,0,0,0
2026-09-22T09:13:16.881496+00:00,80706.542814887,0,0,0,0
2026-09-22T09:13:17.881738+00:00,80707.543057542,0,0,0,0
2026-09-22T09:13:18.881909+00:00,80708.543229072,0,0,0,0
2026-09-22T09:13:19.882114+00:00,80709.543433042,0,0,0,0
2026-09-22T09:13:20.882322+00:00,80710.543640041,0,0,0,0
2026-09-22T09:13:21.882578+00:00,80711.54389509,0,0,0,0
2026-09-22T09:13:22.882854+00:00,80712.544173101,0,0,0,0
2026-09-22T09:13:23.883120+00:00,80713.544435014,0,0,0,0
2026-09-22T09:13:24.883347+00:00,80714.544663964,0,0,0,0
2026-09-22T09:13:25.883599+00:00,80715.544915848,0,0,0,0
2026-09-22T09:13:26.883853+00:00,80716.545169281,0,0,0,0
2026-09-22T09:13:27.884101+00:00,80717.545418073,0,0,0,0
2026-09-22T09:13:28.884383+00:00,80718.5456988,0,0,0,0
2026-09-22T09:13:29.884599+00:00,80719.545916649,0,0,0,0
2026-09-22T09:13:30.884821+00:00,80720.546140948,0,0,0,0
2026-09-22T09:13:31.885097+00:00,80721.546416687,0,0,0,0
2026-09-22T09:13:32.885298+00:00,80722.546617782,0,0,0,0
2026-09-22T09:13:33.885588+00:00,80723.546907538,0,0,0,0
2026-09-22T09:13:34.885825+00:00,80724.547145911,0,0,0,0
2026-09-22T09:13:35.886015+00:00,80725.547336436,0,0,0,0
2026-09-22T09:13:36.886179+00:00,80726.547500443,0,0,0,0
2026-09-22T09:13:37.886379+00:00,80727.547699901,0,0,0,0
2026-09-22T09:13:38.886572+00:00,80728.547889911,0,0,0,0
2026-09-22T09:13:39.886801+00:00,80729.548119222,0,0,0,0
2026-09-22T09:13:40.887029+00:00,80730.548347653,0,0,0,0
2026-09-22T09:13:41.887231+00:00,80731.548552327,0,0,0,0
2026-09-22T09:13:42.887467+00:00,80732.548785105,0,0,0,0
2026-09-22T09:13:43.887749+00:00,80733.549067311,0,0,0,0
2026-09-22T09:13:44.888022+00:00,80734.549341408,0,0,0,0
2026-09-22T09:13:45.888238+00:00,80735.549559181,0,0,0,0
2026-09-22T09:13:46.888441+00:00,80736.549762299,0,0,0,0
2026-09-22T09:13:47.888745+00:00,80737.550061611,0,0,0,0
2026-09-22T09:13:48.888931+00:00,80738.550252517,0,0,0,0
2026-09-22T09:13:49.889140+00:00,80739.550461926,0,0,0,0
2026-09-22T09:13:50.889317+00:00,80740.550637917,0,0,0,0
2026-09-22T09:13:51.889541+00:00,80741.550860054,0,0,0,0
2026-09-22T09:13:52.889772+00:00,80742.551093335,0,0,0,0
2026-09-22T09:13:53.889950+00:00,80743.551270177,0,0,0,0
2026-09-22T09:13:54.890133+00:00,80744.551454327,0,0,0,0
2026-09-22T09:13:55.890329+00:00,80745.551647517,0,0,0,0
2026-09-22T09:13:56.890595+00:00,80746.551911989,0,0,0,0
2026-09-22T09:13:57.890835+00:00,80747.552152958,0,0,0,0
2026-09-22T09:13:58.891042+00:00,80748.552362872,0,0,0,0
2026-09-22T09:13:59.891257+00:00,80749.552576621,0,0,0,0
2026-09-22T09:14:00.891468+00:00,80750.55278833,0,0,0,0
2026-09-22T09:14:01.891727+00:00,80751.553045531,0,0,0,0
2026-09-22T09:14:02.891982+00:00,80752.553301804,0,0,0,0
2026-09-22T09:14:03.892197+00:00,80753.553516402,0,0,0,0
2026-09-22T09:14:04.892657+00:00,80754.553976197,0,0,0,0
2026-09-22T09:14:05.892911+00:00,80755.554230118,0,0,0,0
2026-09-22T09:14:06.893124+00:00,80756.554442519,0,0,0,0
2026-09-22T09:14:07.893375+00:00,80757.554694809,0,0,0,0
2026-09-22T09:14:08.893587+00:00,80758.554905979,0,0,0,0
2026-09-22T09:14:09.893817+00:00,80759.555136121,0,0,0,0
2026-09-22T09:14:10.894055+00:00,80760.555373063,0,0,0,0
2026-09-22T09:14:11.894300+00:00,80761.55561631,0,0,0,0
2026-09-22T09:14:12.894552+00:00,80762.555870802,0,0,0,0
2026-09-22T09:14:13.894857+00:00,80763.556176681,0,0,0,0
2026-09-22T09:14:14.895053+00:00,80764.556369883,0,0,0,0
2026-09-22T09:14:15.895315+00:00,80765.556632235,559,2,1,550.0
2026-09-22T09:14:16.895515+00:00,80766.556835054,559,0,1,550.0
2026-09-22T09:14:17.895751+00:00,80767.557068494,559,0,1,550.0
2026-09-22T09:14:18.895950+00:00,80768.557268922,559,0,1,550.0
2026-09-22T09:14:19.896226+00:00,80769.557543036,559,0,1,550.0
2026-09-22T09:14:20.896477+00:00,80770.557793353,559,0,1,550.0
2026-09-22T09:14:21.896736+00:00,80771.558055741,559,0,1,550.0
2026-09-22T09:14:22.896938+00:00,80772.558258175,559,0,1,550.0
2026-09-22T09:14:23.897208+00:00,80773.558529679,559,0,1,550.0
2026-09-22T09:14:24.897498+00:00,80774.558818258,559,0,1,550.0
2026-09-22T09:14:25.897801+00:00,80775.559121846,559,0,1,550.0
2026-09-22T09:14:26.897956+00:00,80776.559278161,559,0,1,550.0
2026-09-22T09:14:27.898154+00:00,80777.559474606,559,0,1,550.0
2026-09-22T09:14:28.898366+00:00,80778.559686862,559,0,1,550.0
2026-09-22T09:14:29.898638+00:00,80779.559954391,559,0,1,550.0
2026-09-22T09:14:30.898847+00:00,80780.56016711,559,0,1,550.0
2026-09-22T09:14:31.899041+00:00,80781.560362758,559,0,1,550.0
2026-09-22T09:14:32.899210+00:00,80782.56053113,559,0,1,550.0
2026-09-22T09:14:33.899419+00:00,80783.560739084,559,0,1,550.0
2026-09-22T09:14:34.899656+00:00,80784.560973347,559,0,1,550.0
2026-09-22T09:14:35.899840+00:00,80785.561156944,559,0,1,550.0
2026-09-22T09:14:36.900050+00:00,80786.561370097,559,0,1,550.0
2026-09-22T09:14:37.900320+00:00,80787.561637481,559,0,1,550.0
2026-09-22T09:14:38.900457+00:00,80788.561779162,559,0,1,550.0
2026-09-22T09:14:39.900778+00:00,80789.562094043,594,0,1,550.0
2026-09-22T09:14:40.900976+00:00,80790.562292673,1114,0,2,1100.0
2026-09-22T09:14:41.901179+00:00,80791.562499623,1114,0,2,1100.0
2026-09-22T09:14:42.901481+00:00,80792.56280189,1114,0,2,1100.0
2026-09-22T09:14:43.901650+00:00,80793.562972524,1114,0,2,1100.0
2026-09-22T09:14:44.901888+00:00,80794.563203679,1114,0,2,1100.0
2026-09-22T09:14:45.902099+00:00,80795.563418623,1114,0,2,1100.0
2026-09-22T09:14:46.902340+00:00,80796.563661064,1114,0,2,1100.0
2026-09-22T09:14:47.902536+00:00,80797.56385756,1114,0,2,1100.0
2026-09-22T09:14:48.902778+00:00,80798.564098502,1114,0,2,1100.0
2026-09-22T09:14:49.903068+00:00,80799.564385851,1114,0,2,1100.0
2026-09-22T09:14:50.903294+00:00,80800.564611206,1114,0,2,1100.0
2026-09-22T09:14:51.903503+00:00,80801.564823395,1114,0,2,1100.0
2026-09-22T09:14:52.903811+00:00,80802.565130862,1114,0,2,1100.0
2026-09-22T09:14:53.904040+00:00,80803.565358574,1114,0,2,1100.0
2026-09-22T09:14:54.904251+00:00,80804.565570387,1114,0,2,1100.0
2026-09-22T09:14:55.904484+00:00,80805.56580132,1114,0,2,1100.0
2026-09-22T09:14:56.904737+00:00,80806.566056881,1114,0,2,1100.0
2026-09-22T09:14:57.904948+00:00,80807.566268278,1114,0,2,1100.0
2026-09-22T09:14:58.905130+00:00,80808.566448717,1114,0,2,1100.0
2026-09-22T09:14:59.905338+00:00,80809.56665795,1114,0,2,1100.0
2026-09-22T09:15:00.905537+00:00,80810.56685694,1114,0,2,1100.0
2026-09-22T09:15:01.905793+00:00,80811.567112101,1114,0,2,1100.0
2026-09-22T09:15:02.905999+00:00,80812.567318733,1114,0,2,1100.0
2026-09-22T09:15:03.906320+00:00,80813.567639651,1114,0,2,1100.0
2026-09-22T09:15:04.906565+00:00,80814.567884945,1114,0,2,1100.0
2026-09-22T09:15:05.906812+00:00,80815.568129766,1114,0,2,1100.0
2026-09-22T09:15:06.907066+00:00,80816.568386129,1114,0,2,1100.0
2026-09-22T09:15:07.907325+00:00,80817.568645083,1114,0,2,1100.0
2026-09-22T09:15:08.907720+00:00,80818.568993742,1118,0,2,1104.0
2026-09-22T09:15:09.907938+00:00,80819.569253326,1118,3,2,1104.0
2026-09-22T09:15:10.908175+00:00,80820.569492071,1118,3,2,1104.0
2026-09-22T09:15:11.908427+00:00,80821.569745724,1118,4,2,1104.0
2026-09-22T09:15:12.908761+00:00,80822.570079246,1118,3,2,1104.0
2026-09-22T09:15:13.908936+00:00,80823.570256356,1118,3,1,552.0
2026-09-22T09:15:14.909169+00:00,80824.570486254,561,0,1,552.0
2026-09-22T09:15:15.909409+00:00,80825.57072663,561,0,1,552.0
2026-09-22T09:15:16.909605+00:00,80826.570924828,561,0,1,552.0
2026-09-22T09:15:17.909797+00:00,80827.571117954,561,0,1,552.0
2026-09-22T09:15:18.909972+00:00,80828.571292484,0,0,0,0
2026-09-22T09:15:19.910218+00:00,80829.571535226,0,0,0,0
2026-09-22T09:15:20.910469+00:00,80830.571786187,0,0,0,0
2026-09-22T09:15:21.910762+00:00,80831.572078746,0,0,0,0
2026-09-22T09:15:22.911051+00:00,80832.572369677,0,0,0,0
2026-09-22T09:15:23.911412+00:00,80833.572728775,0,0,0,0
2026-09-22T09:15:24.911628+00:00,80834.572945469,0,0,0,0
2026-09-22T09:15:25.911848+00:00,80835.57316573,0,0,0,0
2026-09-22T09:15:26.912167+00:00,80836.573485339,0,0,0,0
2026-09-22T09:15:27.912333+00:00,80837.573653984,0,0,0,0
2026-09-22T09:15:28.912563+00:00,80838.573880208,0,0,0,0
2026-09-22T09:15:29.912755+00:00,80839.574076224,0,0,0,0
2026-09-22T09:15:30.912953+00:00,80840.574272699,0,0,0,0
2026-09-22T09:15:31.913156+00:00,80841.574476016,0,0,0,0
2026-09-22T09:15:32.913483+00:00,80842.574803691,0,0,0,0
2026-09-22T09:15:33.913814+00:00,80843.575129844,0,0,0,0
2026-09-22T09:15:34.914062+00:00,80844.575378404,0,0,0,0
2026-09-22T09:15:35.914287+00:00,80845.575604821,0,0,0,0
2026-09-22T09:15:36.914527+00:00,80846.575844872,0,0,0,0
2026-09-22T09:15:37.914774+00:00,80847.576093664,0,0,0,0
2026-09-22T09:15:38.914956+00:00,80848.576275387,0,0,0,0
2026-09-22T09:15:39.915181+00:00,80849.576501787,0,0,0,0
2026-09-22T09:15:40.915414+00:00,80850.57673156,0,0,0,0
2026-09-22T09:15:41.915617+00:00,80851.576936864,0,0,0,0
2026-09-22T09:15:42.915836+00:00,80852.577155932,0,0,0,0
2026-09-22T09:15:43.916034+00:00,80853.577355338,0,0,0,0
2026-09-22T09:15:44.916247+00:00,80854.577568331,0,0,0,0
2026-09-22T09:15:45.916458+00:00,80855.577778404,0,0,0,0
2026-09-22T09:15:46.916660+00:00,80856.577981064,0,0,0,0
2026-09-22T09:15:47.916857+00:00,80857.578177847,0,0,0,0
2026-09-22T09:15:48.917056+00:00,80858.578376762,0,0,0,0
2026-09-22T09:15:49.917266+00:00,80859.578584959,0,0,0,0
2026-09-22T09:15:50.917501+00:00,80860.578817682,0,0,0,0
2026-09-22T09:15:51.917865+00:00,80861.579178694,0,0,0,0
2026-09-22T09:15:52.918068+00:00,80862.579387947,0,0,0,0
2026-09-22T09:15:53.918272+00:00,80863.579592802,0,0,0,0
2026-09-22T09:15:54.918477+00:00,80864.579797483,0,0,0,0
2026-09-22T09:15:55.918779+00:00,80865.580097934,0,0,0,0
2026-09-22T09:15:56.918986+00:00,80866.580307476,0,0,0,0
2026-09-22T09:15:57.919188+00:00,80867.580508637,0,0,0,0
2026-09-22T09:15:58.919383+00:00,80868.580704222,0,0,0,0
2026-09-22T09:15:59.919600+00:00,80869.580921125,0,0,0,0
2026-09-22T09:16:00.919823+00:00,80870.581142655,0,0,0,0
2026-09-22T09:16:01.920007+00:00,80871.581326496,0,0,0,0
2026-09-22T09:16:02.920217+00:00,80872.581535453,0,0,0,0
2026-09-22T09:16:03.920481+00:00,80873.581797723,0,0,0,0
2026-09-22T09:16:04.920738+00:00,80874.582056383,0,0,0,0
2026-09-22T09:16:05.920938+00:00,80875.582256657,0,0,0,0
2026-09-22T09:16:06.921135+00:00,80876.582453682,0,0,0,0
2026-09-22T09:16:07.921338+00:00,80877.582658253,0,0,0,0
2026-09-22T09:16:08.921567+00:00,80878.582888282,0,0,0,0
2026-09-22T09:16:09.921833+00:00,80879.583151986,0,0,0,0
2026-09-22T09:16:10.922058+00:00,80880.583375384,0,0,0,0
2026-09-22T09:16:11.922292+00:00,80881.583611255,0,0,0,0
2026-09-22T09:16:12.922525+00:00,80882.583843377,0,0,0,0
2026-09-22T09:16:13.922782+00:00,80883.584100712,0,0,0,0
2026-09-22T09:16:14.923032+00:00,80884.584349735,0,0,0,0
2026-09-22T09:16:15.923245+00:00,80885.584563064,0,0,0,0
2026-09-22T09:16:16.923471+00:00,80886.584790253,0,0,0,0
2026-09-22T09:16:17.923728+00:00,80887.584993302,0,0,0,0
2026-09-22T09:16:18.923890+00:00,80888.58521048,0,0,0,0
2026-09-22T09:16:19.924126+00:00,80889.585444005,0,0,0,0
2026-09-22T09:16:20.924328+00:00,80890.585645891,559,3,1,550.0
2026-09-22T09:16:21.924604+00:00,80891.585920887,559,0,1,550.0
2026-09-22T09:16:22.924865+00:00,80892.586181525,559,0,1,550.0
2026-09-22T09:16:23.925104+00:00,80893.586421982,559,0,1,550.0
2026-09-22T09:16:24.925441+00:00,80894.586758896,559,0,1,550.0
2026-09-22T09:16:25.925800+00:00,80895.5871175,559,0,1,550.0
2026-09-22T09:16:26.926135+00:00,80896.587454959,559,0,1,550.0
2026-09-22T09:16:27.926353+00:00,80897.587671711,559,0,1,550.0
2026-09-22T09:16:28.926558+00:00,80898.587876442,559,0,1,550.0
2026-09-22T09:16:29.926810+00:00,80899.588130338,559,0,1,550.0
2026-09-22T09:16:30.927037+00:00,80900.588355146,559,0,1,550.0
2026-09-22T09:16:31.927268+00:00,80901.588587325,559,0,1,550.0
2026-09-22T09:16:32.927490+00:00,80902.588810202,559,0,1,550.0
2026-09-22T09:16:33.927853+00:00,80903.5891694,559,0,1,550.0
2026-09-22T09:16:34.928134+00:00,80904.58945396,559,0,1,550.0
2026-09-22T09:16:35.928342+00:00,80905.58966156,559,0,1,550.0
2026-09-22T09:16:36.928564+00:00,80906.589881389,559,0,1,550.0
2026-09-22T09:16:37.928833+00:00,80907.590152477,559,0,1,550.0
2026-09-22T09:16:38.929137+00:00,80908.590453663,559,0,1,550.0
2026-09-22T09:16:39.929360+00:00,80909.590676919,559,0,1,550.0
2026-09-22T09:16:40.929628+00:00,80910.59094411,559,0,1,550.0
2026-09-22T09:16:41.929972+00:00,80911.591291362,559,0,1,550.0
2026-09-22T09:16:42.930219+00:00,80912.591535387,559,0,1,550.0
2026-09-22T09:16:43.930455+00:00,80913.591771939,559,0,1,550.0
2026-09-22T09:16:44.930768+00:00,80914.592085327,559,0,1,550.0
2026-09-22T09:16:45.931017+00:00,80915.592337296,1114,0,2,1100.0
2026-09-22T09:16:46.931221+00:00,80916.59254181,1114,0,2,1100.0
2026-09-22T09:16:47.931429+00:00,80917.592748923,1114,0,2,1100.0
2026-09-22T09:16:48.931616+00:00,80918.592937617,1114,0,2,1100.0
2026-09-22T09:16:49.931821+00:00,80919.593141155,1114,0,2,1100.0
2026-09-22T09:16:50.932042+00:00,80920.593362108,1114,0,2,1100.0
2026-09-22T09:16:51.932244+00:00,80921.593563958,1114,0,2,1100.0
2026-09-22T09:16:52.932459+00:00,80922.593777559,1114,0,2,1100.0
2026-09-22T09:16:53.932635+00:00,80923.593955425,1114,0,2,1100.0
2026-09-22T09:16:54.932811+00:00,80924.594131392,1114,0,2,1100.0
2026-09-22T09:16:55.933021+00:00,80925.594341638,1114,0,2,1100.0
2026-09-22T09:16:56.933207+00:00,80926.594526501,1114,0,2,1100.0
2026-09-22T09:16:57.933396+00:00,80927.594716558,1114,0,2,1100.0
2026-09-22T09:16:58.933580+00:00,80928.594899468,1114,0,2,1100.0
2026-09-22T09:16:59.933805+00:00,80929.595124469,1114,0,2,1100.0
2026-09-22T09:17:00.934010+00:00,80930.595329769,1114,0,2,1100.0
2026-09-22T09:17:01.934195+00:00,80931.595516969,1114,0,2,1100.0
2026-09-22T09:17:02.934386+00:00,80932.595706424,1114,0,2,1100.0
2026-09-22T09:17:03.934582+00:00,80933.595903229,1114,0,2,1100.0
2026-09-22T09:17:04.934853+00:00,80934.596172053,1114,0,2,1100.0
2026-09-22T09:17:05.935087+00:00,80935.596406255,1114,0,2,1100.0
2026-09-22T09:17:06.935322+00:00,80936.596638755,1114,0,2,1100.0
2026-09-22T09:17:07.935518+00:00,80937.596837913,1114,0,2,1100.0
2026-09-22T09:17:08.935831+00:00,80938.597148516,1114,0,2,1100.0
2026-09-22T09:17:09.936090+00:00,80939.59740762,1114,0,2,1100.0
2026-09-22T09:17:10.936312+00:00,80940.597629228,1114,0,2,1100.0
2026-09-22T09:17:11.936508+00:00,80941.59782799,1114,0,2,1100.0
2026-09-22T09:17:12.936870+00:00,80942.598187136,1114,0,2,1100.0
2026-09-22T09:17:13.937132+00:00,80943.598448366,1116,0,2,1102.0
2026-09-22T09:17:14.937370+00:00,80944.598691344,1118,3,2,1104.0
2026-09-22T09:17:15.937608+00:00,80945.598925552,1118,4,2,1104.0
2026-09-22T09:17:16.937831+00:00,80946.599148331,1118,4,2,1104.0
2026-09-22T09:17:17.938018+00:00,80947.59933796,1118,3,2,1104.0
2026-09-22T09:17:18.938222+00:00,80948.599540998,1118,3,2,1104.0
2026-09-22T09:17:19.938435+00:00,80949.599754507,561,0,1,552.0
2026-09-22T09:17:20.938624+00:00,80950.599943185,561,0,1,552.0
2026-09-22T09:17:21.938877+00:00,80951.600193344,561,0,1,552.0
2026-09-22T09:17:22.939089+00:00,80952.600408105,561,0,1,552.0
2026-09-22T09:17:23.939289+00:00,80953.600606874,0,0,0,0
2026-09-22T09:17:24.939528+00:00,80954.600845093,0,0,0,0
2026-09-22T09:17:25.939818+00:00,80955.601134416,0,0,0,0
2026-09-22T09:17:26.940043+00:00,80956.601361373,0,0,0,0
2026-09-22T09:17:27.940243+00:00,80957.601563622,0,0,0,0
2026-09-22T09:17:28.940671+00:00,80958.601990627,0,0,0,0
2026-09-22T09:17:29.940951+00:00,80959.602267384,0,0,0,0
2026-09-22T09:17:30.941166+00:00,80960.602484692,0,0,0,0
2026-09-22T09:17:31.941362+00:00,80961.602682198,0,0,0,0
2026-09-22T09:17:32.941577+00:00,80962.60289663,0,0,0,0
2026-09-22T09:17:33.941845+00:00,80963.603164528,0,0,0,0
2026-09-22T09:17:34.942072+00:00,80964.603389991,0,0,0,0
2026-09-22T09:17:35.942287+00:00,80965.603604939,0,0,0,0
2026-09-22T09:17:36.942554+00:00,80966.603869692,0,0,0,0
2026-09-22T09:17:37.942871+00:00,80967.604186652,0,0,0,0
2026-09-22T09:17:38.943154+00:00,80968.604471924,0,0,0,0
2026-09-22T09:17:39.943414+00:00,80969.604730822,0,0,0,0
2026-09-22T09:17:40.943663+00:00,80970.604979861,0,0,0,0
2026-09-22T09:17:41.943905+00:00,80971.605221589,0,0,0,0
2026-09-22T09:17:42.944157+00:00,80972.605474598,0,0,0,0
2026-09-22T09:17:43.944367+00:00,80973.605686191,0,0,0,0
2026-09-22T09:17:44.944531+00:00,80974.605852449,0,0,0,0
2026-09-22T09:17:45.944793+00:00,80975.606113875,0,0,0,0
2026-09-22T09:17:46.945074+00:00,80976.606395647,0,0,0,0
2026-09-22T09:17:47.945302+00:00,80977.60662378,0,0,0,0
2026-09-22T09:17:48.945546+00:00,80978.606864395,0,0,0,0
2026-09-22T09:17:49.945791+00:00,80979.607111559,0,0,0,0
2026-09-22T09:17:50.946010+00:00,80980.607331629,0,0,0,0
2026-09-22T09:17:51.946210+00:00,80981.607531512,0,0,0,0
2026-09-22T09:17:52.946412+00:00,80982.607732157,0,0,0,0
2026-09-22T09:17:53.946582+00:00,80983.607902469,0,0,0,0
2026-09-22T09:17:54.946769+00:00,80984.608090313,0,0,0,0
2026-09-22T09:17:55.946934+00:00,80985.60825501,0,0,0,0
2026-09-22T09:17:56.947139+00:00,80986.608460519,0,0,0,0
2026-09-22T09:17:57.947339+00:00,80987.60866096,0,0,0,0
2026-09-22T09:17:58.947539+00:00,80988.608859473,0,0,0,0
2026-09-22T09:17:59.947780+00:00,80989.609101117,0,0,0,0
2026-09-22T09:18:00.947995+00:00,80990.609313064,0,0,0,0
2026-09-22T09:18:01.948191+00:00,80991.609512393,0,0,0,0
2026-09-22T09:18:02.948389+00:00,80992.609710311,0,0,0,0
2026-09-22T09:18:03.948551+00:00,80993.609872229,0,0,0,0
2026-09-22T09:18:04.948855+00:00,80994.610174151,0,0,0,0
2026-09-22T09:18:05.949084+00:00,80995.610403183,0,0,0,0
2026-09-22T09:18:06.949309+00:00,80996.610628802,0,0,0,0
2026-09-22T09:18:07.949511+00:00,80997.610832221,0,0,0,0
2026-09-22T09:18:08.949778+00:00,80998.611097972,0,0,0,0
2026-09-22T09:18:09.950002+00:00,80999.611319757,0,0,0,0
2026-09-22T09:18:10.950242+00:00,81000.611559075,0,0,0,0
2026-09-22T09:18:11.950443+00:00,81001.611762966,0,0,0,0
2026-09-22T09:18:12.950742+00:00,81002.61206187,0,0,0,0
2026-09-22T09:18:13.950962+00:00,81003.612282548,0,0,0,0
2026-09-22T09:18:14.951121+00:00,81004.612442222,0,0,0,0
2026-09-22T09:18:15.951377+00:00,81005.612693324,0,0,0,0
2026-09-22T09:18:16.951620+00:00,81006.612936319,0,0,0,0
2026-09-22T09:18:17.951846+00:00,81007.613164962,0,0,0,0
2026-09-22T09:18:18.952037+00:00,81008.613357801,0,0,0,0
2026-09-22T09:18:19.952260+00:00,81009.613580188,0,0,0,0
2026-09-22T09:18:20.952503+00:00,81010.613822212,0,0,0,0
2026-09-22T09:18:21.952793+00:00,81011.614110979,0,0,0,0
2026-09-22T09:18:22.953066+00:00,81012.614382572,0,0,0,0
2026-09-22T09:18:23.953300+00:00,81013.614617295,0,0,0,0
2026-09-22T09:18:24.953657+00:00,81014.614972795,0,0,0,0
2026-09-22T09:18:25.953958+00:00,81015.61527453,467,0,0,0
2026-09-22T09:18:26.954188+00:00,81016.615506606,559,0,1,550.0
2026-09-22T09:18:27.954415+00:00,81017.615736008,559,0,1,550.0
2026-09-22T09:18:28.954637+00:00,81018.615956131,559,0,1,550.0
2026-09-22T09:18:29.954901+00:00,81019.616217559,559,0,1,550.0
2026-09-22T09:18:30.955121+00:00,81020.616437342,559,0,1,550.0
2026-09-22T09:18:31.955319+00:00,81021.616639364,559,0,1,550.0
2026-09-22T09:18:32.955506+00:00,81022.616826364,559,0,1,550.0
2026-09-22T09:18:33.955859+00:00,81023.617176715,559,0,1,550.0
2026-09-22T09:18:34.956060+00:00,81024.617380791,559,0,1,550.0
2026-09-22T09:18:35.956298+00:00,81025.617615895,559,0,1,550.0
2026-09-22T09:18:36.956529+00:00,81026.617848187,559,0,1,550.0
2026-09-22T09:18:37.956814+00:00,81027.618133394,559,0,1,550.0
2026-09-22T09:18:38.957061+00:00,81028.618380682,559,0,1,550.0
2026-09-22T09:18:39.957297+00:00,81029.618615004,559,0,1,550.0
2026-09-22T09:18:40.957522+00:00,81030.61884176,559,0,1,550.0
2026-09-22T09:18:41.957748+00:00,81031.619067167,559,0,1,550.0
2026-09-22T09:18:42.957962+00:00,81032.619282379,559,0,1,550.0
2026-09-22T09:18:43.958182+00:00,81033.619499718,559,0,1,550.0
2026-09-22T09:18:44.958384+00:00,81034.619701864,559,0,1,550.0
2026-09-22T09:18:45.958609+00:00,81035.619926617,559,0,1,550.0
2026-09-22T09:18:46.958865+00:00,81036.620183941,559,0,1,550.0
2026-09-22T09:18:47.959143+00:00,81037.620463448,559,0,1,550.0
2026-09-22T09:18:48.959320+00:00,81038.620640318,559,0,1,550.0
2026-09-22T09:18:49.959553+00:00,81039.62086245,559,0,1,550.0
2026-09-22T09:18:50.959815+00:00,81040.621134465,1114,1,2,1100.0
2026-09-22T09:18:51.960027+00:00,81041.621346618,1114,0,2,1100.0
2026-09-22T09:18:52.960236+00:00,81042.621556026,1114,0,2,1100.0
2026-09-22T09:18:53.960527+00:00,81043.621843187,1114,0,2,1100.0
2026-09-22T09:18:54.960807+00:00,81044.622126945,1114,0,2,1100.0
2026-09-22T09:18:55.961033+00:00,81045.622352281,1114,0,2,1100.0
2026-09-22T09:18:56.961222+00:00,81046.622540466,1114,0,2,1100.0
2026-09-22T09:18:57.961428+00:00,81047.622748033,1114,0,2,1100.0
2026-09-22T09:18:58.961626+00:00,81048.622944724,1114,0,2,1100.0
2026-09-22T09:18:59.961884+00:00,81049.623203523,1114,0,2,1100.0
2026-09-22T09:19:00.962119+00:00,81050.623438179,1114,0,2,1100.0
2026-09-22T09:19:01.962322+00:00,81051.623643134,1114,0,2,1100.0
2026-09-22T09:19:02.962487+00:00,81052.62380705,1114,0,2,1100.0
2026-09-22T09:19:03.962796+00:00,81053.624112689,1114,0,2,1100.0
2026-09-22T09:19:04.963110+00:00,81054.624429051,1114,0,2,1100.0
2026-09-22T09:19:05.963335+00:00,81055.624653512,1114,0,2,1100.0
2026-09-22T09:19:06.963576+00:00,81056.6248967,1114,0,2,1100.0
2026-09-22T09:19:07.963842+00:00,81057.625162072,1114,0,2,1100.0
2026-09-22T09:19:08.964077+00:00,81058.625396936,1114,0,2,1100.0
2026-09-22T09:19:09.964300+00:00,81059.625619192,1114,0,2,1100.0
2026-09-22T09:19:10.964539+00:00,81060.625858348,1114,0,2,1100.0
2026-09-22T09:19:11.964787+00:00,81061.626105226,1114,0,2,1100.0
2026-09-22T09:19:12.964989+00:00,81062.626308613,1114,0,2,1100.0
2026-09-22T09:19:13.965183+00:00,81063.626502077,1114,0,2,1100.0
2026-09-22T09:19:14.965394+00:00,81064.626713567,1114,0,2,1100.0
2026-09-22T09:19:15.965610+00:00,81065.626929399,1114,0,2,1100.0
2026-09-22T09:19:16.965822+00:00,81066.627141996,1114,0,2,1100.0
2026-09-22T09:19:17.965998+00:00,81067.627318013,1114,0,2,1100.0
2026-09-22T09:19:18.966300+00:00,81068.627617716,1114,0,2,1100.0
2026-09-22T09:19:19.966497+00:00,81069.627815431,1114,0,2,1100.0
2026-09-22T09:19:20.966744+00:00,81070.628062678,1116,0,2,1104.0
2026-09-22T09:19:21.966977+00:00,81071.628296911,1118,3,2,1104.0
2026-09-22T09:19:22.967198+00:00,81072.628514729,1118,3,2,1104.0
2026-09-22T09:19:23.967396+00:00,81073.628715928,1118,3,2,1104.0
2026-09-22T09:19:24.967754+00:00,81074.629071276,1118,4,2,1104.0
2026-09-22T09:19:25.968004+00:00,81075.629321727,561,0,1,552.0
2026-09-22T09:19:26.968212+00:00,81076.629531069,561,0,1,552.0
2026-09-22T09:19:27.968420+00:00,81077.629738799,561,0,1,552.0
2026-09-22T09:19:28.968616+00:00,81078.629936654,561,0,1,552.0
2026-09-22T09:19:29.968822+00:00,81079.630143535,561,0,1,552.0
2026-09-22T09:19:30.969025+00:00,81080.630347149,0,0,0,0
2026-09-22T09:19:31.969245+00:00,81081.630564284,0,0,0,0
2026-09-22T09:19:32.969465+00:00,81082.630783837,0,0,0,0
2026-09-22T09:19:33.969669+00:00,81083.630988381,0,0,0,0
2026-09-22T09:19:34.969921+00:00,81084.631240337,0,0,0,0
2026-09-22T09:19:35.970157+00:00,81085.631473275,0,0,0,0
2026-09-22T09:19:36.970372+00:00,81086.63169111,0,0,0,0
2026-09-22T09:19:37.970616+00:00,81087.631932226,0,0,0,0
2026-09-22T09:19:38.970890+00:00,81088.632207753,0,0,0,0
2026-09-22T09:19:39.971101+00:00,81089.63241848,0,0,0,0
2026-09-22T09:19:40.971312+00:00,81090.632630434,0,0,0,0
2026-09-22T09:19:41.971461+00:00,81091.632783355,0,0,0,0
2026-09-22T09:19:42.971785+00:00,81092.633102174,0,0,0,0
2026-09-22T09:19:43.971969+00:00,81093.633287372,0,0,0,0
2026-09-22T09:19:44.972220+00:00,81094.633531627,0,0,0,0
2026-09-22T09:19:45.972432+00:00,81095.633750125,0,0,0,0
2026-09-22T09:19:46.972718+00:00,81096.633993976,0,0,0,0
2026-09-22T09:19:47.972920+00:00,81097.634237184,0,0,0,0
2026-09-22T09:19:48.973142+00:00,81098.634459124,0,0,0,0
2026-09-22T09:19:49.973346+00:00,81099.634665369,0,0,0,0
2026-09-22T09:19:50.973503+00:00,81100.634825521,0,0,0,0
2026-09-22T09:19:51.973732+00:00,81101.635052747,0,0,0,0
2026-09-22T09:19:52.973955+00:00,81102.635274596,0,0,0,0
2026-09-22T09:19:53.974227+00:00,81103.635549207,0,0,0,0
2026-09-22T09:19:54.974400+00:00,81104.635720829,0,0,0,0
2026-09-22T09:19:55.974596+00:00,81105.63591799,0,0,0,0
2026-09-22T09:19:56.974793+00:00,81106.636114523,0,0,0,0
2026-09-22T09:19:57.975046+00:00,81107.636367772,0,0,0,0
2026-09-22T09:19:58.975265+00:00,81108.636584579,0,0,0,0
2026-09-22T09:19:59.975500+00:00,81109.636817327,0,0,0,0
2026-09-22T09:20:00.975744+00:00,81110.637065111,0,0,0,0
2026-09-22T09:20:01.975963+00:00,81111.637283191,0,0,0,0
2026-09-22T09:20:02.976160+00:00,81112.637480962,0,0,0,0
2026-09-22T09:20:03.976375+00:00,81113.637695811,0,0,0,0
2026-09-22T09:20:04.976564+00:00,81114.637883845,0,0,0,0
2026-09-22T09:20:05.976825+00:00,81115.638144849,0,0,0,0
2026-09-22T09:20:06.977110+00:00,81116.638430795,0,0,0,0
2026-09-22T09:20:07.977314+00:00,81117.638634294,0,0,0,0
2026-09-22T09:20:08.977524+00:00,81118.638843199,0,0,0,0
2026-09-22T09:20:09.977813+00:00,81119.639132717,0,0,0,0
2026-09-22T09:20:10.978043+00:00,81120.639362929,0,0,0,0
2026-09-22T09:20:11.978281+00:00,81121.639599648,0,0,0,0
2026-09-22T09:20:12.978626+00:00,81122.639942188,0,0,0,0
2026-09-22T09:20:13.978835+00:00,81123.640154816,0,0,0,0
2026-09-22T09:20:14.979081+00:00,81124.640399418,0,0,0,0
2026-09-22T09:20:15.979296+00:00,81125.640614793,0,0,0,0
2026-09-22T09:20:16.979489+00:00,81126.64080957,0,0,0,0
2026-09-22T09:20:17.979759+00:00,81127.641077455,0,0,0,0
2026-09-22T09:20:18.979951+00:00,81128.641270944,0,0,0,0
2026-09-22T09:20:19.980161+00:00,81129.641482166,0,0,0,0
2026-09-22T09:20:20.980303+00:00,81130.641626076,0,0,0,0
2026-09-22T09:20:21.980531+00:00,81131.641850109,0,0,0,0
2026-09-22T09:20:22.980822+00:00,81132.642138578,0,0,0,0
2026-09-22T09:20:23.981027+00:00,81133.642346372,0,0,0,0
2026-09-22T09:20:24.981221+00:00,81134.642542068,0,0,0,0
2026-09-22T09:20:25.981426+00:00,81135.642746653,0,0,0,0
2026-09-22T09:20:26.981641+00:00,81136.642960107,0,0,0,0
2026-09-22T09:20:27.981858+00:00,81137.643178434,0,0,0,0
2026-09-22T09:20:28.982103+00:00,81138.643419449,0,0,0,0
2026-09-22T09:20:29.982375+00:00,81139.643690129,0,0,0,0
2026-09-22T09:20:30.982622+00:00,81140.643939064,0,0,0,0
2026-09-22T09:20:31.982839+00:00,81141.644149602,41,0,0,0
2026-09-22T09:20:32.983055+00:00,81142.644372383,559,0,1,550.0
2026-09-22T09:20:33.983257+00:00,81143.64457639,559,0,1,550.0
2026-09-22T09:20:34.983547+00:00,81144.644862382,559,0,1,550.0
2026-09-22T09:20:35.983762+00:00,81145.645081878,559,0,1,550.0
2026-09-22T09:20:36.984019+00:00,81146.645335639,559,0,1,550.0
2026-09-22T09:20:37.984328+00:00,81147.645644999,559,0,1,550.0
2026-09-22T09:20:38.984560+00:00,81148.645877866,559,0,1,550.0
2026-09-22T09:20:39.984841+00:00,81149.646159284,559,0,1,550.0
2026-09-22T09:20:40.985100+00:00,81150.646415708,559,0,1,550.0
2026-09-22T09:20:41.985303+00:00,81151.646622718,559,0,1,550.0
2026-09-22T09:20:42.985512+00:00,81152.646832487,559,0,1,550.0
2026-09-22T09:20:43.985770+00:00,81153.647091001,559,0,1,550.0
2026-09-22T09:20:44.985976+00:00,81154.647294486,559,0,1,550.0
2026-09-22T09:20:45.986157+00:00,81155.647475219,559,0,1,550.0
2026-09-22T09:20:46.986444+00:00,81156.64776031,559,0,1,550.0
2026-09-22T09:20:47.986761+00:00,81157.648077744,559,0,1,550.0
2026-09-22T09:20:48.987022+00:00,81158.648339815,559,0,1,550.0
2026-09-22T09:20:49.987230+00:00,81159.648550414,559,0,1,550.0
2026-09-22T09:20:50.987409+00:00,81160.648728444,559,0,1,550.0
2026-09-22T09:20:51.987667+00:00,81161.648983757,559,0,1,550.0
2026-09-22T09:20:52.987958+00:00,81162.649270481,559,0,1,550.0
2026-09-22T09:20:53.988127+00:00,81163.649446628,559,0,1,550.0
2026-09-22T09:20:54.988336+00:00,81164.649656246,559,0,1,550.0
2026-09-22T09:20:55.988603+00:00,81165.649919223,559,0,1,550.0
2026-09-22T09:20:56.988831+00:00,81166.650150691,1114,0,2,1100.0
2026-09-22T09:20:57.989000+00:00,81167.650321152,1114,0,2,1100.0
2026-09-22T09:20:58.989237+00:00,81168.650557428,1114,0,2,1100.0
2026-09-22T09:20:59.989409+00:00,81169.6507295,1114,0,2,1100.0
2026-09-22T09:21:00.989730+00:00,81170.651045216,1114,0,2,1100.0
2026-09-22T09:21:01.989935+00:00,81171.651255069,1114,0,2,1100.0
2026-09-22T09:21:02.990132+00:00,81172.651452177,1114,0,2,1100.0
2026-09-22T09:21:03.990338+00:00,81173.65165894,1114,0,2,1100.0
2026-09-22T09:21:04.990609+00:00,81174.651930353,1114,0,2,1100.0
2026-09-22T09:21:05.990788+00:00,81175.652110488,1114,0,2,1100.0
2026-09-22T09:21:06.991016+00:00,81176.652335416,1114,0,2,1100.0
2026-09-22T09:21:07.991176+00:00,81177.652497686,1114,0,2,1100.0
2026-09-22T09:21:08.991383+00:00,81178.652704142,1114,0,2,1100.0
2026-09-22T09:21:09.991589+00:00,81179.652910031,1114,0,2,1100.0
2026-09-22T09:21:10.991828+00:00,81180.653145628,1114,0,2,1100.0
2026-09-22T09:21:11.992063+00:00,81181.653378877,1114,0,2,1100.0
2026-09-22T09:21:12.992264+00:00,81182.653582485,1114,0,2,1100.0
2026-09-22T09:21:13.992464+00:00,81183.653784115,1114,0,2,1100.0
2026-09-22T09:21:14.992742+00:00,81184.654062438,1114,0,2,1100.0
2026-09-22T09:21:15.993017+00:00,81185.654332965,1114,0,2,1100.0
2026-09-22T09:21:16.993246+00:00,81186.654565851,1114,0,2,1100.0
2026-09-22T09:21:17.993428+00:00,81187.654747211,1114,0,2,1100.0
2026-09-22T09:21:18.993728+00:00,81188.654997023,1114,0,2,1100.0
2026-09-22T09:21:19.993898+00:00,81189.655217295,1114,0,2,1100.0
2026-09-22T09:21:20.994173+00:00,81190.655488835,1114,0,2,1100.0
2026-09-22T09:21:21.994430+00:00,81191.655746626,1114,0,2,1100.0
2026-09-22T09:21:22.994750+00:00,81192.656065584,1114,0,2,1100.0
2026-09-22T09:21:23.995033+00:00,81193.656349207,1114,0,2,1100.0
2026-09-22T09:21:24.995240+00:00,81194.656560088,1114,0,2,1100.0
2026-09-22T09:21:25.995422+00:00,81195.656740159,1116,0,2,1102.0
2026-09-22T09:21:26.995732+00:00,81196.657048916,1118,4,2,1104.0
2026-09-22T09:21:27.995915+00:00,81197.657236009,1118,3,2,1104.0
2026-09-22T09:21:28.996139+00:00,81198.657455857,1118,3,2,1104.0
2026-09-22T09:21:29.996401+00:00,81199.65771792,1118,4,2,1104.0
2026-09-22T09:21:30.996638+00:00,81200.657954905,1118,3,1,552.0
2026-09-22T09:21:31.996933+00:00,81201.658249964,561,0,1,552.0
2026-09-22T09:21:32.997236+00:00,81202.658552418,561,0,1,552.0
2026-09-22T09:21:33.997503+00:00,81203.658819463,561,0,1,552.0
2026-09-22T09:21:34.997852+00:00,81204.659169503,561,0,1,552.0
2026-09-22T09:21:35.998188+00:00,81205.659503696,0,0,0,0
2026-09-22T09:21:36.998409+00:00,81206.659728469,0,0,0,0
2026-09-22T09:21:37.998635+00:00,81207.659954902,0,0,0,0
2026-09-22T09:21:38.998881+00:00,81208.660197501,0,0,0,0
2026-09-22T09:21:39.999182+00:00,81209.660497281,0,0,0,0
2026-09-22T09:21:40.999393+00:00,81210.660714047,0,0,0,0
2026-09-22T09:21:41.999592+00:00,81211.660909525,0,0,0,0
2026-09-22T09:21:42.999939+00:00,81212.661255211,0,0,0,0
2026-09-22T09:21:44.000182+00:00,81213.661498407,0,0,0,0
2026-09-22T09:21:45.000511+00:00,81214.661830284,0,0,0,0
2026-09-22T09:21:46.000816+00:00,81215.662133023,0,0,0,0
2026-09-22T09:21:47.001050+00:00,81216.662369307,0,0,0,0
2026-09-22T09:21:48.001244+00:00,81217.662563646,0,0,0,0
2026-09-22T09:21:49.001561+00:00,81218.66287657,0,0,0,0
2026-09-22T09:21:50.001789+00:00,81219.663107671,0,0,0,0
2026-09-22T09:21:51.002044+00:00,81220.663360314,0,0,0,0
2026-09-22T09:21:52.002231+00:00,81221.663548265,0,0,0,0
2026-09-22T09:21:53.002574+00:00,81222.663890716,0,0,0,0
2026-09-22T09:21:54.002846+00:00,81223.664162984,0,0,0,0
2026-09-22T09:21:55.003064+00:00,81224.664380882,0,0,0,0
2026-09-22T09:21:56.003295+00:00,81225.664613439,0,0,0,0
2026-09-22T09:21:57.003532+00:00,81226.664849058,0,0,0,0
2026-09-22T09:21:58.003757+00:00,81227.665075151,0,0,0,0
2026-09-22T09:21:59.003986+00:00,81228.665305262,0,0,0,0
2026-09-22T09:22:00.004227+00:00,81229.665543803,0,0,0,0
2026-09-22T09:22:01.004469+00:00,81230.665785083,0,0,0,0
2026-09-22T09:22:02.004757+00:00,81231.666075781,0,0,0,0
2026-09-22T09:22:03.004986+00:00,81232.666307442,0,0,0,0
2026-09-22T09:22:04.005158+00:00,81233.666480125,0,0,0,0
2026-09-22T09:22:05.005352+00:00,81234.666672828,0,0,0,0
2026-09-22T09:22:06.005570+00:00,81235.666890046,0,0,0,0
2026-09-22T09:22:07.005815+00:00,81236.667136401,0,0,0,0
2026-09-22T09:22:08.005977+00:00,81237.667299621,0,0,0,0
2026-09-22T09:22:09.006182+00:00,81238.66750121,0,0,0,0
2026-09-22T09:22:10.006451+00:00,81239.6677703,0,0,0,0
2026-09-22T09:22:11.006663+00:00,81240.667983096,0,0,0,0
2026-09-22T09:22:12.006865+00:00,81241.668186277,0,0,0,0
2026-09-22T09:22:13.007095+00:00,81242.668415737,0,0,0,0
2026-09-22T09:22:14.007302+00:00,81243.668623558,0,0,0,0
2026-09-22T09:22:15.007490+00:00,81244.668811571,0,0,0,0
2026-09-22T09:22:16.007670+00:00,81245.668992145,0,0,0,0
2026-09-22T09:22:17.007859+00:00,81246.66918124,0,0,0,0
2026-09-22T09:22:18.008122+00:00,81247.669439088,0,0,0,0
2026-09-22T09:22:19.008342+00:00,81248.66966037,0,0,0,0
2026-09-22T09:22:20.008589+00:00,81249.66990693,0,0,0,0
2026-09-22T09:22:21.008802+00:00,81250.670122607,0,0,0,0
2026-09-22T09:22:22.009122+00:00,81251.670442108,0,0,0,0
2026-09-22T09:22:23.009334+00:00,81252.670654762,0,0,0,0
2026-09-22T09:22:24.009582+00:00,81253.670898415,0,0,0,0
2026-09-22T09:22:25.009848+00:00,81254.67116627,0,0,0,0
2026-09-22T09:22:26.010105+00:00,81255.671423988,0,0,0,0
2026-09-22T09:22:27.010263+00:00,81256.671584182,0,0,0,0
2026-09-22T09:22:28.010504+00:00,81257.671820717,0,0,0,0
2026-09-22T09:22:29.010763+00:00,81258.67208121,0,0,0,0
2026-09-22T09:22:30.010992+00:00,81259.672313029,0,0,0,0
2026-09-22T09:22:31.011198+00:00,81260.672517674,0,0,0,0
2026-09-22T09:22:32.011437+00:00,81261.67275544,0,0,0,0
2026-09-22T09:22:33.011745+00:00,81262.673061805,0,0,0,0
2026-09-22T09:22:34.012010+00:00,81263.673326492,0,0,0,0
2026-09-22T09:22:35.012212+00:00,81264.673531816,0,0,0,0
2026-09-22T09:22:36.012442+00:00,81265.67376136,0,0,0,0
2026-09-22T09:22:37.012644+00:00,81266.673963494,0,0,0,0
2026-09-22T09:22:38.012876+00:00,81267.674196054,559,0,1,550.0
2026-09-22T09:22:39.013076+00:00,81268.67439667,559,0,1,550.0
2026-09-22T09:22:40.013306+00:00,81269.674625245,559,0,1,550.0
2026-09-22T09:22:41.013567+00:00,81270.674884153,559,0,1,550.0
2026-09-22T09:22:42.013878+00:00,81271.675194189,559,0,1,550.0
2026-09-22T09:22:43.014143+00:00,81272.675462601,559,0,1,550.0
2026-09-22T09:22:44.014385+00:00,81273.675702888,559,0,1,550.0
2026-09-22T09:22:45.014570+00:00,81274.675890318,559,0,1,550.0
2026-09-22T09:22:46.014889+00:00,81275.676207339,559,0,1,550.0
2026-09-22T09:22:47.015185+00:00,81276.676501694,559,0,1,550.0
2026-09-22T09:22:48.015371+00:00,81277.676691044,559,0,1,550.0
2026-09-22T09:22:49.015540+00:00,81278.676860245,559,0,1,550.0
2026-09-22T09:22:50.015768+00:00,81279.677087422,559,0,1,550.0
2026-09-22T09:22:51.015971+00:00,81280.677290332,559,0,1,550.0
2026-09-22T09:22:52.016154+00:00,81281.677472595,559,0,1,550.0
2026-09-22T09:22:53.016371+00:00,81282.6776908,559,0,1,550.0
2026-09-22T09:22:54.016553+00:00,81283.677871634,559,0,1,550.0
2026-09-22T09:22:55.016813+00:00,81284.678130142,559,0,1,550.0
2026-09-22T09:22:56.017083+00:00,81285.678400604,559,0,1,550.0
2026-09-22T09:22:57.017290+00:00,81286.678609758,559,0,1,550.0
2026-09-22T09:22:58.017443+00:00,81287.678763935,559,0,1,550.0
2026-09-22T09:22:59.017732+00:00,81288.67904897,559,0,1,550.0
2026-09-22T09:23:00.017986+00:00,81289.679303014,559,0,1,550.0
2026-09-22T09:23:01.018182+00:00,81290.679501459,559,0,1,550.0
2026-09-22T09:23:02.018429+00:00,81291.679746678,1114,0,2,1100.0
2026-09-22T09:23:03.018633+00:00,81292.679953412,1114,0,2,1100.0
2026-09-22T09:23:04.018860+00:00,81293.680180382,1114,0,2,1100.0
2026-09-22T09:23:05.019066+00:00,81294.680386011,1114,0,2,1100.0
2026-09-22T09:23:06.019302+00:00,81295.680619089,1114,0,2,1100.0
2026-09-22T09:23:07.019512+00:00,81296.680830333,1114,0,2,1100.0
2026-09-22T09:23:08.019755+00:00,81297.681075223,1114,0,2,1100.0
2026-09-22T09:23:09.019965+00:00,81298.681284379,1114,0,2,1100.0
2026-09-22T09:23:10.020175+00:00,81299.681494283,1114,0,2,1100.0
2026-09-22T09:23:11.020364+00:00,81300.681683428,1114,0,2,1100.0
2026-09-22T09:23:12.020590+00:00,81301.681909085,1114,0,2,1100.0
2026-09-22T09:23:13.020803+00:00,81302.682123289,1114,0,2,1100.0
2026-09-22T09:23:14.021012+00:00,81303.682331062,1114,0,2,1100.0
2026-09-22T09:23:15.021235+00:00,81304.682555376,1114,0,2,1100.0
2026-09-22T09:23:16.021401+00:00,81305.682724152,1114,0,2,1100.0
2026-09-22T09:23:17.021596+00:00,81306.682917084,1114,0,2,1100.0
2026-09-22T09:23:18.021816+00:00,81307.683136285,1114,0,2,1100.0
2026-09-22T09:23:19.022008+00:00,81308.683330218,1114,0,2,1100.0
2026-09-22T09:23:20.022233+00:00,81309.683552914,1114,0,2,1100.0
2026-09-22T09:23:21.022472+00:00,81310.683790088,1114,0,2,1100.0
2026-09-22T09:23:22.022722+00:00,81311.684041038,1114,0,2,1100.0
2026-09-22T09:23:23.022912+00:00,81312.684232453,1114,0,2,1100.0
2026-09-22T09:23:24.023201+00:00,81313.684519705,1114,0,2,1100.0
2026-09-22T09:23:25.023429+00:00,81314.684748494,1114,0,2,1100.0
2026-09-22T09:23:26.023874+00:00,81315.685189942,1114,0,2,1100.0
2026-09-22T09:23:27.024120+00:00,81316.685437517,1114,0,2,1100.0
2026-09-22T09:23:28.024348+00:00,81317.685666882,1114,0,2,1100.0
2026-09-22T09:23:29.024557+00:00,81318.685875506,1114,0,2,1100.0
2026-09-22T09:23:30.024846+00:00,81319.68616574,1114,0,2,1100.0
2026-09-22T09:23:31.025171+00:00,81320.686490503,1116,0,2,1102.0
2026-09-22T09:23:32.025368+00:00,81321.686688464,1118,3,2,1104.0
2026-09-22T09:23:33.025610+00:00,81322.686927268,1118,3,2,1104.0
2026-09-22T09:23:34.025814+00:00,81323.687133745,1118,4,2,1104.0
2026-09-22T09:23:35.026016+00:00,81324.687337069,1118,4,2,1104.0
2026-09-22T09:23:36.026266+00:00,81325.687583366,561,3,1,552.0
2026-09-22T09:23:37.026472+00:00,81326.687790251,561,0,1,552.0
2026-09-22T09:23:38.026723+00:00,81327.687991627,561,0,1,552.0
2026-09-22T09:23:39.026871+00:00,81328.688190245,561,0,1,552.0
2026-09-22T09:23:40.027045+00:00,81329.688365467,561,0,1,552.0
2026-09-22T09:23:41.027345+00:00,81330.688663801,561,0,1,552.0
2026-09-22T09:23:42.027594+00:00,81331.688910736,0,0,0,0
2026-09-22T09:23:43.027889+00:00,81332.689207007,0,0,0,0
2026-09-22T09:23:44.028089+00:00,81333.689408012,0,0,0,0
2026-09-22T09:23:45.028311+00:00,81334.689628918,0,0,0,0
2026-09-22T09:23:46.028566+00:00,81335.689882628,0,0,0,0
2026-09-22T09:23:47.028826+00:00,81336.690145179,0,0,0,0
2026-09-22T09:23:48.029028+00:00,81337.690349132,0,0,0,0
2026-09-22T09:23:49.029206+00:00,81338.690526334,0,0,0,0
2026-09-22T09:23:50.029430+00:00,81339.690750026,0,0,0,0
2026-09-22T09:23:51.029721+00:00,81340.690991648,0,0,0,0
2026-09-22T09:23:52.029896+00:00,81341.691215119,0,0,0,0
2026-09-22T09:23:53.030123+00:00,81342.691442585,0,0,0,0
2026-09-22T09:23:54.030372+00:00,81343.691688602,0,0,0,0
2026-09-22T09:23:55.030583+00:00,81344.691902287,0,0,0,0
2026-09-22T09:23:56.030841+00:00,81345.692157002,0,0,0,0
2026-09-22T09:23:57.031012+00:00,81346.692332534,0,0,0,0
2026-09-22T09:23:58.031224+00:00,81347.692544249,0,0,0,0
2026-09-22T09:23:59.031453+00:00,81348.692771422,0,0,0,0
2026-09-22T09:24:00.031626+00:00,81349.69294512,0,0,0,0
2026-09-22T09:24:01.031865+00:00,81350.693185468,0,0,0,0
2026-09-22T09:24:02.032077+00:00,81351.69339766,0,0,0,0
2026-09-22T09:24:03.032307+00:00,81352.693626865,0,0,0,0
2026-09-22T09:24:04.032443+00:00,81353.693766609,0,0,0,0
2026-09-22T09:24:05.032672+00:00,81354.693990671,0,0,0,0
2026-09-22T09:24:06.032862+00:00,81355.694183993,0,0,0,0
2026-09-22T09:24:07.033050+00:00,81356.694371857,0,0,0,0
2026-09-22T09:24:08.033330+00:00,81357.694652012,0,0,0,0
2026-09-22T09:24:09.033603+00:00,81358.694923919,0,0,0,0
2026-09-22T09:24:10.033872+00:00,81359.695190422,0,0,0,0
2026-09-22T09:24:11.034079+00:00,81360.695397712,0,0,0,0
2026-09-22T09:24:12.034291+00:00,81361.695610512,0,0,0,0
2026-09-22T09:24:13.034508+00:00,81362.69582756,0,0,0,0
2026-09-22T09:24:14.034755+00:00,81363.696075964,0,0,0,0
2026-09-22T09:24:15.035000+00:00,81364.696321572,0,0,0,0
2026-09-22T09:24:16.035202+00:00,81365.696523185,0,0,0,0
2026-09-22T09:24:17.035441+00:00,81366.696762293,0,0,0,0
2026-09-22T09:24:18.035798+00:00,81367.697114826,0,0,0,0
2026-09-22T09:24:19.036011+00:00,81368.697330249,0,0,0,0
2026-09-22T09:24:20.036194+00:00,81369.697515854,0,0,0,0
2026-09-22T09:24:21.036425+00:00,81370.697745292,0,0,0,0
2026-09-22T09:24:22.036637+00:00,81371.697957193,0,0,0,0
2026-09-22T09:24:23.036924+00:00,81372.698243299,0,0,0,0
2026-09-22T09:24:24.037232+00:00,81373.69854939,0,0,0,0
2026-09-22T09:24:25.037419+00:00,81374.69873809,0,0,0,0
2026-09-22T09:24:26.037633+00:00,81375.698953033,0,0,0,0
2026-09-22T09:24:27.037831+00:00,81376.699152227,0,0,0,0
2026-09-22T09:24:28.038021+00:00,81377.699341655,0,0,0,0
2026-09-22T09:24:29.038218+00:00,81378.699539271,0,0,0,0
2026-09-22T09:24:30.038412+00:00,81379.699732524,0,0,0,0
2026-09-22T09:24:31.038727+00:00,81380.700049127,0,0,0,0
2026-09-22T09:24:32.038928+00:00,81381.700248266,0,0,0,0
2026-09-22T09:24:33.039156+00:00,81382.700474476,0,0,0,0
2026-09-22T09:24:34.039374+00:00,81383.700693304,0,0,0,0
2026-09-22T09:24:35.039577+00:00,81384.700897015,0,0,0,0
2026-09-22T09:24:36.039826+00:00,81385.70114379,0,0,0,0
2026-09-22T09:24:37.040147+00:00,81386.701463983,0,0,0,0
2026-09-22T09:24:38.040435+00:00,81387.701753773,0,0,0,0
2026-09-22T09:24:39.040647+00:00,81388.70196649,0,0,0,0
2026-09-22T09:24:40.040832+00:00,81389.702151987,0,0,0,0
2026-09-22T09:24:41.041028+00:00,81390.702347702,0,0,0,0
2026-09-22T09:24:42.041268+00:00,81391.702583696,31,0,1,458.0
2026-09-22T09:24:43.041532+00:00,81392.702847867,559,0,1,550.0
2026-09-22T09:24:44.041776+00:00,81393.703096375,559,0,1,550.0
2026-09-22T09:24:45.042006+00:00,81394.703322742,559,0,1,550.0
2026-09-22T09:24:46.042224+00:00,81395.703542924,559,0,1,550.0
2026-09-22T09:24:47.042418+00:00,81396.703737917,559,0,1,550.0
2026-09-22T09:24:48.042625+00:00,81397.70394477,559,0,1,550.0
2026-09-22T09:24:49.042821+00:00,81398.704142175,559,0,1,550.0
2026-09-22T09:24:50.043024+00:00,81399.704345612,559,0,1,550.0
2026-09-22T09:24:51.043187+00:00,81400.704510587,559,0,1,550.0
2026-09-22T09:24:52.043368+00:00,81401.704688816,559,0,1,550.0
2026-09-22T09:24:53.043545+00:00,81402.704865241,559,0,1,550.0
2026-09-22T09:24:54.043789+00:00,81403.705110135,559,0,1,550.0
2026-09-22T09:24:55.043937+00:00,81404.705259559,559,0,1,550.0
2026-09-22T09:24:56.044178+00:00,81405.705493871,559,0,1,550.0
2026-09-22T09:24:57.044343+00:00,81406.705665127,559,0,1,550.0
2026-09-22T09:24:58.044588+00:00,81407.705905331,559,0,1,550.0
2026-09-22T09:24:59.044832+00:00,81408.706150113,559,0,1,550.0
2026-09-22T09:25:00.045106+00:00,81409.706423472,559,0,1,550.0
2026-09-22T09:25:01.045367+00:00,81410.706684363,559,0,1,550.0
2026-09-22T09:25:02.045568+00:00,81411.706888021,559,0,1,550.0
2026-09-22T09:25:03.045847+00:00,81412.70716637,559,0,1,550.0
2026-09-22T09:25:04.046067+00:00,81413.707387331,559,0,1,550.0
2026-09-22T09:25:05.046247+00:00,81414.707566697,559,0,1,550.0
2026-09-22T09:25:06.046480+00:00,81415.707796661,559,0,1,550.0
2026-09-22T09:25:07.046746+00:00,81416.708065145,1114,0,2,1100.0
2026-09-22T09:25:08.046962+00:00,81417.708283094,1114,0,2,1100.0
2026-09-22T09:25:09.047123+00:00,81418.708443571,1114,0,2,1100.0
2026-09-22T09:25:10.047369+00:00,81419.708686504,1114,0,2,1100.0
2026-09-22T09:25:11.047593+00:00,81420.708912718,1114,0,2,1100.0
2026-09-22T09:25:12.047838+00:00,81421.709155491,1114,0,2,1100.0
2026-09-22T09:25:13.048074+00:00,81422.709393028,1114,0,2,1100.0
2026-09-22T09:25:14.048271+00:00,81423.709592136,1114,0,2,1100.0
2026-09-22T09:25:15.048499+00:00,81424.709817005,1114,0,2,1100.0
2026-09-22T09:25:16.048760+00:00,81425.710080101,1114,0,2,1100.0
2026-09-22T09:25:17.048965+00:00,81426.710285375,1114,0,2,1100.0
2026-09-22T09:25:18.049173+00:00,81427.710490054,1114,0,2,1100.0
2026-09-22T09:25:19.049386+00:00,81428.710703927,1114,0,2,1100.0
2026-09-22T09:25:20.049672+00:00,81429.71098997,1114,0,2,1100.0
2026-09-22T09:25:21.049889+00:00,81430.711209266,1114,0,2,1100.0
2026-09-22T09:25:22.050116+00:00,81431.711435486,1114,0,2,1100.0
2026-09-22T09:25:23.050300+00:00,81432.711619236,1114,0,2,1100.0
2026-09-22T09:25:24.050516+00:00,81433.711833402,1114,0,2,1100.0
2026-09-22T09:25:25.050779+00:00,81434.712097468,1114,0,2,1100.0
2026-09-22T09:25:26.050995+00:00,81435.712311912,1114,0,2,1100.0
2026-09-22T09:25:27.051210+00:00,81436.712526893,1114,0,2,1100.0
2026-09-22T09:25:28.051482+00:00,81437.712798568,1114,0,2,1100.0
2026-09-22T09:25:29.051747+00:00,81438.713064845,1114,0,2,1100.0
2026-09-22T09:25:30.051967+00:00,81439.713286347,1114,0,2,1100.0
2026-09-22T09:25:31.052213+00:00,81440.713530328,1114,0,2,1100.0
2026-09-22T09:25:32.052410+00:00,81441.713727929,1114,0,2,1100.0
2026-09-22T09:25:33.052623+00:00,81442.71394296,1114,0,2,1100.0
2026-09-22T09:25:34.052875+00:00,81443.714194801,1114,0,2,1100.0
2026-09-22T09:25:35.053184+00:00,81444.714500879,1114,0,2,1100.0
2026-09-22T09:25:36.053403+00:00,81445.714720484,1116,0,2,1102.0
2026-09-22T09:25:37.053639+00:00,81446.7149583,1118,3,2,1104.0
2026-09-22T09:25:38.053905+00:00,81447.715225078,1118,3,2,1104.0
2026-09-22T09:25:39.054081+00:00,81448.715401449,1118,4,2,1104.0
2026-09-22T09:25:40.054285+00:00,81449.71560659,1118,3,2,1104.0
2026-09-22T09:25:41.054526+00:00,81450.715842617,561,0,1,552.0
2026-09-22T09:25:42.054771+00:00,81451.716088086,561,0,1,552.0
2026-09-22T09:25:43.054992+00:00,81452.71630886,561,0,1,552.0
2026-09-22T09:25:44.055212+00:00,81453.716533311,561,0,1,552.0
2026-09-22T09:25:45.055471+00:00,81454.71678763,561,0,1,552.0
2026-09-22T09:25:46.055750+00:00,81455.717067837,561,0,1,552.0
2026-09-22T09:25:47.055960+00:00,81456.717279722,0,0,0,0
2026-09-22T09:25:48.056192+00:00,81457.717509668,0,0,0,0
2026-09-22T09:25:49.056472+00:00,81458.717788067,0,0,0,0
2026-09-22T09:25:50.056830+00:00,81459.718146171,0,0,0,0
2026-09-22T09:25:51.057057+00:00,81460.71837515,0,0,0,0
2026-09-22T09:25:52.057288+00:00,81461.718606135,0,0,0,0
2026-09-22T09:25:53.057540+00:00,81462.718856346,0,0,0,0
2026-09-22T09:25:54.057814+00:00,81463.719133253,0,0,0,0
2026-09-22T09:25:55.058029+00:00,81464.719349454,0,0,0,0
2026-09-22T09:25:56.058238+00:00,81465.719558459,0,0,0,0
2026-09-22T09:25:57.058407+00:00,81466.719729076,0,0,0,0
2026-09-22T09:25:58.058716+00:00,81467.719991096,0,0,0,0
2026-09-22T09:25:59.058911+00:00,81468.720228496,0,0,0,0
2026-09-22T09:26:00.059179+00:00,81469.720495956,0,0,0,0
2026-09-22T09:26:01.059471+00:00,81470.72078743,0,0,0,0
2026-09-22T09:26:02.059748+00:00,81471.721066437,0,0,0,0
2026-09-22T09:26:03.060021+00:00,81472.721337968,0,0,0,0
2026-09-22T09:26:04.060235+00:00,81473.721554634,0,0,0,0
2026-09-22T09:26:05.060438+00:00,81474.721759103,0,0,0,0
2026-09-22T09:26:06.060619+00:00,81475.721940001,0,0,0,0
2026-09-22T09:26:07.060828+00:00,81476.722147682,0,0,0,0
2026-09-22T09:26:08.061030+00:00,81477.722350669,0,0,0,0
2026-09-22T09:26:09.061194+00:00,81478.72251423,0,0,0,0
2026-09-22T09:26:10.061414+00:00,81479.722732649,0,0,0,0
2026-09-22T09:26:11.061618+00:00,81480.722937898,0,0,0,0
2026-09-22T09:26:12.061824+00:00,81481.723144771,0,0,0,0
2026-09-22T09:26:13.062060+00:00,81482.723378507,0,0,0,0
2026-09-22T09:26:14.062353+00:00,81483.723672281,0,0,0,0
2026-09-22T09:26:15.062548+00:00,81484.72386685,0,0,0,0
2026-09-22T09:26:16.062777+00:00,81485.724097223,0,0,0,0
2026-09-22T09:26:17.062972+00:00,81486.724291976,0,0,0,0
2026-09-22T09:26:18.063207+00:00,81487.724525959,0,0,0,0
2026-09-22T09:26:19.063403+00:00,81488.724722593,0,0,0,0
2026-09-22T09:26:20.063602+00:00,81489.724920474,0,0,0,0
2026-09-22T09:26:21.063927+00:00,81490.725247444,0,0,0,0
2026-09-22T09:26:22.064109+00:00,81491.725428597,0,0,0,0
2026-09-22T09:26:23.064364+00:00,81492.725680716,0,0,0,0
2026-09-22T09:26:24.064626+00:00,81493.725941474,0,0,0,0
2026-09-22T09:26:25.064882+00:00,81494.726198956,0,0,0,0
2026-09-22T09:26:26.065076+00:00,81495.726396464,0,0,0,0
2026-09-22T09:26:27.065233+00:00,81496.726555342,0,0,0,0
2026-09-22T09:26:28.065502+00:00,81497.726819394,0,0,0,0
2026-09-22T09:26:29.065765+00:00,81498.727083914,0,0,0,0
2026-09-22T09:26:30.066034+00:00,81499.72735173,0,0,0,0
2026-09-22T09:26:31.066275+00:00,81500.72759398,0,0,0,0
2026-09-22T09:26:32.066466+00:00,81501.727787649,0,0,0,0
2026-09-22T09:26:33.066657+00:00,81502.727977138,0,0,0,0
2026-09-22T09:26:34.066862+00:00,81503.728182647,0,0,0,0
2026-09-22T09:26:35.067072+00:00,81504.728392012,0,0,0,0
2026-09-22T09:26:36.067290+00:00,81505.7286098,0,0,0,0
2026-09-22T09:26:37.067572+00:00,81506.72888736,0,0,0,0
2026-09-22T09:26:38.067847+00:00,81507.729164467,0,0,0,0
2026-09-22T09:26:39.068044+00:00,81508.729364599,0,0,0,0
2026-09-22T09:26:40.068242+00:00,81509.729562225,0,0,0,0
2026-09-22T09:26:41.068512+00:00,81510.729827173,0,0,0,0
2026-09-22T09:26:42.068813+00:00,81511.730129898,0,0,0,0
2026-09-22T09:26:43.069011+00:00,81512.730330836,0,0,0,0
2026-09-22T09:26:44.069206+00:00,81513.730527952,0,0,0,0
2026-09-22T09:26:45.069407+00:00,81514.730727606,0,0,0,0
2026-09-22T09:26:46.069671+00:00,81515.730985816,0,0,0,0
2026-09-22T09:26:47.069943+00:00,81516.731260581,559,0,1,550.0
2026-09-22T09:26:48.070154+00:00,81517.731473795,559,0,1,550.0
2026-09-22T09:26:49.070473+00:00,81518.731793216,559,0,1,550.0
2026-09-22T09:26:50.070640+00:00,81519.731958788,559,0,1,550.0
2026-09-22T09:26:51.070851+00:00,81520.732167702,559,0,1,550.0
2026-09-22T09:26:52.071049+00:00,81521.732369765,559,0,1,550.0
2026-09-22T09:26:53.071265+00:00,81522.732584518,559,0,1,550.0
2026-09-22T09:26:54.071481+00:00,81523.732798894,559,0,1,550.0
2026-09-22T09:26:55.071775+00:00,81524.733092049,559,0,1,550.0
2026-09-22T09:26:56.071982+00:00,81525.733300183,559,0,1,550.0
2026-09-22T09:26:57.072196+00:00,81526.733514699,559,0,1,550.0
2026-09-22T09:26:58.072387+00:00,81527.733707801,559,0,1,550.0
2026-09-22T09:26:59.072588+00:00,81528.733907481,559,0,1,550.0
2026-09-22T09:27:00.072803+00:00,81529.734124296,559,0,1,550.0
2026-09-22T09:27:01.073077+00:00,81530.734393553,559,0,1,550.0
2026-09-22T09:27:02.073281+00:00,81531.734600801,559,0,1,550.0
2026-09-22T09:27:03.073471+00:00,81532.734789295,559,0,1,550.0
2026-09-22T09:27:04.073820+00:00,81533.7351382,559,0,1,550.0
2026-09-22T09:27:05.074050+00:00,81534.735366564,559,0,1,550.0
2026-09-22T09:27:06.074290+00:00,81535.735605856,559,0,1,550.0
2026-09-22T09:27:07.074540+00:00,81536.735857124,559,0,1,550.0
2026-09-22T09:27:08.074822+00:00,81537.736139143,559,0,1,550.0
2026-09-22T09:27:09.075139+00:00,81538.736456717,559,0,1,550.0
2026-09-22T09:27:10.075409+00:00,81539.736725054,559,0,1,550.0
2026-09-22T09:27:11.075621+00:00,81540.736940095,596,3,2,1100.0
2026-09-22T09:27:12.075826+00:00,81541.737146413,1114,0,2,1100.0
2026-09-22T09:27:13.076039+00:00,81542.737358878,1114,0,2,1100.0
2026-09-22T09:27:14.076258+00:00,81543.737578274,1114,0,2,1100.0
2026-09-22T09:27:15.076482+00:00,81544.737799828,1114,0,2,1100.0
2026-09-22T09:27:16.076766+00:00,81545.738084026,1114,0,2,1100.0
2026-09-22T09:27:17.076988+00:00,81546.738309058,1114,0,2,1100.0
2026-09-22T09:27:18.077190+00:00,81547.738510934,1114,0,2,1100.0
2026-09-22T09:27:19.077400+00:00,81548.73872009,1114,0,2,1100.0
2026-09-22T09:27:20.077610+00:00,81549.738931817,1114,0,2,1100.0
2026-09-22T09:27:21.077812+00:00,81550.73913257,1114,0,2,1100.0
2026-09-22T09:27:22.078013+00:00,81551.739333939,1114,0,2,1100.0
2026-09-22T09:27:23.078192+00:00,81552.739512415,1114,0,2,1100.0
2026-09-22T09:27:24.078411+00:00,81553.739730881,1114,0,2,1100.0
2026-09-22T09:27:25.078618+00:00,81554.739937125,1114,0,2,1100.0
2026-09-22T09:27:26.078840+00:00,81555.740159752,1114,0,2,1100.0
2026-09-22T09:27:27.079033+00:00,81556.740353531,1114,0,2,1100.0
2026-09-22T09:27:28.079227+00:00,81557.740547512,1114,0,2,1100.0
2026-09-22T09:27:29.079427+00:00,81558.740746705,1114,0,2,1100.0
2026-09-22T09:27:30.079630+00:00,81559.740950954,1114,0,2,1100.0
2026-09-22T09:27:31.079834+00:00,81560.741153931,1114,0,2,1100.0
2026-09-22T09:27:32.080064+00:00,81561.741383859,1114,0,2,1100.0
2026-09-22T09:27:33.080269+00:00,81562.741587836,1114,0,2,1100.0
2026-09-22T09:27:34.080472+00:00,81563.741792049,1114,0,2,1100.0
2026-09-22T09:27:35.080636+00:00,81564.741958836,1114,0,2,1100.0
2026-09-22T09:27:36.080880+00:00,81565.742198742,1114,0,2,1100.0
2026-09-22T09:27:37.081170+00:00,81566.742489681,1114,0,2,1100.0
2026-09-22T09:27:38.081381+00:00,81567.742701174,1114,0,2,1100.0
2026-09-22T09:27:39.081762+00:00,81568.743081651,1114,0,2,1100.0
2026-09-22T09:27:40.082121+00:00,81569.743439395,1116,0,2,1102.0
2026-09-22T09:27:41.082269+00:00,81570.743591674,1118,4,2,1104.0
2026-09-22T09:27:42.082548+00:00,81571.743866758,1118,3,2,1104.0
2026-09-22T09:27:43.082728+00:00,81572.744047949,1118,4,2,1104.0
2026-09-22T09:27:44.082947+00:00,81573.744264971,1118,4,2,1104.0
2026-09-22T09:27:45.083178+00:00,81574.744495011,1118,4,2,1102.0
2026-09-22T09:27:46.083417+00:00,81575.744733975,561,0,1,552.0
2026-09-22T09:27:47.083624+00:00,81576.744942808,561,0,1,552.0
2026-09-22T09:27:48.083823+00:00,81577.745143641,561,0,1,552.0
2026-09-22T09:27:49.084066+00:00,81578.745384275,561,0,1,552.0
2026-09-22T09:27:50.084319+00:00,81579.745636816,561,0,1,552.0
2026-09-22T09:27:51.084571+00:00,81580.745888845,0,0,0,0
2026-09-22T09:27:52.084868+00:00,81581.746187803,0,0,0,0
2026-09-22T09:27:53.085107+00:00,81582.746427335,0,0,0,0
2026-09-22T09:27:54.085295+00:00,81583.746615164,0,0,0,0
2026-09-22T09:27:55.085518+00:00,81584.746838013,0,0,0,0
2026-09-22T09:27:56.085794+00:00,81585.747114048,0,0,0,0
2026-09-22T09:27:57.086081+00:00,81586.747397867,0,0,0,0
2026-09-22T09:27:58.086293+00:00,81587.747613682,0,0,0,0
2026-09-22T09:27:59.086492+00:00,81588.74781113,0,0,0,0
2026-09-22T09:28:00.086746+00:00,81589.748065421,0,0,0,0
2026-09-22T09:28:01.086974+00:00,81590.74829304,0,0,0,0
2026-09-22T09:28:02.087187+00:00,81591.748507559,0,0,0,0
2026-09-22T09:28:03.087355+00:00,81592.748676876,0,0,0,0
2026-09-22T09:28:04.087587+00:00,81593.748903852,0,0,0,0
2026-09-22T09:28:05.087891+00:00,81594.749207126,0,0,0,0
2026-09-22T09:28:06.088032+00:00,81595.749351801,0,0,0,0
2026-09-22T09:28:07.088262+00:00,81596.749579432,0,0,0,0
2026-09-22T09:28:08.088475+00:00,81597.749793393,0,0,0,0
2026-09-22T09:28:09.088665+00:00,81598.749985227,0,0,0,0
2026-09-22T09:28:10.088851+00:00,81599.750171809,0,0,0,0
2026-09-22T09:28:11.089082+00:00,81600.750400436,0,0,0,0
2026-09-22T09:28:12.089302+00:00,81601.750621519,0,0,0,0
2026-09-22T09:28:13.089540+00:00,81602.750856512,0,0,0,0
2026-09-22T09:28:14.089791+00:00,81603.75111046,0,0,0,0
2026-09-22T09:28:15.089989+00:00,81604.751310451,0,0,0,0
2026-09-22T09:28:16.090159+00:00,81605.751480766,0,0,0,0
2026-09-22T09:28:17.090384+00:00,81606.751702731,0,0,0,0
2026-09-22T09:28:18.090594+00:00,81607.751914651,0,0,0,0
2026-09-22T09:28:19.090842+00:00,81608.75216224,0,0,0,0
2026-09-22T09:28:20.091050+00:00,81609.752368512,0,0,0,0
2026-09-22T09:28:21.091265+00:00,81610.752585112,0,0,0,0
2026-09-22T09:28:22.091464+00:00,81611.752784394,0,0,0,0
2026-09-22T09:28:23.091671+00:00,81612.752991341,0,0,0,0
2026-09-22T09:28:24.091882+00:00,81613.753202651,0,0,0,0
2026-09-22T09:28:25.092073+00:00,81614.753392918,0,0,0,0
2026-09-22T09:28:26.092340+00:00,81615.753656419,0,0,0,0
2026-09-22T09:28:27.092538+00:00,81616.753858153,0,0,0,0
2026-09-22T09:28:28.092799+00:00,81617.75411942,0,0,0,0
2026-09-22T09:28:29.092992+00:00,81618.754312524,0,0,0,0
2026-09-22T09:28:30.093220+00:00,81619.754539329,0,0,0,0
2026-09-22T09:28:31.093427+00:00,81620.754746274,0,0,0,0
2026-09-22T09:28:32.093613+00:00,81621.754933623,0,0,0,0
2026-09-22T09:28:33.093827+00:00,81622.755147672,0,0,0,0
2026-09-22T09:28:34.094035+00:00,81623.755354593,0,0,0,0
2026-09-22T09:28:35.094258+00:00,81624.755577497,0,0,0,0
2026-09-22T09:28:36.094450+00:00,81625.755771533,0,0,0,0
2026-09-22T09:28:37.094647+00:00,81626.755967904,0,0,0,0
2026-09-22T09:28:38.094852+00:00,81627.756172557,0,0,0,0
2026-09-22T09:28:39.095223+00:00,81628.756540046,0,0,0,0
2026-09-22T09:28:40.095399+00:00,81629.756718824,0,0,0,0
2026-09-22T09:28:41.095603+00:00,81630.756923096,0,0,0,0
2026-09-22T09:28:42.095809+00:00,81631.757129457,0,0,0,0
2026-09-22T09:28:43.096082+00:00,81632.757396132,0,0,0,0
2026-09-22T09:28:44.096325+00:00,81633.75764192,0,0,0,0
2026-09-22T09:28:45.096526+00:00,81634.757847513,0,0,0,0
2026-09-22T09:28:46.096778+00:00,81635.75809764,0,0,0,0
2026-09-22T09:28:47.097017+00:00,81636.758338817,0,0,0,0
2026-09-22T09:28:48.097256+00:00,81637.758572689,0,0,0,0
2026-09-22T09:28:49.097493+00:00,81638.758810124,0,0,0,0
2026-09-22T09:28:50.097775+00:00,81639.759093346,0,0,0,0
2026-09-22T09:28:51.097999+00:00,81640.759320975,0,0,0,0
2026-09-22T09:28:52.098236+00:00,81641.759552429,0,0,0,0
2026-09-22T09:28:53.098424+00:00,81642.759743644,0,0,0,0
2026-09-22T09:28:54.098606+00:00,81643.759927846,0,0,0,0
2026-09-22T09:28:55.098875+00:00,81644.760190942,0,0,0,0
2026-09-22T09:28:56.099034+00:00,81645.760354218,0,0,0,0
2026-09-22T09:28:57.099227+00:00,81646.760548734,0,0,0,0
2026-09-22T09:28:58.099453+00:00,81647.760771989,1,0,1,14.0
2026-09-22T09:28:59.099758+00:00,81648.761076183,559,0,1,550.0
2026-09-22T09:29:00.099955+00:00,81649.761274309,559,0,1,550.0
2026-09-22T09:29:01.100172+00:00,81650.761491137,559,0,1,550.0
2026-09-22T09:29:02.100394+00:00,81651.761713922,559,0,1,550.0
2026-09-22T09:29:03.100610+00:00,81652.761929676,559,0,1,550.0
2026-09-22T09:29:04.100865+00:00,81653.762182382,559,0,1,550.0
2026-09-22T09:29:05.101109+00:00,81654.762426672,559,0,1,550.0
2026-09-22T09:29:06.101309+00:00,81655.762629499,559,0,1,550.0
2026-09-22T09:29:07.101501+00:00,81656.762819752,559,0,1,550.0
2026-09-22T09:29:08.101774+00:00,81657.763093775,559,0,1,550.0
2026-09-22T09:29:09.101979+00:00,81658.763299606,559,0,1,550.0
2026-09-22T09:29:10.102162+00:00,81659.763482968,559,0,1,550.0
2026-09-22T09:29:11.102398+00:00,81660.763718693,559,0,1,550.0
2026-09-22T09:29:12.102544+00:00,81661.763865391,559,0,1,550.0
2026-09-22T09:29:13.102808+00:00,81662.764127159,559,0,1,550.0
2026-09-22T09:29:14.103103+00:00,81663.764422206,559,0,1,550.0
2026-09-22T09:29:15.103443+00:00,81664.764759303,559,0,1,550.0
2026-09-22T09:29:16.103641+00:00,81665.764960856,559,0,1,550.0
2026-09-22T09:29:17.103964+00:00,81666.765280198,559,0,1,550.0
2026-09-22T09:29:18.104287+00:00,81667.765603996,559,0,1,550.0
2026-09-22T09:29:19.104594+00:00,81668.765910128,559,0,1,550.0
2026-09-22T09:29:20.104857+00:00,81669.766172028,559,0,1,550.0
2026-09-22T09:29:21.105140+00:00,81670.766456455,559,0,1,550.0
2026-09-22T09:29:22.105406+00:00,81671.766721763,559,0,1,550.0
2026-09-22T09:29:23.105648+00:00,81672.766967696,1114,3,2,1100.0
2026-09-22T09:29:24.105855+00:00,81673.767175599,1114,0,2,1100.0
2026-09-22T09:29:25.106097+00:00,81674.767417167,1114,0,2,1100.0
2026-09-22T09:29:26.106316+00:00,81675.767635565,1114,0,2,1100.0
2026-09-22T09:29:27.106590+00:00,81676.767909183,1114,0,2,1100.0
2026-09-22T09:29:28.106829+00:00,81677.768148311,1114,0,2,1100.0
2026-09-22T09:29:29.107049+00:00,81678.768366001,1114,0,2,1100.0
2026-09-22T09:29:30.107218+00:00,81679.768536543,1114,0,2,1100.0
2026-09-22T09:29:31.107391+00:00,81680.768710564,1114,0,2,1100.0
2026-09-22T09:29:32.107618+00:00,81681.768936407,1114,0,2,1100.0
2026-09-22T09:29:33.107841+00:00,81682.769159741,1114,0,2,1100.0
2026-09-22T09:29:34.108060+00:00,81683.769377835,1114,0,2,1100.0
2026-09-22T09:29:35.108284+00:00,81684.76960159,1114,0,2,1100.0
2026-09-22T09:29:36.108504+00:00,81685.769820841,1114,0,2,1100.0
2026-09-22T09:29:37.108777+00:00,81686.770093608,1114,0,2,1100.0
2026-09-22T09:29:38.109017+00:00,81687.770336954,1114,0,2,1100.0
2026-09-22T09:29:39.109251+00:00,81688.770568354,1114,0,2,1100.0
2026-09-22T09:29:40.109488+00:00,81689.770807971,1114,0,2,1100.0
2026-09-22T09:29:41.109836+00:00,81690.77115504,1114,0,2,1100.0
2026-09-22T09:29:42.110036+00:00,81691.771355961,1114,0,2,1100.0
2026-09-22T09:29:43.110249+00:00,81692.771568185,1114,0,2,1100.0
2026-09-22T09:29:44.110455+00:00,81693.771775138,1114,0,2,1100.0
2026-09-22T09:29:45.110663+00:00,81694.771980806,1114,0,2,1100.0
2026-09-22T09:29:46.110979+00:00,81695.772295854,1114,0,2,1100.0
2026-09-22T09:29:47.111170+00:00,81696.772489528,1114,0,2,1100.0
2026-09-22T09:29:48.111331+00:00,81697.772653433,1114,0,2,1100.0
2026-09-22T09:29:49.111739+00:00,81698.772993806,1114,0,2,1100.0
2026-09-22T09:29:50.111886+00:00,81699.773205946,1116,0,2,1102.0
2026-09-22T09:29:51.112074+00:00,81700.7733942,1118,3,2,1104.0
2026-09-22T09:29:52.112292+00:00,81701.773611668,1118,4,2,1104.0
2026-09-22T09:29:53.112544+00:00,81702.773861696,561,0,1,552.0
2026-09-22T09:29:54.112707+00:00,81703.774028957,561,0,1,552.0
2026-09-22T09:29:55.112907+00:00,81704.774228086,561,0,1,552.0
2026-09-22T09:29:56.113131+00:00,81705.774452043,561,0,1,552.0
2026-09-22T09:29:57.113378+00:00,81706.774694915,561,0,1,552.0
2026-09-22T09:29:58.113627+00:00,81707.774942809,561,0,1,552.0
2026-09-22T09:29:59.113859+00:00,81708.775175859,561,0,1,552.0
2026-09-22T09:30:00.114075+00:00,81709.775394787,559,0,0,0
2026-09-22T09:30:01.114235+00:00,81710.775556777,0,0,0,0
2026-09-22T09:30:02.114402+00:00,81711.775723851,0,0,0,0
2026-09-22T09:30:03.114651+00:00,81712.775970287,0,0,0,0
2026-09-22T09:30:04.114889+00:00,81713.776207861,0,0,0,0
2026-09-22T09:30:05.115161+00:00,81714.776478988,0,0,0,0
2026-09-22T09:30:06.115426+00:00,81715.776743232,0,0,0,0
2026-09-22T09:30:07.115634+00:00,81716.77695361,0,0,0,0
2026-09-22T09:30:08.115846+00:00,81717.777164638,0,0,0,0
2026-09-22T09:30:09.116077+00:00,81718.777395563,0,0,0,0
2026-09-22T09:30:10.116302+00:00,81719.777620642,0,0,0,0
2026-09-22T09:30:11.116513+00:00,81720.77783202,0,0,0,0
2026-09-22T09:30:12.116734+00:00,81721.778054159,0,0,0,0
2026-09-22T09:30:13.116947+00:00,81722.778266445,0,0,0,0
2026-09-22T09:30:14.117203+00:00,81723.778520395,0,0,0,0
2026-09-22T09:30:15.117413+00:00,81724.778731353,0,0,0,0
2026-09-22T09:30:16.117653+00:00,81725.778970281,0,0,0,0
2026-09-22T09:30:17.117909+00:00,81726.779226487,0,0,0,0
2026-09-22T09:30:18.118159+00:00,81727.779475467,0,0,0,0
2026-09-22T09:30:19.118384+00:00,81728.779703455,0,0,0,0
2026-09-22T09:30:20.118585+00:00,81729.77990555,0,0,0,0
2026-09-22T09:30:21.118852+00:00,81730.780169166,0,0,0,0
2026-09-22T09:30:22.119057+00:00,81731.78037704,0,0,0,0
2026-09-22T09:30:23.119300+00:00,81732.780619894,0,0,0,0
2026-09-22T09:30:24.119519+00:00,81733.780838994,0,0,0,0
2026-09-22T09:30:25.119874+00:00,81734.781191135,0,0,0,0
2026-09-22T09:30:26.120060+00:00,81735.781381097,0,0,0,0
2026-09-22T09:30:27.120247+00:00,81736.78156899,0,0,0,0
2026-09-22T09:30:28.120453+00:00,81737.781774078,0,0,0,0
2026-09-22T09:30:29.120634+00:00,81738.781954916,0,0,0,0
2026-09-22T09:30:30.120800+00:00,81739.782122325,0,0,0,0
2026-09-22T09:30:31.121029+00:00,81740.782347786,0,0,0,0
2026-09-22T09:30:32.121247+00:00,81741.782565759,0,0,0,0
2026-09-22T09:30:33.121524+00:00,81742.78284038,0,0,0,0
2026-09-22T09:30:34.121770+00:00,81743.783090889,0,0,0,0
2026-09-22T09:30:35.121963+00:00,81744.783284867,0,0,0,0
2026-09-22T09:30:36.122149+00:00,81745.783470256,0,0,0,0
2026-09-22T09:30:37.122357+00:00,81746.783675341,0,0,0,0
2026-09-22T09:30:38.122549+00:00,81747.783870851,0,0,0,0
2026-09-22T09:30:39.122795+00:00,81748.784116986,0,0,0,0
2026-09-22T09:30:40.123012+00:00,81749.784332078,0,0,0,0
2026-09-22T09:30:41.123225+00:00,81750.784544376,0,0,0,0
2026-09-22T09:30:42.123428+00:00,81751.7847479,0,0,0,0
2026-09-22T09:30:43.123724+00:00,81752.785044239,0,0,0,0
2026-09-22T09:30:44.123917+00:00,81753.785237519,0,0,0,0
2026-09-22T09:30:45.124103+00:00,81754.78542457,0,0,0,0
2026-09-22T09:30:46.124322+00:00,81755.785641918,0,0,0,0
2026-09-22T09:30:47.124604+00:00,81756.785923701,0,0,0,0
2026-09-22T09:30:48.124806+00:00,81757.786125086,0,0,0,0
2026-09-22T09:30:49.125039+00:00,81758.786358629,0,0,0,0
2026-09-22T09:30:50.125265+00:00,81759.786584477,0,0,0,0
2026-09-22T09:30:51.125469+00:00,81760.786789875,0,0,0,0
2026-09-22T09:30:52.125668+00:00,81761.786988955,0,0,0,0
2026-09-22T09:30:53.125871+00:00,81762.787192482,0,0,0,0
2026-09-22T09:30:54.126078+00:00,81763.787398838,0,0,0,0
2026-09-22T09:30:55.126322+00:00,81764.787642397,0,0,0,0
2026-09-22T09:30:56.126555+00:00,81765.787874558,0,0,0,0
2026-09-22T09:30:57.126808+00:00,81766.788128578,0,0,0,0
2026-09-22T09:30:58.127017+00:00,81767.788337079,0,0,0,0
2026-09-22T09:30:59.127162+00:00,81768.788484581,0,0,0,0
2026-09-22T09:31:00.127364+00:00,81769.788685038,0,0,0,0
2026-09-22T09:31:01.127580+00:00,81770.788896578,0,0,0,0
2026-09-22T09:31:02.127862+00:00,81771.789179277,0,0,0,0
2026-09-22T09:31:03.128241+00:00,81772.789559773,0,0,0,0
2026-09-22T09:31:04.128451+00:00,81773.789771202,0,0,0,0
2026-09-22T09:31:05.128640+00:00,81774.789960042,0,0,0,0
2026-09-22T09:31:06.128907+00:00,81775.790222867,1,0,1,14.0
2026-09-22T09:31:07.129119+00:00,81776.790438956,559,0,1,550.0
2026-09-22T09:31:08.129333+00:00,81777.790651601,559,0,1,550.0
2026-09-22T09:31:09.129503+00:00,81778.790824834,559,0,1,550.0
2026-09-22T09:31:10.129670+00:00,81779.790992511,559,0,1,550.0
2026-09-22T09:31:11.129892+00:00,81780.791210006,559,0,1,550.0
2026-09-22T09:31:12.130110+00:00,81781.791429612,559,0,1,550.0
2026-09-22T09:31:13.130381+00:00,81782.791698516,559,0,1,550.0
2026-09-22T09:31:14.130611+00:00,81783.791931346,559,0,1,550.0
2026-09-22T09:31:15.130840+00:00,81784.792157565,559,0,1,550.0
2026-09-22T09:31:16.131146+00:00,81785.792464873,559,0,1,550.0
2026-09-22T09:31:17.131318+00:00,81786.792640055,559,0,1,550.0
2026-09-22T09:31:18.131519+00:00,81787.792839411,559,0,1,550.0
2026-09-22T09:31:19.131773+00:00,81788.793093908,559,0,1,550.0
2026-09-22T09:31:20.132024+00:00,81789.793344236,559,0,1,550.0
2026-09-22T09:31:21.132245+00:00,81790.793565001,559,0,1,550.0
2026-09-22T09:31:22.132450+00:00,81791.793766357,559,0,1,550.0
2026-09-22T09:31:23.132644+00:00,81792.793964299,559,0,1,550.0
2026-09-22T09:31:24.132877+00:00,81793.794194449,559,0,1,550.0
2026-09-22T09:31:25.133066+00:00,81794.794385803,559,0,1,550.0
2026-09-22T09:31:26.133326+00:00,81795.794642591,559,0,1,550.0
2026-09-22T09:31:27.133496+00:00,81796.794817707,559,0,1,550.0
2026-09-22T09:31:28.133777+00:00,81797.795096133,559,0,1,550.0
2026-09-22T09:31:29.134034+00:00,81798.795350904,559,0,1,550.0
2026-09-22T09:31:30.134170+00:00,81799.795491594,559,0,1,550.0
2026-09-22T09:31:31.134356+00:00,81800.795677496,578,0,2,658.0
2026-09-22T09:31:32.134556+00:00,81801.795876789,1114,0,2,1100.0
2026-09-22T09:31:33.134794+00:00,81802.796115669,1114,0,2,1100.0
2026-09-22T09:31:34.135068+00:00,81803.796384905,1114,0,2,1100.0
2026-09-22T09:31:35.135296+00:00,81804.796613197,1114,0,2,1100.0
2026-09-22T09:31:36.135508+00:00,81805.796828918,1114,0,2,1100.0
2026-09-22T09:31:37.135747+00:00,81806.79706575,1114,0,2,1100.0
2026-09-22T09:31:38.135995+00:00,81807.797311901,1114,0,2,1100.0
2026-09-22T09:31:39.136208+00:00,81808.79752622,1114,0,2,1100.0
2026-09-22T09:31:40.136441+00:00,81809.797758055,1114,0,2,1100.0
2026-09-22T09:31:41.136644+00:00,81810.797964786,1114,0,2,1100.0
2026-09-22T09:31:42.136854+00:00,81811.798174595,1114,0,2,1100.0
2026-09-22T09:31:43.137066+00:00,81812.798386281,1114,0,2,1100.0
2026-09-22T09:31:44.137332+00:00,81813.798651827,1114,0,2,1100.0
2026-09-22T09:31:45.137553+00:00,81814.798873395,1114,0,2,1100.0
2026-09-22T09:31:46.137825+00:00,81815.799142106,1114,0,2,1100.0
2026-09-22T09:31:47.138046+00:00,81816.799364755,1114,0,2,1100.0
2026-09-22T09:31:48.138254+00:00,81817.79957186,1114,0,2,1100.0
2026-09-22T09:31:49.138447+00:00,81818.799766764,1114,0,2,1100.0
2026-09-22T09:31:50.138729+00:00,81819.800046547,1114,0,2,1100.0
2026-09-22T09:31:51.138946+00:00,81820.800265621,1114,0,2,1100.0
2026-09-22T09:31:52.139208+00:00,81821.800528614,1114,0,2,1100.0
2026-09-22T09:31:53.139410+00:00,81822.800731003,1114,0,2,1100.0
2026-09-22T09:31:54.139590+00:00,81823.800910905,1114,0,2,1100.0
2026-09-22T09:31:55.139779+00:00,81824.801100504,1114,0,2,1100.0
2026-09-22T09:31:56.140039+00:00,81825.801359231,1114,0,2,1100.0
2026-09-22T09:31:57.140316+00:00,81826.801633336,1114,0,2,1100.0
2026-09-22T09:31:58.140572+00:00,81827.801891773,1114,0,2,1100.0
2026-09-22T09:31:59.140850+00:00,81828.802168451,1114,0,2,1100.0
2026-09-22T09:32:00.141078+00:00,81829.802393781,1114,0,2,1100.0
2026-09-22T09:32:01.141257+00:00,81830.802574924,1116,0,2,1102.0
2026-09-22T09:32:02.141471+00:00,81831.80279075,1118,0,2,1104.0
2026-09-22T09:32:03.141732+00:00,81832.803049878,1118,3,2,1104.0
2026-09-22T09:32:04.141906+00:00,81833.803225933,1118,4,2,1104.0
2026-09-22T09:32:05.142140+00:00,81834.80345744,1118,3,2,1104.0
2026-09-22T09:32:06.142363+00:00,81835.803681749,561,0,1,552.0
2026-09-22T09:32:07.142601+00:00,81836.803919784,561,0,1,552.0
2026-09-22T09:32:08.142813+00:00,81837.804133397,561,0,1,552.0
2026-09-22T09:32:09.143029+00:00,81838.80434961,561,0,1,552.0
2026-09-22T09:32:10.143237+00:00,81839.804555787,561,0,1,552.0
2026-09-22T09:32:11.143473+00:00,81840.804791142,558,0,0,0
2026-09-22T09:32:12.143666+00:00,81841.804984958,0,0,0,0
2026-09-22T09:32:13.143883+00:00,81842.80520082,0,0,0,0
2026-09-22T09:32:14.144120+00:00,81843.805437639,0,0,0,0
2026-09-22T09:32:15.144342+00:00,81844.805659497,0,0,0,0
2026-09-22T09:32:16.144572+00:00,81845.805888885,0,0,0,0
2026-09-22T09:32:17.144806+00:00,81846.806125758,0,0,0,0
2026-09-22T09:32:18.145013+00:00,81847.806334552,0,0,0,0
2026-09-22T09:32:19.145231+00:00,81848.806551435,0,0,0,0
2026-09-22T09:32:20.145456+00:00,81849.806776094,0,0,0,0
2026-09-22T09:32:21.145733+00:00,81850.806994411,0,0,0,0
2026-09-22T09:32:22.145890+00:00,81851.80721018,0,0,0,0
2026-09-22T09:32:23.146082+00:00,81852.807402581,0,0,0,0
2026-09-22T09:32:24.146315+00:00,81853.807634185,0,0,0,0
2026-09-22T09:32:25.146531+00:00,81854.807851085,0,0,0,0
2026-09-22T09:32:26.146875+00:00,81855.808190923,0,0,0,0
2026-09-22T09:32:27.147078+00:00,81856.80839602,0,0,0,0
2026-09-22T09:32:28.147273+00:00,81857.808591375,0,0,0,0
2026-09-22T09:32:29.147497+00:00,81858.808815453,0,0,0,0
2026-09-22T09:32:30.147727+00:00,81859.809046081,0,0,0,0
2026-09-22T09:32:31.147969+00:00,81860.809288766,0,0,0,0
2026-09-22T09:32:32.148199+00:00,81861.809519201,0,0,0,0
2026-09-22T09:32:33.148395+00:00,81862.809716443,0,0,0,0
2026-09-22T09:32:34.148572+00:00,81863.809892684,0,0,0,0
2026-09-22T09:32:35.148796+00:00,81864.810116404,0,0,0,0
2026-09-22T09:32:36.149020+00:00,81865.810341516,0,0,0,0
2026-09-22T09:32:37.149222+00:00,81866.810541312,0,0,0,0
2026-09-22T09:32:38.149413+00:00,81867.810733607,0,0,0,0
2026-09-22T09:32:39.149629+00:00,81868.810949268,0,0,0,0
2026-09-22T09:32:40.150948+00:00,81869.812265026,0,0,0,0
2026-09-22T09:32:41.151136+00:00,81870.812456207,0,0,0,0
2026-09-22T09:32:42.151337+00:00,81871.812655408,0,0,0,0
2026-09-22T09:32:43.151539+00:00,81872.812859552,0,0,0,0
2026-09-22T09:32:44.151850+00:00,81873.813168859,0,0,0,0
2026-09-22T09:32:45.152050+00:00,81874.813370174,0,0,0,0
2026-09-22T09:32:46.152252+00:00,81875.81357188,0,0,0,0
2026-09-22T09:32:47.152454+00:00,81876.813774322,0,0,0,0
2026-09-22T09:32:48.152649+00:00,81877.813970275,0,0,0,0
2026-09-22T09:32:49.152788+00:00,81878.81410909,0,0,0,0
2026-09-22T09:32:50.152953+00:00,81879.814273919,0,0,0,0
2026-09-22T09:32:51.153150+00:00,81880.814472193,0,0,0,0
2026-09-22T09:32:52.153338+00:00,81881.814659989,0,0,0,0
2026-09-22T09:32:53.153547+00:00,81882.814868538,0,0,0,0
2026-09-22T09:32:54.153849+00:00,81883.815164741,0,0,0,0
2026-09-22T09:32:55.154089+00:00,81884.815409209,0,0,0,0
2026-09-22T09:32:56.154353+00:00,81885.815670399,0,0,0,0
2026-09-22T09:32:57.154558+00:00,81886.815878589,0,0,0,0
2026-09-22T09:32:58.154766+00:00,81887.816086688,0,0,0,0
2026-09-22T09:32:59.155003+00:00,81888.816323655,0,0,0,0
2026-09-22T09:33:00.155298+00:00,81889.816618043,0,0,0,0
2026-09-22T09:33:01.155494+00:00,81890.816813678,0,0,0,0
2026-09-22T09:33:02.155755+00:00,81891.81707314,0,0,0,0
2026-09-22T09:33:03.155918+00:00,81892.817239847,0,0,0,0
2026-09-22T09:33:04.156148+00:00,81893.817468612,0,0,0,0
2026-09-22T09:33:05.156360+00:00,81894.817680572,0,0,0,0
2026-09-22T09:33:06.156565+00:00,81895.817886449,0,0,0,0
2026-09-22T09:33:07.156817+00:00,81896.818136825,0,0,0,0
2026-09-22T09:33:08.157082+00:00,81897.818397993,0,0,0,0
2026-09-22T09:33:09.157285+00:00,81898.818603739,0,0,0,0
2026-09-22T09:33:10.157562+00:00,81899.818878336,0,0,0,0
2026-09-22T09:33:11.157788+00:00,81900.81910738,0,0,0,0
2026-09-22T09:33:12.157958+00:00,81901.819279458,0,0,0,0
2026-09-22T09:33:13.158225+00:00,81902.819541678,11,0,1,28.0
2026-09-22T09:33:14.158436+00:00,81903.81975411,559,0,1,550.0
2026-09-22T09:33:15.158644+00:00,81904.819964168,559,0,1,550.0
2026-09-22T09:33:16.158859+00:00,81905.820178458,559,0,1,550.0
2026-09-22T09:33:17.159113+00:00,81906.820428984,559,0,1,550.0
2026-09-22T09:33:18.159335+00:00,81907.82065474,559,0,1,550.0
2026-09-22T09:33:19.159589+00:00,81908.820906548,559,0,1,550.0
2026-09-22T09:33:20.159822+00:00,81909.821141996,559,0,1,550.0
2026-09-22T09:33:21.160025+00:00,81910.821345552,559,0,1,550.0
2026-09-22T09:33:22.160231+00:00,81911.821551114,559,0,1,550.0
2026-09-22T09:33:23.160469+00:00,81912.821786223,559,0,1,550.0
2026-09-22T09:33:24.160668+00:00,81913.821988894,559,0,1,550.0
2026-09-22T09:33:25.160862+00:00,81914.822178212,559,0,1,550.0
2026-09-22T09:33:26.161058+00:00,81915.822374927,559,0,1,550.0
2026-09-22T09:33:27.161250+00:00,81916.822569807,559,0,1,550.0
2026-09-22T09:33:28.161467+00:00,81917.822786921,559,0,1,550.0
2026-09-22T09:33:29.161769+00:00,81918.823086377,559,0,1,550.0
2026-09-22T09:33:30.161944+00:00,81919.823263563,559,0,1,550.0
2026-09-22T09:33:31.162141+00:00,81920.823462693,559,0,1,550.0
2026-09-22T09:33:32.162372+00:00,81921.823689804,559,0,1,550.0
2026-09-22T09:33:33.162635+00:00,81922.82395142,559,0,1,550.0
2026-09-22T09:33:34.162919+00:00,81923.824234747,559,0,1,550.0
2026-09-22T09:33:35.163156+00:00,81924.824472653,559,0,1,550.0
2026-09-22T09:33:36.163412+00:00,81925.824731372,559,0,1,550.0
2026-09-22T09:33:37.163587+00:00,81926.824908599,559,0,1,550.0
2026-09-22T09:33:38.163883+00:00,81927.825199322,1022,0,2,564.0
2026-09-22T09:33:39.164121+00:00,81928.825440671,1114,0,2,1100.0
2026-09-22T09:33:40.164311+00:00,81929.825630819,1114,0,2,1100.0
2026-09-22T09:33:41.164523+00:00,81930.825842471,1114,0,2,1100.0
2026-09-22T09:33:42.164846+00:00,81931.826166126,1114,0,2,1100.0
2026-09-22T09:33:43.165120+00:00,81932.826440414,1114,0,2,1100.0
2026-09-22T09:33:44.165284+00:00,81933.826605931,1114,0,2,1100.0
2026-09-22T09:33:45.165448+00:00,81934.826769588,1114,0,2,1100.0
2026-09-22T09:33:46.165643+00:00,81935.826964196,1114,0,2,1100.0
2026-09-22T09:33:47.165843+00:00,81936.827163659,1114,0,2,1100.0
2026-09-22T09:33:48.166054+00:00,81937.827371813,1114,0,2,1100.0
2026-09-22T09:33:49.166246+00:00,81938.827567294,1114,0,2,1100.0
2026-09-22T09:33:50.166451+00:00,81939.827771958,1114,0,2,1100.0
2026-09-22T09:33:51.166647+00:00,81940.827968258,1114,0,2,1100.0
2026-09-22T09:33:52.166787+00:00,81941.828108831,1114,0,2,1100.0
2026-09-22T09:33:53.167092+00:00,81942.828412556,1114,0,2,1100.0
2026-09-22T09:33:54.167284+00:00,81943.828605678,1114,0,2,1100.0
2026-09-22T09:33:55.167478+00:00,81944.828798971,1114,0,2,1100.0
2026-09-22T09:33:56.167746+00:00,81945.829063185,1114,0,2,1100.0
2026-09-22T09:33:57.168055+00:00,81946.829371471,1114,0,2,1100.0
2026-09-22T09:33:58.168219+00:00,81947.829539743,1114,0,2,1100.0
2026-09-22T09:33:59.168426+00:00,81948.829745475,1114,0,2,1100.0
2026-09-22T09:34:00.168641+00:00,81949.829958254,1114,0,2,1100.0
2026-09-22T09:34:01.168837+00:00,81950.830158213,1114,0,2,1100.0
2026-09-22T09:34:02.169004+00:00,81951.830325074,1114,0,2,1100.0
2026-09-22T09:34:03.169216+00:00,81952.830533925,1114,0,2,1100.0
2026-09-22T09:34:04.169426+00:00,81953.830746813,1114,0,2,1100.0
2026-09-22T09:34:05.169600+00:00,81954.830920082,1114,0,2,1100.0
2026-09-22T09:34:06.169832+00:00,81955.831153139,1114,0,2,1100.0
2026-09-22T09:34:07.170038+00:00,81956.831359194,1118,4,2,1104.0
2026-09-22T09:34:08.170247+00:00,81957.831567829,561,4,1,552.0
2026-09-22T09:34:09.170557+00:00,81958.831873696,561,0,1,552.0
2026-09-22T09:34:10.170840+00:00,81959.832158774,561,0,1,552.0
2026-09-22T09:34:11.171025+00:00,81960.832344182,561,0,1,552.0
2026-09-22T09:34:12.171206+00:00,81961.832525114,561,0,1,552.0
2026-09-22T09:34:13.171359+00:00,81962.832680603,561,0,1,552.0
2026-09-22T09:34:14.171640+00:00,81963.832955648,561,0,1,552.0
2026-09-22T09:34:15.171910+00:00,81964.833230042,561,0,1,552.0
2026-09-22T09:34:16.172115+00:00,81965.833435345,561,0,1,552.0
2026-09-22T09:34:17.172325+00:00,81966.833645657,0,0,0,0
2026-09-22T09:34:18.172588+00:00,81967.833904339,0,0,0,0
2026-09-22T09:34:19.172854+00:00,81968.834171337,0,0,0,0
2026-09-22T09:34:20.173061+00:00,81969.834380525,0,0,0,0
2026-09-22T09:34:21.173258+00:00,81970.83457912,0,0,0,0
2026-09-22T09:34:22.173477+00:00,81971.834797258,0,0,0,0
2026-09-22T09:34:23.173741+00:00,81972.834997243,0,0,0,0
2026-09-22T09:34:24.173886+00:00,81973.835206173,0,0,0,0
2026-09-22T09:34:25.174102+00:00,81974.83542185,0,0,0,0
2026-09-22T09:34:26.174280+00:00,81975.835600283,0,0,0,0
2026-09-22T09:34:27.174499+00:00,81976.835817225,0,0,0,0
2026-09-22T09:34:28.174768+00:00,81977.83608596,0,0,0,0
2026-09-22T09:34:29.175009+00:00,81978.836326142,0,0,0,0
2026-09-22T09:34:30.175261+00:00,81979.836577029,0,0,0,0
2026-09-22T09:34:31.175472+00:00,81980.836790265,0,0,0,0
2026-09-22T09:34:32.175807+00:00,81981.837121968,0,0,0,0
2026-09-22T09:34:33.176079+00:00,81982.837395177,0,0,0,0
2026-09-22T09:34:34.176309+00:00,81983.837626312,0,0,0,0
2026-09-22T09:34:35.176510+00:00,81984.837828421,0,0,0,0
2026-09-22T09:34:36.176782+00:00,81985.838098792,0,0,0,0
2026-09-22T09:34:37.176969+00:00,81986.838286784,0,0,0,0
2026-09-22T09:34:38.177162+00:00,81987.838483401,0,0,0,0
2026-09-22T09:34:39.177332+00:00,81988.838652639,0,0,0,0
2026-09-22T09:34:40.177526+00:00,81989.838846751,0,0,0,0
2026-09-22T09:34:41.177728+00:00,81990.839049355,0,0,0,0
2026-09-22T09:34:42.177948+00:00,81991.839267967,0,0,0,0
2026-09-22T09:34:43.178141+00:00,81992.83946218,0,0,0,0
2026-09-22T09:34:44.178426+00:00,81993.839744858,0,0,0,0
2026-09-22T09:34:45.178643+00:00,81994.839962306,0,0,0,0
2026-09-22T09:34:46.178865+00:00,81995.840183806,0,0,0,0
2026-09-22T09:34:47.179055+00:00,81996.840376907,0,0,0,0
2026-09-22T09:34:48.179254+00:00,81997.840575243,0,0,0,0
2026-09-22T09:34:49.179469+00:00,81998.840788875,0,0,0,0
2026-09-22T09:34:50.179787+00:00,81999.841105007,0,0,0,0
2026-09-22T09:34:51.179980+00:00,82000.841299394,0,0,0,0
2026-09-22T09:34:52.180177+00:00,82001.841497935,0,0,0,0
2026-09-22T09:34:53.180309+00:00,82002.841632146,0,0,0,0
2026-09-22T09:34:54.180539+00:00,82003.841858045,0,0,0,0
2026-09-22T09:34:55.180724+00:00,82004.842046052,0,0,0,0
2026-09-22T09:34:56.180912+00:00,82005.842232406,0,0,0,0
2026-09-22T09:34:57.181154+00:00,82006.842472406,0,0,0,0
2026-09-22T09:34:58.181379+00:00,82007.842698338,0,0,0,0
2026-09-22T09:34:59.181574+00:00,82008.842896026,0,0,0,0
2026-09-22T09:35:00.181863+00:00,82009.84317909,0,0,0,0
2026-09-22T09:35:01.182050+00:00,82010.843371617,0,0,0,0
2026-09-22T09:35:02.182259+00:00,82011.843580281,0,0,0,0
2026-09-22T09:35:03.182523+00:00,82012.84383885,0,0,0,0
2026-09-22T09:35:04.182813+00:00,82013.844130439,0,0,0,0
2026-09-22T09:35:05.183019+00:00,82014.844339861,0,0,0,0
2026-09-22T09:35:06.183240+00:00,82015.844560131,0,0,0,0
2026-09-22T09:35:07.183434+00:00,82016.844755431,0,0,0,0
2026-09-22T09:35:08.183632+00:00,82017.844952877,0,0,0,0
2026-09-22T09:35:09.183900+00:00,82018.845220891,0,0,0,0
2026-09-22T09:35:10.184100+00:00,82019.845420752,0,0,0,0
2026-09-22T09:35:11.184303+00:00,82020.845624004,0,0,0,0
2026-09-22T09:35:12.184479+00:00,82021.845797728,0,0,0,0
2026-09-22T09:35:13.184749+00:00,82022.84606677,0,0,0,0
2026-09-22T09:35:14.184983+00:00,82023.846300675,0,0,0,0
2026-09-22T09:35:15.185207+00:00,82024.846527051,0,0,0,0
2026-09-22T09:35:16.185446+00:00,82025.84676575,0,0,0,0
2026-09-22T09:35:17.185652+00:00,82026.846969929,0,0,0,0
2026-09-22T09:35:18.185866+00:00,82027.847185927,0,0,0,0
2026-09-22T09:35:19.186065+00:00,82028.847383822,0,0,0,0
2026-09-22T09:35:20.186284+00:00,82029.847605276,0,0,0,0
2026-09-22T09:35:21.186580+00:00,82030.847895538,0,0,0,0
2026-09-22T09:35:22.186847+00:00,82031.848164542,0,0,0,0
2026-09-22T09:35:23.187112+00:00,82032.848427851,559,0,1,550.0
2026-09-22T09:35:24.187317+00:00,82033.8486359,559,0,1,550.0
2026-09-22T09:35:25.187557+00:00,82034.848875227,559,0,1,550.0
2026-09-22T09:35:26.187900+00:00,82035.849215917,559,0,1,550.0
2026-09-22T09:35:27.188154+00:00,82036.849470543,559,0,1,550.0
2026-09-22T09:35:28.188515+00:00,82037.849834716,559,0,1,550.0
2026-09-22T09:35:29.188832+00:00,82038.850149221,559,0,1,550.0
2026-09-22T09:35:30.189067+00:00,82039.850384208,559,0,1,550.0
2026-09-22T09:35:31.189248+00:00,82040.850565716,559,0,1,550.0
2026-09-22T09:35:32.189439+00:00,82041.850757184,559,0,1,550.0
2026-09-22T09:35:33.189650+00:00,82042.850969347,559,0,1,550.0
2026-09-22T09:35:34.189901+00:00,82043.851221043,559,0,1,550.0
2026-09-22T09:35:35.190114+00:00,82044.851433538,559,0,1,550.0
2026-09-22T09:35:36.190325+00:00,82045.85164264,559,0,1,550.0
2026-09-22T09:35:37.190541+00:00,82046.851860458,559,0,1,550.0
2026-09-22T09:35:38.190820+00:00,82047.852140521,559,0,1,550.0
2026-09-22T09:35:39.191039+00:00,82048.852358475,559,0,1,550.0
2026-09-22T09:35:40.191246+00:00,82049.852566553,559,0,1,550.0
2026-09-22T09:35:41.191489+00:00,82050.852808517,559,0,1,550.0
2026-09-22T09:35:42.191814+00:00,82051.853130219,559,0,1,550.0
2026-09-22T09:35:43.192132+00:00,82052.853447757,559,0,1,550.0
2026-09-22T09:35:44.192339+00:00,82053.853658384,559,0,1,550.0
2026-09-22T09:35:45.192530+00:00,82054.853850877,559,0,1,550.0
2026-09-22T09:35:46.192784+00:00,82055.854104112,559,0,1,550.0
2026-09-22T09:35:47.192935+00:00,82056.854256295,559,0,1,550.0
2026-09-22T09:35:48.193196+00:00,82057.854512337,1114,0,2,1100.0
2026-09-22T09:35:49.193416+00:00,82058.854733017,1114,0,2,1100.0
2026-09-22T09:35:50.193739+00:00,82059.854993702,1114,0,2,1100.0
2026-09-22T09:35:51.193935+00:00,82060.855250262,1114,0,2,1100.0
2026-09-22T09:35:52.194143+00:00,82061.855462962,1114,0,2,1100.0
2026-09-22T09:35:53.194358+00:00,82062.855677002,1114,0,2,1100.0
2026-09-22T09:35:54.194605+00:00,82063.855924256,1114,0,2,1100.0
2026-09-22T09:35:55.194807+00:00,82064.856127202,1114,0,2,1100.0
2026-09-22T09:35:56.194985+00:00,82065.856305545,1114,0,2,1100.0
2026-09-22T09:35:57.195231+00:00,82066.856548284,1114,0,2,1100.0
2026-09-22T09:35:58.195473+00:00,82067.85679068,1114,0,2,1100.0
2026-09-22T09:35:59.195800+00:00,82068.857116373,1114,0,2,1100.0
2026-09-22T09:36:00.196059+00:00,82069.857375484,1114,0,2,1100.0
2026-09-22T09:36:01.196262+00:00,82070.857581057,1114,0,2,1100.0
2026-09-22T09:36:02.196482+00:00,82071.857802304,1114,0,2,1100.0
2026-09-22T09:36:03.196782+00:00,82072.858098442,1114,0,2,1100.0
2026-09-22T09:36:04.196982+00:00,82073.858302019,1114,0,2,1100.0
2026-09-22T09:36:05.197209+00:00,82074.858528097,1114,0,2,1100.0
2026-09-22T09:36:06.197415+00:00,82075.858734837,1114,0,2,1100.0
2026-09-22T09:36:07.197652+00:00,82076.858969617,1114,0,2,1100.0
2026-09-22T09:36:08.197868+00:00,82077.859186946,1114,0,2,1100.0
2026-09-22T09:36:09.198100+00:00,82078.859418886,1114,0,2,1100.0
2026-09-22T09:36:10.198341+00:00,82079.859658904,1114,0,2,1100.0
2026-09-22T09:36:11.198635+00:00,82080.859951614,1114,0,2,1100.0
2026-09-22T09:36:12.198881+00:00,82081.860201435,1114,0,2,1100.0
2026-09-22T09:36:13.199078+00:00,82082.860395064,1114,0,2,1100.0
2026-09-22T09:36:14.199279+00:00,82083.860597756,1114,0,2,1100.0
2026-09-22T09:36:15.199493+00:00,82084.860810808,1118,4,2,1104.0
2026-09-22T09:36:16.199846+00:00,82085.861162766,1118,3,2,1104.0
2026-09-22T09:36:17.200035+00:00,82086.861352174,1118,4,2,1104.0
2026-09-22T09:36:18.200269+00:00,82087.861586443,1118,0,2,1104.0
2026-09-22T09:36:19.200501+00:00,82088.861817346,1118,0,2,1104.0
2026-09-22T09:36:20.200781+00:00,82089.862099356,1118,0,2,1104.0
2026-09-22T09:36:21.201001+00:00,82090.862318664,1118,0,2,1104.0
2026-09-22T09:36:22.201270+00:00,82091.862585398,561,0,1,552.0
2026-09-22T09:36:23.201475+00:00,82092.862792823,561,0,1,552.0
2026-09-22T09:36:24.201670+00:00,82093.862987599,561,0,1,552.0
2026-09-22T09:36:25.201836+00:00,82094.86315756,0,0,0,0
2026-09-22T09:36:26.202112+00:00,82095.863431984,0,0,0,0
2026-09-22T09:36:27.202248+00:00,82096.863570913,0,0,0,0
2026-09-22T09:36:28.202401+00:00,82097.863722841,0,0,0,0
2026-09-22T09:36:29.202598+00:00,82098.863916383,0,0,0,0
2026-09-22T09:36:30.202823+00:00,82099.864141267,0,0,0,0
2026-09-22T09:36:31.203052+00:00,82100.864369781,0,0,0,0
2026-09-22T09:36:32.203252+00:00,82101.864571196,0,0,0,0
2026-09-22T09:36:33.203432+00:00,82102.864752036,0,0,0,0
2026-09-22T09:36:34.203644+00:00,82103.86496445,0,0,0,0
2026-09-22T09:36:35.203860+00:00,82104.865179156,0,0,0,0
2026-09-22T09:36:36.204061+00:00,82105.86538233,0,0,0,0
2026-09-22T09:36:37.204237+00:00,82106.86555768,0,0,0,0
2026-09-22T09:36:38.204447+00:00,82107.865767476,0,0,0,0
2026-09-22T09:36:39.204658+00:00,82108.865978404,0,0,0,0
2026-09-22T09:36:40.204848+00:00,82109.866164719,0,0,0,0
2026-09-22T09:36:41.205093+00:00,82110.866409052,0,0,0,0
2026-09-22T09:36:42.205308+00:00,82111.866626544,0,0,0,0
2026-09-22T09:36:43.205539+00:00,82112.866858031,0,0,0,0
2026-09-22T09:36:44.205805+00:00,82113.867121851,0,0,0,0
2026-09-22T09:36:45.206001+00:00,82114.867319311,0,0,0,0
2026-09-22T09:36:46.206206+00:00,82115.867525663,0,0,0,0
2026-09-22T09:36:47.206447+00:00,82116.867764431,0,0,0,0
2026-09-22T09:36:48.206647+00:00,82117.867966699,0,0,0,0
2026-09-22T09:36:49.206837+00:00,82118.868157978,0,0,0,0
2026-09-22T09:36:50.207057+00:00,82119.868376306,0,0,0,0
2026-09-22T09:36:51.207279+00:00,82120.868599996,0,0,0,0
2026-09-22T09:36:52.207474+00:00,82121.868796119,0,0,0,0
2026-09-22T09:36:53.207660+00:00,82122.868981689,0,0,0,0
2026-09-22T09:36:54.207858+00:00,82123.86917943,0,0,0,0
2026-09-22T09:36:55.208069+00:00,82124.869389031,0,0,0,0
2026-09-22T09:36:56.208272+00:00,82125.869592975,0,0,0,0
2026-09-22T09:36:57.208488+00:00,82126.869808074,0,0,0,0
2026-09-22T09:36:58.208740+00:00,82127.870059918,0,0,0,0
2026-09-22T09:36:59.208927+00:00,82128.870248535,0,0,0,0
2026-09-22T09:37:00.209127+00:00,82129.870447991,0,0,0,0
2026-09-22T09:37:01.209330+00:00,82130.87064918,0,0,0,0
2026-09-22T09:37:02.209544+00:00,82131.870864524,0,0,0,0
2026-09-22T09:37:03.209800+00:00,82132.871119787,0,0,0,0
2026-09-22T09:37:04.210017+00:00,82133.871336983,0,0,0,0
2026-09-22T09:37:05.210242+00:00,82134.871559595,0,0,0,0
2026-09-22T09:37:06.210472+00:00,82135.87179229,0,0,0,0
2026-09-22T09:37:07.210649+00:00,82136.87196868,0,0,0,0
2026-09-22T09:37:08.210866+00:00,82137.87218571,0,0,0,0
2026-09-22T09:37:09.211086+00:00,82138.872406108,0,0,0,0
2026-09-22T09:37:10.211266+00:00,82139.872584503,0,0,0,0
2026-09-22T09:37:11.211474+00:00,82140.872794588,0,0,0,0
2026-09-22T09:37:12.211721+00:00,82141.872998257,0,0,0,0
2026-09-22T09:37:13.211884+00:00,82142.873205165,0,0,0,0
2026-09-22T09:37:14.212086+00:00,82143.873407064,0,0,0,0
2026-09-22T09:37:15.212337+00:00,82144.873657432,0,0,0,0
2026-09-22T09:37:16.212543+00:00,82145.873864055,0,0,0,0
2026-09-22T09:37:17.212785+00:00,82146.874105474,0,0,0,0
2026-09-22T09:37:18.213075+00:00,82147.874395628,0,0,0,0
2026-09-22T09:37:19.213273+00:00,82148.874592561,0,0,0,0
2026-09-22T09:37:20.213570+00:00,82149.874891961,0,0,0,0
2026-09-22T09:37:21.213776+00:00,82150.875095389,0,0,0,0
2026-09-22T09:37:22.213947+00:00,82151.875267088,0,0,0,0
2026-09-22T09:37:23.214109+00:00,82152.875429622,0,0,0,0
2026-09-22T09:37:24.214272+00:00,82153.875594309,0,0,0,0
2026-09-22T09:37:25.214494+00:00,82154.875812515,0,0,0,0
2026-09-22T09:37:26.214755+00:00,82155.876074552,0,0,0,0
2026-09-22T09:37:27.214945+00:00,82156.876264214,0,0,0,0
2026-09-22T09:37:28.215152+00:00,82157.876472294,0,0,0,0
2026-09-22T09:37:29.215378+00:00,82158.876696486,0,0,0,0
2026-09-22T09:37:30.215588+00:00,82159.876908779,0,0,0,0
2026-09-22T09:37:31.215806+00:00,82160.877126523,0,0,0,0
2026-09-22T09:37:32.216015+00:00,82161.877335947,0,0,0,0
2026-09-22T09:37:33.216190+00:00,82162.877509416,0,0,0,0
2026-09-22T09:37:34.216399+00:00,82163.877720086,0,0,0,0
2026-09-22T09:37:35.216599+00:00,82164.87792086,0,0,0,0
2026-09-22T09:37:36.216819+00:00,82165.878138792,0,0,0,0
2026-09-22T09:37:37.217027+00:00,82166.878347449,0,0,0,0
2026-09-22T09:37:38.217232+00:00,82167.878552675,0,0,0,0
2026-09-22T09:37:39.217426+00:00,82168.878745686,0,0,0,0
2026-09-22T09:37:40.217636+00:00,82169.878955678,0,0,0,0
2026-09-22T09:37:41.217891+00:00,82170.879207673,0,0,0,0
2026-09-22T09:37:42.218128+00:00,82171.879447253,0,0,0,0
2026-09-22T09:37:43.218408+00:00,82172.879726188,0,0,0,0
2026-09-22T09:37:44.218655+00:00,82173.879973554,0,0,0,0
2026-09-22T09:37:45.218889+00:00,82174.880207391,0,0,0,0
2026-09-22T09:37:46.219106+00:00,82175.880425832,0,0,0,0
2026-09-22T09:37:47.219285+00:00,82176.880605475,0,0,0,0
2026-09-22T09:37:48.219480+00:00,82177.880801565,0,0,0,0
2026-09-22T09:37:49.219726+00:00,82178.880994982,0,0,0,0
2026-09-22T09:37:50.219890+00:00,82179.881210722,0,0,0,0
2026-09-22T09:37:51.220096+00:00,82180.881417461,0,0,0,0
2026-09-22T09:37:52.220298+00:00,82181.881619491,0,0,0,0
2026-09-22T09:37:53.220493+00:00,82182.881814863,0,0,0,0
2026-09-22T09:37:54.220768+00:00,82183.882088994,0,0,0,0
2026-09-22T09:37:55.221014+00:00,82184.882335854,0,0,0,0
2026-09-22T09:37:56.221214+00:00,82185.882535287,0,0,0,0
2026-09-22T09:37:57.221411+00:00,82186.882733135,0,0,0,0
2026-09-22T09:37:58.221603+00:00,82187.882925144,0,0,0,0
2026-09-22T09:37:59.221798+00:00,82188.883119553,0,0,0,0
2026-09-22T09:38:00.221995+00:00,82189.883315999,0,0,0,0
2026-09-22T09:38:01.222195+00:00,82190.883516686,0,0,0,0
2026-09-22T09:38:02.222430+00:00,82191.883751597,0,0,0,0
2026-09-22T09:38:03.222631+00:00,82192.883952526,0,0,0,0
2026-09-22T09:38:04.222851+00:00,82193.884170432,0,0,0,0
2026-09-22T09:38:05.223083+00:00,82194.884404306,0,0,0,0
2026-09-22T09:38:06.223262+00:00,82195.884584038,0,0,0,0
2026-09-22T09:38:07.223463+00:00,82196.884782879,0,0,0,0
2026-09-22T09:38:08.223734+00:00,82197.885052805,0,0,0,0
2026-09-22T09:38:09.223933+00:00,82198.885254552,0,0,0,0
2026-09-22T09:38:10.224100+00:00,82199.885421675,0,0,0,0
2026-09-22T09:38:11.224298+00:00,82200.885619296,0,0,0,0
2026-09-22T09:38:12.224494+00:00,82201.885814796,0,0,0,0
2026-09-22T09:38:13.224726+00:00,82202.886044828,0,0,0,0
2026-09-22T09:38:14.224940+00:00,82203.886260694,0,0,0,0
2026-09-22T09:38:15.225151+00:00,82204.886473028,0,0,0,0
2026-09-22T09:38:16.225444+00:00,82205.886763611,0,0,0,0
2026-09-22T09:38:17.225637+00:00,82206.886956891,0,0,0,0
2026-09-22T09:38:18.225860+00:00,82207.887181003,0,0,0,0
2026-09-22T09:38:19.226066+00:00,82208.887386499,0,0,0,0
2026-09-22T09:38:20.226279+00:00,82209.887598407,0,0,0,0
2026-09-22T09:38:21.226557+00:00,82210.887877027,0,0,0,0
2026-09-22T09:38:22.226806+00:00,82211.888126192,0,0,0,0
2026-09-22T09:38:23.227005+00:00,82212.888326462,0,0,0,0
2026-09-22T09:38:24.227232+00:00,82213.888551651,0,0,0,0
2026-09-22T09:38:25.227487+00:00,82214.888805066,0,0,0,0
2026-09-22T09:38:26.227766+00:00,82215.889084888,0,0,0,0
2026-09-22T09:38:27.227958+00:00,82216.889279781,0,0,0,0
2026-09-22T09:38:28.228166+00:00,82217.889486671,0,0,0,0
2026-09-22T09:38:29.228368+00:00,82218.889689281,0,0,0,0
2026-09-22T09:38:30.228574+00:00,82219.889895114,0,0,0,0
2026-09-22T09:38:31.228846+00:00,82220.890163384,0,0,0,0
2026-09-22T09:38:32.229015+00:00,82221.890335858,0,0,0,0
2026-09-22T09:38:33.229196+00:00,82222.890518267,0,0,0,0
2026-09-22T09:38:34.229416+00:00,82223.890736093,0,0,0,0
2026-09-22T09:38:35.229619+00:00,82224.890940015,0,0,0,0
2026-09-22T09:38:36.229818+00:00,82225.891139188,0,0,0,0
2026-09-22T09:38:37.230017+00:00,82226.891337373,0,0,0,0
2026-09-22T09:38:38.230229+00:00,82227.891549224,0,0,0,0
2026-09-22T09:38:39.230446+00:00,82228.89176654,0,0,0,0
2026-09-22T09:38:40.230672+00:00,82229.891991041,0,0,0,0
2026-09-22T09:38:41.230879+00:00,82230.892199065,0,0,0,0
2026-09-22T09:38:42.231100+00:00,82231.892421149,0,0,0,0
2026-09-22T09:38:43.231300+00:00,82232.892621417,0,0,0,0
2026-09-22T09:38:44.231499+00:00,82233.892820716,0,0,0,0
2026-09-22T09:38:45.231735+00:00,82234.893055674,0,0,0,0
2026-09-22T09:38:46.231949+00:00,82235.893269683,0,0,0,0
2026-09-22T09:38:47.232128+00:00,82236.893449662,0,0,0,0
2026-09-22T09:38:48.232324+00:00,82237.893646239,0,0,0,0
2026-09-22T09:38:49.232554+00:00,82238.893872686,0,0,0,0
2026-09-22T09:38:50.232830+00:00,82239.894148175,0,0,0,0
2026-09-22T09:38:51.233115+00:00,82240.894436643,0,0,0,0
2026-09-22T09:38:52.233326+00:00,82241.894646943,0,0,0,0
2026-09-22T09:38:53.233521+00:00,82242.89484258,0,0,0,0
2026-09-22T09:38:54.233790+00:00,82243.895110859,0,0,0,0
2026-09-22T09:38:55.233947+00:00,82244.895269346,0,0,0,0
2026-09-22T09:38:56.234157+00:00,82245.895478065,0,0,0,0
2026-09-22T09:38:57.234365+00:00,82246.895685961,0,0,0,0
2026-09-22T09:38:58.234567+00:00,82247.895887465,0,0,0,0
2026-09-22T09:38:59.234818+00:00,82248.896136344,0,0,0,0
2026-09-22T09:39:00.234999+00:00,82249.89631915,0,0,0,0
2026-09-22T09:39:01.235209+00:00,82250.896529446,0,0,0,0
2026-09-22T09:39:02.235406+00:00,82251.896728335,0,0,0,0
2026-09-22T09:39:03.235614+00:00,82252.896934979,0,0,0,0
2026-09-22T09:39:04.235807+00:00,82253.897128871,0,0,0,0
2026-09-22T09:39:05.236005+00:00,82254.897324966,0,0,0,0
2026-09-22T09:39:06.236241+00:00,82255.897561731,0,0,0,0
2026-09-22T09:39:07.236433+00:00,82256.897754258,0,0,0,0
2026-09-22T09:39:08.236633+00:00,82257.897954408,0,0,0,0
2026-09-22T09:39:09.236799+00:00,82258.898118928,0,0,0,0
2026-09-22T09:39:10.237031+00:00,82259.898350578,0,0,0,0
2026-09-22T09:39:11.237228+00:00,82260.89854939,0,0,0,0
2026-09-22T09:39:12.237501+00:00,82261.898820809,0,0,0,0
2026-09-22T09:39:13.237754+00:00,82262.899074144,0,0,0,0
2026-09-22T09:39:14.237953+00:00,82263.899273708,0,0,0,0
2026-09-22T09:39:15.238156+00:00,82264.899476553,0,0,0,0
2026-09-22T09:39:16.238451+00:00,82265.899771172,0,0,0,0
2026-09-22T09:39:17.238667+00:00,82266.899986204,0,0,0,0
2026-09-22T09:39:18.238867+00:00,82267.900188652,0,0,0,0
2026-09-22T09:39:19.239099+00:00,82268.900420804,0,0,0,0
2026-09-22T09:39:20.239292+00:00,82269.900614208,0,0,0,0
2026-09-22T09:39:21.239490+00:00,82270.900811509,0,0,0,0
2026-09-22T09:39:22.239815+00:00,82271.901135775,0,0,0,0
2026-09-22T09:39:23.240018+00:00,82272.901338663,0,0,0,0
2026-09-22T09:39:24.240222+00:00,82273.901543196,0,0,0,0
2026-09-22T09:39:25.240430+00:00,82274.901750938,0,0,0,0
2026-09-22T09:39:26.240605+00:00,82275.901926921,0,0,0,0
2026-09-22T09:39:27.240789+00:00,82276.902109873,0,0,0,0
2026-09-22T09:39:28.240979+00:00,82277.902299018,0,0,0,0
2026-09-22T09:39:29.241151+00:00,82278.902472471,0,0,0,0
2026-09-22T09:39:30.241346+00:00,82279.90266758,0,0,0,0
2026-09-22T09:39:31.241551+00:00,82280.90287144,0,0,0,0
2026-09-22T09:39:32.241794+00:00,82281.903115151,0,0,0,0
2026-09-22T09:39:33.242017+00:00,82282.903338016,0,0,0,0
2026-09-22T09:39:34.242216+00:00,82283.903536451,0,0,0,0
2026-09-22T09:39:35.242401+00:00,82284.903721844,0,0,0,0
2026-09-22T09:39:36.242616+00:00,82285.90393658,0,0,0,0
2026-09-22T09:39:37.242843+00:00,82286.904162792,0,0,0,0
2026-09-22T09:39:38.243073+00:00,82287.90439278,0,0,0,0
2026-09-22T09:39:39.243239+00:00,82288.904559941,0,0,0,0
2026-09-22T09:39:40.243517+00:00,82289.904837216,0,0,0,0
2026-09-22T09:39:41.243726+00:00,82290.90504666,0,0,0,0
2026-09-22T09:39:42.243962+00:00,82291.905282504,0,0,0,0
2026-09-22T09:39:43.244197+00:00,82292.905516423,0,0,0,0
2026-09-22T09:39:44.244391+00:00,82293.905712832,0,0,0,0
2026-09-22T09:39:45.244589+00:00,82294.905910205,0,0,0,0
2026-09-22T09:39:46.244817+00:00,82295.906138436,0,0,0,0
2026-09-22T09:39:47.245029+00:00,82296.906350023,0,0,0,0
2026-09-22T09:39:48.245207+00:00,82297.906528005,0,0,0,0
2026-09-22T09:39:49.245406+00:00,82298.906727064,0,0,0,0
2026-09-22T09:39:50.245589+00:00,82299.906910038,0,0,0,0
2026-09-22T09:39:51.245812+00:00,82300.907130254,0,0,0,0
2026-09-22T09:39:52.246077+00:00,82301.907393998,0,0,0,0
2026-09-22T09:39:53.246287+00:00,82302.907607066,0,0,0,0
2026-09-22T09:39:54.246482+00:00,82303.907803425,0,0,0,0
2026-09-22T09:39:55.246781+00:00,82304.908100242,0,0,0,0
2026-09-22T09:39:56.246980+00:00,82305.90830075,0,0,0,0
2026-09-22T09:39:57.247191+00:00,82306.90851099,0,0,0,0
2026-09-22T09:39:58.247426+00:00,82307.908744902,0,0,0,0
2026-09-22T09:39:59.247628+00:00,82308.908949319,0,0,0,0
2026-09-22T09:40:00.247839+00:00,82309.90915937,0,0,0,0
2026-09-22T09:40:01.248105+00:00,82310.909426584,0,0,0,0
2026-09-22T09:40:02.248331+00:00,82311.909650236,0,0,0,0
2026-09-22T09:40:03.248602+00:00,82312.90991962,0,0,0,0
2026-09-22T09:40:04.248815+00:00,82313.910134465,0,0,0,0
2026-09-22T09:40:05.249001+00:00,82314.910322662,0,0,0,0
2026-09-22T09:40:06.249257+00:00,82315.910577109,0,0,0,0
2026-09-22T09:40:07.249465+00:00,82316.910786038,0,0,0,0
2026-09-22T09:40:08.249737+00:00,82317.911057922,0,0,0,0
2026-09-22T09:40:09.249935+00:00,82318.91125565,0,0,0,0
2026-09-22T09:40:10.250112+00:00,82319.911432738,0,0,0,0
2026-09-22T09:40:11.250327+00:00,82320.911647818,0,0,0,0
2026-09-22T09:40:12.250545+00:00,82321.91186419,0,0,0,0
2026-09-22T09:40:13.250833+00:00,82322.912151756,0,0,0,0
2026-09-22T09:40:14.251029+00:00,82323.912350465,0,0,0,0
2026-09-22T09:40:15.251222+00:00,82324.912544076,0,0,0,0
2026-09-22T09:40:16.251487+00:00,82325.91280697,0,0,0,0
2026-09-22T09:40:17.251726+00:00,82326.913046647,0,0,0,0
2026-09-22T09:40:18.251945+00:00,82327.913264715,0,0,0,0
2026-09-22T09:40:19.252137+00:00,82328.913458302,0,0,0,0
2026-09-22T09:40:20.252331+00:00,82329.913652016,0,0,0,0
2026-09-22T09:40:21.252497+00:00,82330.913817846,0,0,0,0
2026-09-22T09:40:22.252758+00:00,82331.914077729,0,0,0,0
2026-09-22T09:40:23.252944+00:00,82332.914265753,0,0,0,0
2026-09-22T09:40:24.253147+00:00,82333.914467214,0,0,0,0
2026-09-22T09:40:25.253381+00:00,82334.914701218,0,0,0,0
2026-09-22T09:40:26.253576+00:00,82335.914897519,0,0,0,0
2026-09-22T09:40:27.253803+00:00,82336.915124194,0,0,0,0
2026-09-22T09:40:28.254138+00:00,82337.915459424,0,0,0,0
2026-09-22T09:40:29.254423+00:00,82338.91574454,0,0,0,0
2026-09-22T09:40:30.254719+00:00,82339.915994789,0,0,0,0
2026-09-22T09:40:31.254879+00:00,82340.916197669,0,0,0,0
2026-09-22T09:40:32.255099+00:00,82341.916419533,0,0,0,0
2026-09-22T09:40:33.255357+00:00,82342.916678157,0,0,0,0
2026-09-22T09:40:34.255609+00:00,82343.916926432,0,0,0,0
2026-09-22T09:40:35.255850+00:00,82344.917168156,0,0,0,0
2026-09-22T09:40:36.256029+00:00,82345.917349061,0,0,0,0
2026-09-22T09:40:37.256225+00:00,82346.917546149,0,0,0,0
2026-09-22T09:40:38.256434+00:00,82347.917754503,0,0,0,0
2026-09-22T09:40:39.256635+00:00,82348.917955802,0,0,0,0
2026-09-22T09:40:40.256880+00:00,82349.918199753,0,0,0,0
2026-09-22T09:40:41.257129+00:00,82350.918447767,0,0,0,0
2026-09-22T09:40:42.257342+00:00,82351.918662114,0,0,0,0
2026-09-22T09:40:43.257576+00:00,82352.918897265,0,0,0,0
2026-09-22T09:40:44.257833+00:00,82353.919153505,0,0,0,0
2026-09-22T09:40:45.258118+00:00,82354.919438805,0,0,0,0
2026-09-22T09:40:46.258356+00:00,82355.919674758,0,0,0,0
2026-09-22T09:40:47.258590+00:00,82356.919910372,0,0,0,0
2026-09-22T09:40:48.258805+00:00,82357.920125732,0,0,0,0
2026-09-22T09:40:49.259000+00:00,82358.920321581,0,0,0,0
2026-09-22T09:40:50.259206+00:00,82359.920526409,0,0,0,0
2026-09-22T09:40:51.259439+00:00,82360.920760632,0,0,0,0
2026-09-22T09:40:52.259637+00:00,82361.920957429,0,0,0,0
2026-09-22T09:40:53.259799+00:00,82362.921118654,0,0,0,0
2026-09-22T09:40:54.260012+00:00,82363.921331741,0,0,0,0
2026-09-22T09:40:55.260227+00:00,82364.921546627,0,0,0,0
2026-09-22T09:40:56.260442+00:00,82365.921759476,0,0,0,0
2026-09-22T09:40:57.260657+00:00,82366.921976751,0,0,0,0
2026-09-22T09:40:58.260880+00:00,82367.922200456,0,0,0,0
2026-09-22T09:40:59.261104+00:00,82368.922422876,0,0,0,0
2026-09-22T09:41:00.261326+00:00,82369.922645616,0,0,0,0
2026-09-22T09:41:01.261527+00:00,82370.922847998,0,0,0,0
2026-09-22T09:41:02.261760+00:00,82371.923081391,0,0,0,0
2026-09-22T09:41:03.261966+00:00,82372.92328609,0,0,0,0
2026-09-22T09:41:04.262190+00:00,82373.923509336,0,0,0,0
2026-09-22T09:41:05.262431+00:00,82374.923751455,0,0,0,0
2026-09-22T09:41:06.262637+00:00,82375.923957316,0,0,0,0
2026-09-22T09:41:07.262823+00:00,82376.924144957,0,0,0,0
2026-09-22T09:41:08.263018+00:00,82377.924338004,0,0,0,0
2026-09-22T09:41:09.263201+00:00,82378.924522538,0,0,0,0
2026-09-22T09:41:10.263404+00:00,82379.924724859,0,0,0,0
2026-09-22T09:41:11.263577+00:00,82380.924898475,0,0,0,0
2026-09-22T09:41:12.263807+00:00,82381.925126739,0,0,0,0
2026-09-22T09:41:13.263997+00:00,82382.925318619,0,0,0,0
2026-09-22T09:41:14.264215+00:00,82383.925535464,0,0,0,0
2026-09-22T09:41:15.264393+00:00,82384.925714245,0,0,0,0
2026-09-22T09:41:16.264599+00:00,82385.92591892,0,0,0,0
2026-09-22T09:41:17.265013+00:00,82386.926334763,0,0,0,0
2026-09-22T09:41:18.265219+00:00,82387.926539932,0,0,0,0
2026-09-22T09:41:19.265395+00:00,82388.926716584,0,0,0,0
2026-09-22T09:41:20.265585+00:00,82389.926906631,0,0,0,0
2026-09-22T09:41:21.265806+00:00,82390.927127805,0,0,0,0
2026-09-22T09:41:22.266051+00:00,82391.927370894,0,0,0,0
2026-09-22T09:41:23.266261+00:00,82392.927581435,0,0,0,0
2026-09-22T09:41:24.266467+00:00,82393.92778804,0,0,0,0
2026-09-22T09:41:25.266736+00:00,82394.927996413,0,0,0,0
2026-09-22T09:41:26.266891+00:00,82395.9282114,0,0,0,0
2026-09-22T09:41:27.267095+00:00,82396.92841574,0,0,0,0
2026-09-22T09:41:28.267399+00:00,82397.928719154,0,0,0,0
2026-09-22T09:41:29.267635+00:00,82398.928954475,0,0,0,0
2026-09-22T09:41:30.267826+00:00,82399.929147164,0,0,0,0
2026-09-22T09:41:31.268093+00:00,82400.929409598,0,0,0,0
2026-09-22T09:41:32.268300+00:00,82401.929619039,0,0,0,0
2026-09-22T09:41:33.268516+00:00,82402.929835925,0,0,0,0
2026-09-22T09:41:34.268811+00:00,82403.930131053,0,0,0,0
2026-09-22T09:41:35.269058+00:00,82404.930378437,0,0,0,0
2026-09-22T09:41:36.269292+00:00,82405.93061076,0,0,0,0
2026-09-22T09:41:37.269483+00:00,82406.930803203,0,0,0,0
2026-09-22T09:41:38.269759+00:00,82407.931079355,0,0,0,0
2026-09-22T09:41:39.269996+00:00,82408.931315531,0,0,0,0
2026-09-22T09:41:40.270234+00:00,82409.931551461,0,0,0,0
2026-09-22T09:41:41.270444+00:00,82410.931764314,0,0,0,0
2026-09-22T09:41:42.270653+00:00,82411.931973699,0,0,0,0
2026-09-22T09:41:43.270856+00:00,82412.932178115,0,0,0,0
2026-09-22T09:41:44.271062+00:00,82413.932383615,0,0,0,0
2026-09-22T09:41:45.271249+00:00,82414.932570729,0,0,0,0
2026-09-22T09:41:46.271457+00:00,82415.932778022,0,0,0,0
2026-09-22T09:41:47.271657+00:00,82416.932978364,0,0,0,0
2026-09-22T09:41:48.271867+00:00,82417.93318771,0,0,0,0
2026-09-22T09:41:49.272078+00:00,82418.933396913,0,0,0,0
2026-09-22T09:41:50.272339+00:00,82419.933659417,0,0,0,0
2026-09-22T09:41:51.272608+00:00,82420.933926831,0,0,0,0
2026-09-22T09:41:52.272804+00:00,82421.934125057,0,0,0,0
2026-09-22T09:41:53.272972+00:00,82422.934293323,0,0,0,0
2026-09-22T09:41:54.273162+00:00,82423.934484362,0,0,0,0
2026-09-22T09:41:55.273478+00:00,82424.9347994,0,0,0,0
2026-09-22T09:41:56.273765+00:00,82425.935085558,0,0,0,0
2026-09-22T09:41:57.274011+00:00,82426.935332053,0,0,0,0
2026-09-22T09:41:58.274195+00:00,82427.935509906,0,0,0,0
2026-09-22T09:41:59.274414+00:00,82428.935732299,0,0,0,0
2026-09-22T09:42:00.274621+00:00,82429.93594011,0,0,0,0
2026-09-22T09:42:01.274826+00:00,82430.936146123,0,0,0,0
2026-09-22T09:42:02.275016+00:00,82431.936336416,0,0,0,0
2026-09-22T09:42:03.275217+00:00,82432.936538312,0,0,0,0
2026-09-22T09:42:04.275420+00:00,82433.936741617,0,0,0,0
2026-09-22T09:42:05.275645+00:00,82434.936964252,0,0,0,0
2026-09-22T09:42:06.275890+00:00,82435.93720944,0,0,0,0
2026-09-22T09:42:07.276195+00:00,82436.93751424,0,0,0,0
2026-09-22T09:42:08.276402+00:00,82437.937722402,0,0,0,0
2026-09-22T09:42:09.276600+00:00,82438.937921961,0,0,0,0
2026-09-22T09:42:10.276806+00:00,82439.938126951,0,0,0,0
2026-09-22T09:42:11.276998+00:00,82440.938319501,0,0,0,0
2026-09-22T09:42:12.277189+00:00,82441.938510329,0,0,0,0
2026-09-22T09:42:13.277406+00:00,82442.938726113,0,0,0,0
2026-09-22T09:42:14.277606+00:00,82443.938927057,0,0,0,0
2026-09-22T09:42:15.277804+00:00,82444.939125719,0,0,0,0
2026-09-22T09:42:16.277989+00:00,82445.939310659,0,0,0,0
2026-09-22T09:42:17.278159+00:00,82446.93948022,0,0,0,0
2026-09-22T09:42:18.278358+00:00,82447.939679376,0,0,0,0
2026-09-22T09:42:19.278596+00:00,82448.939917126,0,0,0,0
2026-09-22T09:42:20.278809+00:00,82449.940127721,0,0,0,0
2026-09-22T09:42:21.279031+00:00,82450.940350147,0,0,0,0
2026-09-22T09:42:22.279246+00:00,82451.940566052,0,0,0,0
2026-09-22T09:42:23.279460+00:00,82452.9407816,0,0,0,0
2026-09-22T09:42:24.279663+00:00,82453.940983033,0,0,0,0
2026-09-22T09:42:25.279886+00:00,82454.941206469,0,0,0,0
2026-09-22T09:42:26.280091+00:00,82455.941409133,0,0,0,0
2026-09-22T09:42:27.280280+00:00,82456.941601118,0,0,0,0
2026-09-22T09:42:28.280480+00:00,82457.941800986,0,0,0,0
2026-09-22T09:42:29.280751+00:00,82458.942068477,0,0,0,0
2026-09-22T09:42:30.280949+00:00,82459.942268877,0,0,0,0
2026-09-22T09:42:31.281157+00:00,82460.942477593,0,0,0,0
2026-09-22T09:42:32.281390+00:00,82461.942707677,0,0,0,0
2026-09-22T09:42:33.281588+00:00,82462.942909016,0,0,0,0
2026-09-22T09:42:34.281820+00:00,82463.943139754,0,0,0,0
2026-09-22T09:42:35.282063+00:00,82464.943380537,0,0,0,0
2026-09-22T09:42:36.282279+00:00,82465.943598822,0,0,0,0
2026-09-22T09:42:37.282532+00:00,82466.943852527,0,0,0,0
2026-09-22T09:42:38.282783+00:00,82467.944103528,0,0,0,0
2026-09-22T09:42:39.283005+00:00,82468.94432502,0,0,0,0
2026-09-22T09:42:40.283287+00:00,82469.944601834,0,0,0,0
2026-09-22T09:42:41.283523+00:00,82470.944843406,0,0,0,0
2026-09-22T09:42:42.283767+00:00,82471.945086849,0,0,0,0
2026-09-22T09:42:43.283986+00:00,82472.945305943,0,0,0,0
2026-09-22T09:42:44.284202+00:00,82473.945521365,0,0,0,0
2026-09-22T09:42:45.284387+00:00,82474.94570797,0,0,0,0
2026-09-22T09:42:46.284579+00:00,82475.94590031,0,0,0,0
2026-09-22T09:42:47.284801+00:00,82476.946122203,0,0,0,0
2026-09-22T09:42:48.284993+00:00,82477.946314312,0,0,0,0
2026-09-22T09:42:49.285228+00:00,82478.946550075,0,0,0,0
2026-09-22T09:42:50.285456+00:00,82479.946777345,0,0,0,0
2026-09-22T09:42:51.285740+00:00,82480.947058614,0,0,0,0
2026-09-22T09:42:52.285937+00:00,82481.947257978,0,0,0,0
2026-09-22T09:42:53.286136+00:00,82482.947457909,0,0,0,0
2026-09-22T09:42:54.286341+00:00,82483.947662028,0,0,0,0
2026-09-22T09:42:55.286515+00:00,82484.947835003,0,0,0,0
2026-09-22T09:42:56.286772+00:00,82485.948092246,0,0,0,0
2026-09-22T09:42:57.286980+00:00,82486.948301627,0,0,0,0
2026-09-22T09:42:58.287207+00:00,82487.948528301,0,0,0,0
2026-09-22T09:42:59.287407+00:00,82488.948728598,0,0,0,0
2026-09-22T09:43:00.287607+00:00,82489.948928982,0,0,0,0
2026-09-22T09:43:01.287801+00:00,82490.949122958,0,0,0,0
2026-09-22T09:43:02.288032+00:00,82491.949352974,0,0,0,0
2026-09-22T09:43:03.288217+00:00,82492.949537723,0,0,0,0
2026-09-22T09:43:04.288434+00:00,82493.949754048,0,0,0,0
2026-09-22T09:43:05.288633+00:00,82494.949953699,0,0,0,0
2026-09-22T09:43:06.288864+00:00,82495.950182323,0,0,0,0
2026-09-22T09:43:07.289059+00:00,82496.950379152,0,0,0,0
2026-09-22T09:43:08.289283+00:00,82497.9506043,0,0,0,0
2026-09-22T09:43:09.289510+00:00,82498.950830399,0,0,0,0
2026-09-22T09:43:10.289751+00:00,82499.951071977,0,0,0,0
2026-09-22T09:43:11.289916+00:00,82500.95123756,0,0,0,0
2026-09-22T09:43:12.290123+00:00,82501.951443451,0,0,0,0
2026-09-22T09:43:13.290348+00:00,82502.951667211,0,0,0,0
2026-09-22T09:43:14.290561+00:00,82503.95188094,0,0,0,0
2026-09-22T09:43:15.290819+00:00,82504.952140324,0,0,0,0
2026-09-22T09:43:16.291013+00:00,82505.952334378,0,0,0,0
2026-09-22T09:43:17.291223+00:00,82506.952543489,0,0,0,0
2026-09-22T09:43:18.291425+00:00,82507.952746471,0,0,0,0
2026-09-22T09:43:19.291637+00:00,82508.952957645,0,0,0,0
2026-09-22T09:43:20.291904+00:00,82509.953221542,0,0,0,0
2026-09-22T09:43:21.292108+00:00,82510.953429993,0,0,0,0
2026-09-22T09:43:22.292313+00:00,82511.953634131,0,0,0,0
2026-09-22T09:43:23.292554+00:00,82512.953874585,0,0,0,0
2026-09-22T09:43:24.292801+00:00,82513.95412171,0,0,0,0
2026-09-22T09:43:25.293032+00:00,82514.954351504,0,0,0,0
2026-09-22T09:43:26.293263+00:00,82515.954582523,0,0,0,0
2026-09-22T09:43:27.293492+00:00,82516.954811283,0,0,0,0
2026-09-22T09:43:28.293753+00:00,82517.955073443,0,0,0,0
2026-09-22T09:43:29.293950+00:00,82518.955269371,0,0,0,0
2026-09-22T09:43:30.294176+00:00,82519.955493383,0,0,0,0
2026-09-22T09:43:31.294367+00:00,82520.955686832,0,0,0,0
2026-09-22T09:43:32.294638+00:00,82521.955954519,0,0,0,0
2026-09-22T09:43:33.294869+00:00,82522.956187263,0,0,0,0
2026-09-22T09:43:34.295078+00:00,82523.95639762,0,0,0,0
2026-09-22T09:43:35.295286+00:00,82524.956606936,0,0,0,0
2026-09-22T09:43:36.295464+00:00,82525.956784738,0,0,0,0
2026-09-22T09:43:37.295792+00:00,82526.957113879,0,0,0,0
2026-09-22T09:43:38.295995+00:00,82527.957316559,0,0,0,0
2026-09-22T09:43:39.296183+00:00,82528.957504108,0,0,0,0
2026-09-22T09:43:40.296372+00:00,82529.957693497,0,0,0,0
2026-09-22T09:43:41.296563+00:00,82530.957883586,0,0,0,0
2026-09-22T09:43:42.296814+00:00,82531.958135986,0,0,0,0
2026-09-22T09:43:43.297000+00:00,82532.958321154,0,0,0,0
2026-09-22T09:43:44.297192+00:00,82533.958513331,0,0,0,0
2026-09-22T09:43:45.297395+00:00,82534.958715901,0,0,0,0
2026-09-22T09:43:46.297615+00:00,82535.958933363,0,0,0,0
2026-09-22T09:43:47.297792+00:00,82536.959113629,0,0,0,0
2026-09-22T09:43:48.297986+00:00,82537.959308057,0,0,0,0
2026-09-22T09:43:49.298124+00:00,82538.95944662,0,0,0,0
2026-09-22T09:43:50.298319+00:00,82539.959640296,0,0,0,0
2026-09-22T09:43:51.298515+00:00,82540.959836152,0,0,0,0
2026-09-22T09:43:52.298780+00:00,82541.960098847,0,0,0,0
2026-09-22T09:43:53.299009+00:00,82542.960329144,0,0,0,0
2026-09-22T09:43:54.299212+00:00,82543.960532257,0,0,0,0
2026-09-22T09:43:55.299415+00:00,82544.960735943,0,0,0,0
2026-09-22T09:43:56.299716+00:00,82545.960997611,0,0,0,0
2026-09-22T09:43:57.299920+00:00,82546.961240689,0,0,0,0
2026-09-22T09:43:58.300121+00:00,82547.961442111,0,0,0,0
2026-09-22T09:43:59.300345+00:00,82548.96166495,0,0,0,0
2026-09-22T09:44:00.300576+00:00,82549.961896274,0,0,0,0
2026-09-22T09:44:01.300876+00:00,82550.962193484,0,0,0,0
2026-09-22T09:44:02.301134+00:00,82551.962450583,0,0,0,0
2026-09-22T09:44:03.301333+00:00,82552.96265252,0,0,0,0
2026-09-22T09:44:04.301528+00:00,82553.962848473,0,0,0,0
2026-09-22T09:44:05.301736+00:00,82554.963056065,0,0,0,0
2026-09-22T09:44:06.301937+00:00,82555.963256901,0,0,0,0
2026-09-22T09:44:07.302132+00:00,82556.963452958,0,0,0,0
2026-09-22T09:44:08.302344+00:00,82557.96366433,0,0,0,0
2026-09-22T09:44:09.302537+00:00,82558.963858447,0,0,0,0
2026-09-22T09:44:10.302778+00:00,82559.964099257,0,0,0,0
2026-09-22T09:44:11.303050+00:00,82560.964370425,0,0,0,0
2026-09-22T09:44:12.303244+00:00,82561.964565818,0,0,0,0
2026-09-22T09:44:13.303450+00:00,82562.964770372,0,0,0,0
2026-09-22T09:44:14.303656+00:00,82563.964976686,0,0,0,0
2026-09-22T09:44:15.304132+00:00,82564.965421757,0,0,0,0
2026-09-22T09:44:16.304429+00:00,82565.965749083,0,0,0,0
2026-09-22T09:44:17.304597+00:00,82566.965918347,0,0,0,0
2026-09-22T09:44:18.304803+00:00,82567.96612364,0,0,0,0
2026-09-22T09:44:19.304996+00:00,82568.966317151,0,0,0,0
2026-09-22T09:44:20.305177+00:00,82569.966497802,0,0,0,0
2026-09-22T09:44:21.305387+00:00,82570.966708558,0,0,0,0
2026-09-22T09:44:22.305590+00:00,82571.966911462,0,0,0,0
2026-09-22T09:44:23.305819+00:00,82572.967138286,0,0,0,0
2026-09-22T09:44:24.306027+00:00,82573.967348407,0,0,0,0
2026-09-22T09:44:25.306223+00:00,82574.967543893,0,0,0,0
2026-09-22T09:44:26.306432+00:00,82575.967753471,0,0,0,0
2026-09-22T09:44:27.306730+00:00,82576.96804971,0,0,0,0
2026-09-22T09:44:28.306939+00:00,82577.968260452,0,0,0,0
2026-09-22T09:44:29.307127+00:00,82578.968448211,0,0,0,0
2026-09-22T09:44:30.307318+00:00,82579.968640623,0,0,0,0
2026-09-22T09:44:31.307506+00:00,82580.968828447,0,0,0,0
2026-09-22T09:44:32.307723+00:00,82581.969043543,0,0,0,0
2026-09-22T09:44:33.307969+00:00,82582.969287871,0,0,0,0
2026-09-22T09:44:34.308175+00:00,82583.969495907,0,0,0,0
2026-09-22T09:44:35.308448+00:00,82584.969765842,0,0,0,0
2026-09-22T09:44:36.308639+00:00,82585.969959615,0,0,0,0
2026-09-22T09:44:37.308820+00:00,82586.970141461,0,0,0,0
2026-09-22T09:44:38.309011+00:00,82587.970332736,0,0,0,0
2026-09-22T09:44:39.309203+00:00,82588.970523905,0,0,0,0
2026-09-22T09:44:40.309480+00:00,82589.970797154,0,0,0,0
2026-09-22T09:44:41.309669+00:00,82590.97099066,0,0,0,0
2026-09-22T09:44:42.309884+00:00,82591.971204893,0,0,0,0
2026-09-22T09:44:43.310071+00:00,82592.971392113,0,0,0,0
2026-09-22T09:44:44.310292+00:00,82593.971612253,0,0,0,0
2026-09-22T09:44:45.310490+00:00,82594.971811774,0,0,0,0
2026-09-22T09:44:46.310725+00:00,82595.972045365,0,0,0,0
2026-09-22T09:44:47.310944+00:00,82596.972264729,0,0,0,0
2026-09-22T09:44:48.311119+00:00,82597.972440858,0,0,0,0
2026-09-22T09:44:49.311328+00:00,82598.97264877,0,0,0,0
2026-09-22T09:44:50.311506+00:00,82599.972826039,0,0,0,0
2026-09-22T09:44:51.311764+00:00,82600.973084699,0,0,0,0
2026-09-22T09:44:52.311989+00:00,82601.973310504,0,0,0,0
2026-09-22T09:44:53.312213+00:00,82602.973532626,0,0,0,0
2026-09-22T09:44:54.312400+00:00,82603.973721447,0,0,0,0
2026-09-22T09:44:55.312579+00:00,82604.973900039,0,0,0,0
2026-09-22T09:44:56.312788+00:00,82605.974108519,0,0,0,0
2026-09-22T09:44:57.312965+00:00,82606.974285014,0,0,0,0
2026-09-22T09:44:58.313135+00:00,82607.974455743,0,0,0,0
2026-09-22T09:44:59.313383+00:00,82608.97470496,0,0,0,0
2026-09-22T09:45:00.313619+00:00,82609.974938483,0,0,0,0
2026-09-22T09:45:01.313832+00:00,82610.975152071,0,0,0,0
2026-09-22T09:45:02.314036+00:00,82611.975356021,0,0,0,0
2026-09-22T09:45:03.314317+00:00,82612.975636086,0,0,0,0
2026-09-22T09:45:04.314520+00:00,82613.97584033,0,0,0,0
2026-09-22T09:45:05.314781+00:00,82614.976100509,0,0,0,0
2026-09-22T09:45:06.315000+00:00,82615.976318121,0,0,0,0
2026-09-22T09:45:07.315219+00:00,82616.976539053,0,0,0,0
2026-09-22T09:45:08.315420+00:00,82617.976741178,0,0,0,0
2026-09-22T09:45:09.315568+00:00,82618.976890816,0,0,0,0
2026-09-22T09:45:10.315807+00:00,82619.977127003,0,0,0,0
2026-09-22T09:45:11.316001+00:00,82620.977322379,0,0,0,0
2026-09-22T09:45:12.316192+00:00,82621.977513835,0,0,0,0
2026-09-22T09:45:13.316411+00:00,82622.977731811,0,0,0,0
2026-09-22T09:45:14.316636+00:00,82623.977956015,0,0,0,0
2026-09-22T09:45:15.316834+00:00,82624.978154096,0,0,0,0
2026-09-22T09:45:16.317056+00:00,82625.978377875,0,0,0,0
2026-09-22T09:45:17.317269+00:00,82626.978589037,0,0,0,0
2026-09-22T09:45:18.317478+00:00,82627.978799725,0,0,0,0
2026-09-22T09:45:19.317655+00:00,82628.978975773,0,0,0,0
2026-09-22T09:45:20.317869+00:00,82629.979188257,0,0,0,0
2026-09-22T09:45:21.318066+00:00,82630.979385846,0,0,0,0
2026-09-22T09:45:22.318260+00:00,82631.979581523,0,0,0,0
2026-09-22T09:45:23.318438+00:00,82632.97975936,0,0,0,0
2026-09-22T09:45:24.318627+00:00,82633.979948641,0,0,0,0
2026-09-22T09:45:25.318807+00:00,82634.980127917,0,0,0,0
2026-09-22T09:45:26.319004+00:00,82635.980324682,0,0,0,0
2026-09-22T09:45:27.319228+00:00,82636.980548434,0,0,0,0
2026-09-22T09:45:28.319450+00:00,82637.980769588,0,0,0,0
2026-09-22T09:45:29.319667+00:00,82638.98098765,0,0,0,0
2026-09-22T09:45:30.319910+00:00,82639.981230087,0,0,0,0
2026-09-22T09:45:31.320094+00:00,82640.981416328,0,0,0,0
2026-09-22T09:45:32.320289+00:00,82641.981609979,0,0,0,0
2026-09-22T09:45:33.320532+00:00,82642.981850674,0,0,0,0
2026-09-22T09:45:34.320769+00:00,82643.982090298,0,0,0,0
2026-09-22T09:45:35.320921+00:00,82644.982244097,0,0,0,0
2026-09-22T09:45:36.321133+00:00,82645.982454689,0,0,0,0
2026-09-22T09:45:37.321332+00:00,82646.982652689,0,0,0,0
2026-09-22T09:45:38.321524+00:00,82647.982845469,0,0,0,0
2026-09-22T09:45:39.321765+00:00,82648.983086573,0,0,0,0
2026-09-22T09:45:40.322031+00:00,82649.983347431,0,0,0,0
2026-09-22T09:45:41.322337+00:00,82650.983656942,0,0,0,0
2026-09-22T09:45:42.322548+00:00,82651.983867968,0,0,0,0
2026-09-22T09:45:43.322813+00:00,82652.984133399,0,0,0,0
2026-09-22T09:45:44.322990+00:00,82653.98431076,0,0,0,0
2026-09-22T09:45:45.323168+00:00,82654.984488817,0,0,0,0
2026-09-22T09:45:46.323375+00:00,82655.984694779,0,0,0,0
2026-09-22T09:45:47.323627+00:00,82656.984945781,0,0,0,0
2026-09-22T09:45:48.323866+00:00,82657.98518606,0,0,0,0
2026-09-22T09:45:49.324056+00:00,82658.985375701,0,0,0,0
2026-09-22T09:45:50.324248+00:00,82659.985569177,0,0,0,0
2026-09-22T09:45:51.324448+00:00,82660.98576907,0,0,0,0
2026-09-22T09:45:52.324655+00:00,82661.985974853,0,0,0,0
2026-09-22T09:45:53.324874+00:00,82662.986193151,0,0,0,0
2026-09-22T09:45:54.325185+00:00,82663.98650413,0,0,0,0
2026-09-22T09:45:55.325384+00:00,82664.986703671,0,0,0,0
2026-09-22T09:45:56.325587+00:00,82665.986907877,0,0,0,0
2026-09-22T09:45:57.325799+00:00,82666.987119117,0,0,0,0
2026-09-22T09:45:58.325961+00:00,82667.987282142,0,0,0,0
2026-09-22T09:45:59.326159+00:00,82668.987479839,0,0,0,0
2026-09-22T09:46:00.326362+00:00,82669.987680659,0,0,0,0
2026-09-22T09:46:01.326558+00:00,82670.987878828,0,0,0,0
2026-09-22T09:46:02.326799+00:00,82671.988119948,0,0,0,0
2026-09-22T09:46:03.326973+00:00,82672.988295056,0,0,0,0
2026-09-22T09:46:04.327203+00:00,82673.988521932,0,0,0,0
2026-09-22T09:46:05.327413+00:00,82674.988732655,0,0,0,0
2026-09-22T09:46:06.327602+00:00,82675.988924025,0,0,0,0
2026-09-22T09:46:07.327828+00:00,82676.989150137,0,0,0,0
2026-09-22T09:46:08.328126+00:00,82677.989445411,0,0,0,0
2026-09-22T09:46:09.328331+00:00,82678.989650515,0,0,0,0
2026-09-22T09:46:10.328530+00:00,82679.989850614,0,0,0,0
2026-09-22T09:46:11.328818+00:00,82680.9901372,0,0,0,0
2026-09-22T09:46:12.329100+00:00,82681.990421237,0,0,0,0
2026-09-22T09:46:13.329299+00:00,82682.990618677,0,0,0,0
2026-09-22T09:46:14.329500+00:00,82683.99082097,0,0,0,0
2026-09-22T09:46:15.329755+00:00,82684.991074217,0,0,0,0
2026-09-22T09:46:16.330031+00:00,82685.991352428,0,0,0,0
2026-09-22T09:46:17.330233+00:00,82686.991554585,0,0,0,0
2026-09-22T09:46:18.330433+00:00,82687.99175448,0,0,0,0
2026-09-22T09:46:19.330624+00:00,82688.991946081,0,0,0,0
2026-09-22T09:46:20.330826+00:00,82689.992147527,0,0,0,0
2026-09-22T09:46:21.331019+00:00,82690.992340666,0,0,0,0
2026-09-22T09:46:22.331224+00:00,82691.992544823,0,0,0,0
2026-09-22T09:46:23.331544+00:00,82692.992860021,0,0,0,0
2026-09-22T09:46:24.331811+00:00,82693.993131606,0,0,0,0
2026-09-22T09:46:25.332016+00:00,82694.99333704,0,0,0,0
2026-09-22T09:46:26.332220+00:00,82695.993541478,0,0,0,0
2026-09-22T09:46:27.332402+00:00,82696.993723503,0,0,0,0
2026-09-22T09:46:28.332658+00:00,82697.99397473,0,0,0,0
2026-09-22T09:46:29.332858+00:00,82698.994179351,0,0,0,0
2026-09-22T09:46:30.333110+00:00,82699.994430078,0,0,0,0
2026-09-22T09:46:31.333341+00:00,82700.99466279,0,0,0,0
2026-09-22T09:46:32.333553+00:00,82701.994874526,0,0,0,0
2026-09-22T09:46:33.333797+00:00,82702.995117999,0,0,0,0
2026-09-22T09:46:34.333994+00:00,82703.995315486,0,0,0,0
2026-09-22T09:46:35.334219+00:00,82704.995539565,0,0,0,0
2026-09-22T09:46:36.334393+00:00,82705.995713078,0,0,0,0
2026-09-22T09:46:37.334589+00:00,82706.995909647,0,0,0,0
2026-09-22T09:46:38.334796+00:00,82707.996117891,0,0,0,0
2026-09-22T09:46:39.334993+00:00,82708.996314716,0,0,0,0
2026-09-22T09:46:40.335206+00:00,82709.996527132,0,0,0,0
2026-09-22T09:46:41.335401+00:00,82710.996721713,0,0,0,0
2026-09-22T09:46:42.335582+00:00,82711.996903185,0,0,0,0
2026-09-22T09:46:43.335820+00:00,82712.997141608,0,0,0,0
2026-09-22T09:46:44.336031+00:00,82713.997351529,0,0,0,0
2026-09-22T09:46:45.336228+00:00,82714.997549042,0,0,0,0
2026-09-22T09:46:46.336430+00:00,82715.99775095,0,0,0,0
2026-09-22T09:46:47.336627+00:00,82716.997948157,0,0,0,0
2026-09-22T09:46:48.336838+00:00,82717.998159719,0,0,0,0
2026-09-22T09:46:49.337030+00:00,82718.998351998,0,0,0,0
2026-09-22T09:46:50.337239+00:00,82719.998560478,0,0,0,0
2026-09-22T09:46:51.337427+00:00,82720.998748124,0,0,0,0
2026-09-22T09:46:52.337610+00:00,82721.998932349,0,0,0,0
2026-09-22T09:46:53.337800+00:00,82722.999120342,0,0,0,0
2026-09-22T09:46:54.338010+00:00,82723.99933054,0,0,0,0
2026-09-22T09:46:55.338219+00:00,82724.999540166,0,0,0,0
2026-09-22T09:46:56.338438+00:00,82725.999759346,0,0,0,0
2026-09-22T09:46:57.338661+00:00,82726.999979423,0,0,0,0
2026-09-22T09:46:58.338869+00:00,82728.000188774,0,0,0,0
2026-09-22T09:46:59.339101+00:00,82729.000420147,0,0,0,0
2026-09-22T09:47:00.339362+00:00,82730.000679673,0,0,0,0
2026-09-22T09:47:01.339564+00:00,82731.0008834,0,0,0,0
2026-09-22T09:47:02.339840+00:00,82732.001159801,0,0,0,0
2026-09-22T09:47:03.340028+00:00,82733.001347318,0,0,0,0
2026-09-22T09:47:04.340282+00:00,82734.001598779,0,0,0,0
2026-09-22T09:47:05.340487+00:00,82735.001805778,0,0,0,0
2026-09-22T09:47:06.340732+00:00,82736.002052434,0,0,0,0
2026-09-22T09:47:07.340922+00:00,82737.002243802,0,0,0,0
2026-09-22T09:47:08.341116+00:00,82738.00243689,0,0,0,0
2026-09-22T09:47:09.341307+00:00,82739.002629561,0,0,0,0
2026-09-22T09:47:10.341519+00:00,82740.002839943,0,0,0,0
2026-09-22T09:47:11.341757+00:00,82741.003078181,0,0,0,0
2026-09-22T09:47:12.341936+00:00,82742.003257653,0,0,0,0
2026-09-22T09:47:13.342130+00:00,82743.003451157,0,0,0,0
2026-09-22T09:47:14.342351+00:00,82744.00367119,0,0,0,0
2026-09-22T09:47:15.342529+00:00,82745.003850575,0,0,0,0
2026-09-22T09:47:16.342770+00:00,82746.004091724,0,0,0,0
2026-09-22T09:47:17.342986+00:00,82747.004306994,0,0,0,0
2026-09-22T09:47:18.343186+00:00,82748.004507332,0,0,0,0
2026-09-22T09:47:19.343344+00:00,82749.004665844,0,0,0,0
2026-09-22T09:47:20.343538+00:00,82750.004859096,0,0,0,0
2026-09-22T09:47:21.343761+00:00,82751.005082645,0,0,0,0
2026-09-22T09:47:22.343919+00:00,82752.00524117,0,0,0,0
2026-09-22T09:47:23.344134+00:00,82753.005453898,0,0,0,0
2026-09-22T09:47:24.344348+00:00,82754.005667988,0,0,0,0
2026-09-22T09:47:25.344540+00:00,82755.005860349,0,0,0,0
2026-09-22T09:47:26.344744+00:00,82756.006065483,0,0,0,0
2026-09-22T09:47:27.344967+00:00,82757.006288127,0,0,0,0
2026-09-22T09:47:28.345171+00:00,82758.006492484,0,0,0,0
2026-09-22T09:47:29.345376+00:00,82759.006697568,0,0,0,0
2026-09-22T09:47:30.345581+00:00,82760.006901612,0,0,0,0
2026-09-22T09:47:31.345794+00:00,82761.00711559,0,0,0,0
2026-09-22T09:47:32.345989+00:00,82762.007310797,0,0,0,0
2026-09-22T09:47:33.346209+00:00,82763.007530031,0,0,0,0
2026-09-22T09:47:34.346430+00:00,82764.007749437,0,0,0,0
2026-09-22T09:47:35.346659+00:00,82765.007980556,0,0,0,0
2026-09-22T09:47:36.346849+00:00,82766.008170846,0,0,0,0
2026-09-22T09:47:37.347044+00:00,82767.008364806,0,0,0,0
2026-09-22T09:47:38.347241+00:00,82768.008561438,0,0,0,0
2026-09-22T09:47:39.347436+00:00,82769.008756273,0,0,0,0
2026-09-22T09:47:40.347739+00:00,82770.009057109,0,0,0,0
2026-09-22T09:47:41.347951+00:00,82771.009271093,0,0,0,0
2026-09-22T09:47:42.348164+00:00,82772.009483065,0,0,0,0
2026-09-22T09:47:43.348362+00:00,82773.009683201,0,0,0,0
2026-09-22T09:47:44.348560+00:00,82774.009881174,0,0,0,0
2026-09-22T09:47:45.348800+00:00,82775.010121006,0,0,0,0
2026-09-22T09:47:46.349026+00:00,82776.010346486,0,0,0,0
2026-09-22T09:47:47.349218+00:00,82777.010538994,0,0,0,0
2026-09-22T09:47:48.349415+00:00,82778.010736172,0,0,0,0
2026-09-22T09:47:49.349610+00:00,82779.01093099,0,0,0,0
2026-09-22T09:47:50.349799+00:00,82780.01112059,0,0,0,0
2026-09-22T09:47:51.349993+00:00,82781.011314147,0,0,0,0
2026-09-22T09:47:52.350194+00:00,82782.011514856,0,0,0,0
2026-09-22T09:47:53.350389+00:00,82783.011710451,0,0,0,0
2026-09-22T09:47:54.350607+00:00,82784.011928227,0,0,0,0
2026-09-22T09:47:55.350806+00:00,82785.012126144,0,0,0,0
2026-09-22T09:47:56.351004+00:00,82786.012324267,0,0,0,0
2026-09-22T09:47:57.351222+00:00,82787.012541872,0,0,0,0
2026-09-22T09:47:58.351425+00:00,82788.012745361,0,0,0,0
2026-09-22T09:47:59.351597+00:00,82789.012918095,0,0,0,0
2026-09-22T09:48:00.351813+00:00,82790.013134708,0,0,0,0
2026-09-22T09:48:01.352015+00:00,82791.013336499,0,0,0,0
2026-09-22T09:48:02.352201+00:00,82792.01352178,0,0,0,0
2026-09-22T09:48:03.352394+00:00,82793.01371516,0,0,0,0
2026-09-22T09:48:04.352612+00:00,82794.013932028,0,0,0,0
2026-09-22T09:48:05.352825+00:00,82795.01414408,0,0,0,0
2026-09-22T09:48:06.353019+00:00,82796.014339945,0,0,0,0
2026-09-22T09:48:07.353209+00:00,82797.014530577,0,0,0,0
2026-09-22T09:48:08.353404+00:00,82798.014725913,0,0,0,0
2026-09-22T09:48:09.353626+00:00,82799.014947786,0,0,0,0
2026-09-22T09:48:10.353853+00:00,82800.015174057,0,0,0,0
2026-09-22T09:48:11.354030+00:00,82801.015351454,0,0,0,0
2026-09-22T09:48:12.354229+00:00,82802.015548718,0,0,0,0
2026-09-22T09:48:13.354421+00:00,82803.015742244,0,0,0,0
2026-09-22T09:48:14.354614+00:00,82804.015935628,0,0,0,0
2026-09-22T09:48:15.354819+00:00,82805.016138416,0,0,0,0
2026-09-22T09:48:16.355000+00:00,82806.016321275,0,0,0,0
2026-09-22T09:48:17.355175+00:00,82807.016497247,0,0,0,0
2026-09-22T09:48:18.355374+00:00,82808.016695237,0,0,0,0
2026-09-22T09:48:19.355629+00:00,82809.016950998,0,0,0,0
2026-09-22T09:48:20.355810+00:00,82810.017132179,0,0,0,0
2026-09-22T09:48:21.356000+00:00,82811.01732154,0,0,0,0
2026-09-22T09:48:22.356199+00:00,82812.017519715,0,0,0,0
2026-09-22T09:48:23.356399+00:00,82813.017719321,0,0,0,0
2026-09-22T09:48:24.356600+00:00,82814.017919852,0,0,0,0
2026-09-22T09:48:25.356794+00:00,82815.018115862,0,0,0,0
2026-09-22T09:48:26.357027+00:00,82816.018347925,0,0,0,0
2026-09-22T09:48:27.357257+00:00,82817.018577461,0,0,0,0
2026-09-22T09:48:28.357443+00:00,82818.018763222,0,0,0,0
2026-09-22T09:48:29.357632+00:00,82819.018953561,0,0,0,0
2026-09-22T09:48:30.357845+00:00,82820.019165914,0,0,0,0
2026-09-22T09:48:31.358013+00:00,82821.019334071,0,0,0,0
2026-09-22T09:48:32.358234+00:00,82822.019553214,0,0,0,0
2026-09-22T09:48:33.358436+00:00,82823.01975625,0,0,0,0
2026-09-22T09:48:34.358647+00:00,82824.01996681,0,0,0,0
2026-09-22T09:48:35.358823+00:00,82825.020141712,0,0,0,0
2026-09-22T09:48:36.359009+00:00,82826.020328768,0,0,0,0
2026-09-22T09:48:37.359170+00:00,82827.020491718,0,0,0,0
2026-09-22T09:48:38.359366+00:00,82828.020687039,0,0,0,0
2026-09-22T09:48:39.359567+00:00,82829.020887666,0,0,0,0
2026-09-22T09:48:40.359810+00:00,82830.021130615,0,0,0,0
2026-09-22T09:48:41.360077+00:00,82831.021398929,0,0,0,0
2026-09-22T09:48:42.360309+00:00,82832.021629139,0,0,0,0
2026-09-22T09:48:43.360523+00:00,82833.021842032,0,0,0,0
2026-09-22T09:48:44.360785+00:00,82834.022105336,0,0,0,0
2026-09-22T09:48:45.361023+00:00,82835.022342219,0,0,0,0
2026-09-22T09:48:46.361224+00:00,82836.022544624,0,0,0,0
2026-09-22T09:48:47.361417+00:00,82837.022738526,0,0,0,0
2026-09-22T09:48:48.361601+00:00,82838.022921161,0,0,0,0
2026-09-22T09:48:49.361839+00:00,82839.023159668,0,0,0,0
2026-09-22T09:48:50.362038+00:00,82840.023360239,0,0,0,0
2026-09-22T09:48:51.362227+00:00,82841.02354911,0,0,0,0
2026-09-22T09:48:52.362449+00:00,82842.023767798,0,0,0,0
2026-09-22T09:48:53.362649+00:00,82843.02397043,0,0,0,0
2026-09-22T09:48:54.362842+00:00,82844.024163567,0,0,0,0
2026-09-22T09:48:55.363044+00:00,82845.024365136,0,0,0,0
2026-09-22T09:48:56.363213+00:00,82846.024533916,0,0,0,0
2026-09-22T09:48:57.363431+00:00,82847.024751936,0,0,0,0
2026-09-22T09:48:58.363638+00:00,82848.024958457,0,0,0,0
2026-09-22T09:48:59.363841+00:00,82849.025161862,0,0,0,0
2026-09-22T09:49:00.364019+00:00,82850.025338412,0,0,0,0
2026-09-22T09:49:01.364246+00:00,82851.025565612,0,0,0,0
2026-09-22T09:49:02.364452+00:00,82852.025772734,0,0,0,0
2026-09-22T09:49:03.364659+00:00,82853.025979745,0,0,0,0
2026-09-22T09:49:04.364857+00:00,82854.02617828,0,0,0,0
2026-09-22T09:49:05.365104+00:00,82855.026425025,0,0,0,0
2026-09-22T09:49:06.365322+00:00,82856.026641711,0,0,0,0
2026-09-22T09:49:07.365592+00:00,82857.026912724,0,0,0,0
2026-09-22T09:49:08.365789+00:00,82858.027110143,0,0,0,0
2026-09-22T09:49:09.365988+00:00,82859.027308963,0,0,0,0
2026-09-22T09:49:10.366186+00:00,82860.0275076,0,0,0,0
2026-09-22T09:49:11.366386+00:00,82861.027706668,0,0,0,0
2026-09-22T09:49:12.366587+00:00,82862.027907935,0,0,0,0
2026-09-22T09:49:13.366801+00:00,82863.028122517,0,0,0,0
2026-09-22T09:49:14.366963+00:00,82864.028284983,0,0,0,0
2026-09-22T09:49:15.367124+00:00,82865.02844531,0,0,0,0
2026-09-22T09:49:16.367324+00:00,82866.0286454,0,0,0,0
2026-09-22T09:49:17.367525+00:00,82867.028846256,0,0,0,0
2026-09-22T09:49:18.367787+00:00,82868.029107608,0,0,0,0
2026-09-22T09:49:19.367967+00:00,82869.029288816,0,0,0,0
2026-09-22T09:49:20.368156+00:00,82870.029477273,0,0,0,0
2026-09-22T09:49:21.368352+00:00,82871.029671272,0,0,0,0
2026-09-22T09:49:22.368543+00:00,82872.029864366,0,0,0,0
2026-09-22T09:49:23.368772+00:00,82873.03009235,0,0,0,0
2026-09-22T09:49:24.368976+00:00,82874.030297247,0,0,0,0
2026-09-22T09:49:25.369182+00:00,82875.030502099,0,0,0,0
2026-09-22T09:49:26.369374+00:00,82876.030696135,0,0,0,0
2026-09-22T09:49:27.369573+00:00,82877.030894073,0,0,0,0
2026-09-22T09:49:28.369810+00:00,82878.031131631,0,0,0,0
2026-09-22T09:49:29.370009+00:00,82879.031330516,0,0,0,0
2026-09-22T09:49:30.370217+00:00,82880.031537512,0,0,0,0
2026-09-22T09:49:31.370410+00:00,82881.031732077,0,0,0,0
2026-09-22T09:49:32.370582+00:00,82882.031903218,0,0,0,0
2026-09-22T09:49:33.370824+00:00,82883.032143757,0,0,0,0
2026-09-22T09:49:34.371062+00:00,82884.032383113,0,0,0,0
2026-09-22T09:49:35.371296+00:00,82885.032617134,0,0,0,0
2026-09-22T09:49:36.371526+00:00,82886.03284468,0,0,0,0
2026-09-22T09:49:37.371766+00:00,82887.0330861,0,0,0,0
2026-09-22T09:49:38.372018+00:00,82888.033339643,0,0,0,0
2026-09-22T09:49:39.372216+00:00,82889.033535963,0,0,0,0
2026-09-22T09:49:40.372537+00:00,82890.033853131,0,0,0,0
2026-09-22T09:49:41.372788+00:00,82891.034107136,0,0,0,0
2026-09-22T09:49:42.373038+00:00,82892.034357232,0,0,0,0
2026-09-22T09:49:43.373248+00:00,82893.034568723,0,0,0,0
2026-09-22T09:49:44.373451+00:00,82894.03477152,0,0,0,0
2026-09-22T09:49:45.373718+00:00,82895.0349994,0,0,0,0
2026-09-22T09:49:46.373893+00:00,82896.035214096,0,0,0,0
2026-09-22T09:49:47.374099+00:00,82897.035419633,0,0,0,0
2026-09-22T09:49:48.374347+00:00,82898.035667588,0,0,0,0
2026-09-22T09:49:49.374531+00:00,82899.035850899,0,0,0,0
2026-09-22T09:49:50.374778+00:00,82900.036098656,0,0,0,0
2026-09-22T09:49:51.374978+00:00,82901.036299425,0,0,0,0
2026-09-22T09:49:52.375188+00:00,82902.03650897,0,0,0,0
2026-09-22T09:49:53.375415+00:00,82903.03673673,0,0,0,0
2026-09-22T09:49:54.375740+00:00,82904.037061529,0,0,0,0
2026-09-22T09:49:55.375935+00:00,82905.03725682,0,0,0,0
2026-09-22T09:49:56.376145+00:00,82906.037465579,0,0,0,0
2026-09-22T09:49:57.376350+00:00,82907.037671985,0,0,0,0
2026-09-22T09:49:58.376588+00:00,82908.037905831,0,0,0,0
2026-09-22T09:49:59.376826+00:00,82909.038145996,0,0,0,0
2026-09-22T09:50:00.377057+00:00,82910.03837631,0,0,0,0
2026-09-22T09:50:01.377251+00:00,82911.03857208,0,0,0,0
2026-09-22T09:50:02.377442+00:00,82912.038763721,0,0,0,0
2026-09-22T09:50:03.377763+00:00,82913.039079003,0,0,0,0
2026-09-22T09:50:04.377961+00:00,82914.039282412,0,0,0,0
2026-09-22T09:50:05.378166+00:00,82915.039488044,0,0,0,0
2026-09-22T09:50:06.378439+00:00,82916.039755542,0,0,0,0
2026-09-22T09:50:07.378633+00:00,82917.039954204,0,0,0,0
2026-09-22T09:50:08.378856+00:00,82918.040176057,0,0,0,0
2026-09-22T09:50:09.379045+00:00,82919.040366284,0,0,0,0
2026-09-22T09:50:10.379242+00:00,82920.040563084,0,0,0,0
2026-09-22T09:50:11.379415+00:00,82921.04073747,0,0,0,0
2026-09-22T09:50:12.379641+00:00,82922.040961045,0,0,0,0
2026-09-22T09:50:13.379821+00:00,82923.04114277,0,0,0,0
2026-09-22T09:50:14.380041+00:00,82924.041362746,0,0,0,0
2026-09-22T09:50:15.380239+00:00,82925.041560862,0,0,0,0
2026-09-22T09:50:16.380415+00:00,82926.041736622,0,0,0,0
2026-09-22T09:50:17.380645+00:00,82927.041965812,0,0,0,0
2026-09-22T09:50:18.380843+00:00,82928.042164942,0,0,0,0
2026-09-22T09:50:19.381050+00:00,82929.042371253,0,0,0,0
2026-09-22T09:50:20.381247+00:00,82930.04256749,0,0,0,0
2026-09-22T09:50:21.381449+00:00,82931.042770189,0,0,0,0
2026-09-22T09:50:22.381650+00:00,82932.042970646,0,0,0,0
2026-09-22T09:50:23.381845+00:00,82933.043165802,0,0,0,0
2026-09-22T09:50:24.382085+00:00,82934.043404576,0,0,0,0
2026-09-22T09:50:25.382287+00:00,82935.043608586,0,0,0,0
2026-09-22T09:50:26.382482+00:00,82936.043803171,0,0,0,0
2026-09-22T09:50:27.382737+00:00,82937.044057602,0,0,0,0
2026-09-22T09:50:28.382921+00:00,82938.044240577,0,0,0,0
2026-09-22T09:50:29.383127+00:00,82939.044446047,0,0,0,0
2026-09-22T09:50:30.383333+00:00,82940.044653647,0,0,0,0
2026-09-22T09:50:31.383505+00:00,82941.044825752,0,0,0,0
2026-09-22T09:50:32.383739+00:00,82942.045058572,0,0,0,0
2026-09-22T09:50:33.383931+00:00,82943.045251188,0,0,0,0
2026-09-22T09:50:34.384122+00:00,82944.045443354,0,0,0,0
2026-09-22T09:50:35.384299+00:00,82945.045619551,0,0,0,0
2026-09-22T09:50:36.384547+00:00,82946.045864175,0,0,0,0
2026-09-22T09:50:37.384832+00:00,82947.046149774,0,0,0,0
2026-09-22T09:50:38.384999+00:00,82948.046319555,0,0,0,0
2026-09-22T09:50:39.385257+00:00,82949.046576941,0,0,0,0
2026-09-22T09:50:40.385530+00:00,82950.046845999,0,0,0,0
2026-09-22T09:50:41.385791+00:00,82951.047111066,0,0,0,0
2026-09-22T09:50:42.386019+00:00,82952.047338146,0,0,0,0
2026-09-22T09:50:43.386205+00:00,82953.047524137,0,0,0,0
2026-09-22T09:50:44.386410+00:00,82954.047730433,0,0,0,0
2026-09-22T09:50:45.386648+00:00,82955.047966953,0,0,0,0
2026-09-22T09:50:46.386847+00:00,82956.048166545,0,0,0,0
2026-09-22T09:50:47.387041+00:00,82957.048362049,0,0,0,0
2026-09-22T09:50:48.387239+00:00,82958.048559842,0,0,0,0
2026-09-22T09:50:49.387438+00:00,82959.048758223,0,0,0,0
2026-09-22T09:50:50.387668+00:00,82960.04898796,0,0,0,0
2026-09-22T09:50:51.387896+00:00,82961.04921451,0,0,0,0
2026-09-22T09:50:52.388147+00:00,82962.049467419,0,0,0,0
2026-09-22T09:50:53.388339+00:00,82963.049659569,0,0,0,0
2026-09-22T09:50:54.388546+00:00,82964.049866402,0,0,0,0
2026-09-22T09:50:55.388788+00:00,82965.050108913,0,0,0,0
2026-09-22T09:50:56.388984+00:00,82966.050303242,0,0,0,0
2026-09-22T09:50:57.389150+00:00,82967.050470939,0,0,0,0
2026-09-22T09:50:58.389360+00:00,82968.050680247,0,0,0,0
2026-09-22T09:50:59.389554+00:00,82969.050875488,0,0,0,0
2026-09-22T09:51:00.389791+00:00,82970.051111728,0,0,0,0
2026-09-22T09:51:01.389997+00:00,82971.051316617,0,0,0,0
2026-09-22T09:51:02.390216+00:00,82972.051535348,0,0,0,0
2026-09-22T09:51:03.390426+00:00,82973.051746582,0,0,0,0
2026-09-22T09:51:04.390635+00:00,82974.051956043,0,0,0,0
2026-09-22T09:51:05.390849+00:00,82975.052169189,0,0,0,0
2026-09-22T09:51:06.391098+00:00,82976.052415572,0,0,0,0
2026-09-22T09:51:07.391323+00:00,82977.052642442,0,0,0,0
2026-09-22T09:51:08.391529+00:00,82978.052849836,0,0,0,0
2026-09-22T09:51:09.391788+00:00,82979.053107995,0,0,0,0
2026-09-22T09:51:10.391971+00:00,82980.053292156,0,0,0,0
2026-09-22T09:51:11.392163+00:00,82981.053484609,0,0,0,0
2026-09-22T09:51:12.392373+00:00,82982.053694457,0,0,0,0
2026-09-22T09:51:13.392558+00:00,82983.053879474,0,0,0,0
2026-09-22T09:51:14.392799+00:00,82984.054120906,0,0,0,0
2026-09-22T09:51:15.393015+00:00,82985.054334717,0,0,0,0
2026-09-22T09:51:16.393218+00:00,82986.05453789,0,0,0,0
2026-09-22T09:51:17.393402+00:00,82987.054722915,0,0,0,0
2026-09-22T09:51:18.393612+00:00,82988.054933179,0,0,0,0
2026-09-22T09:51:19.393820+00:00,82989.055140373,0,0,0,0
2026-09-22T09:51:20.394072+00:00,82990.055393516,0,0,0,0
2026-09-22T09:51:21.394272+00:00,82991.055592101,0,0,0,0
2026-09-22T09:51:22.394470+00:00,82992.055790768,0,0,0,0
2026-09-22T09:51:23.394669+00:00,82993.055990306,0,0,0,0
2026-09-22T09:51:24.394791+00:00,82994.05611144,0,0,0,0
2026-09-22T09:51:25.394995+00:00,82995.056315271,0,0,0,0
2026-09-22T09:51:26.395159+00:00,82996.056479738,0,0,0,0
2026-09-22T09:51:27.395345+00:00,82997.056666011,0,0,0,0
2026-09-22T09:51:28.395625+00:00,82998.056945886,0,0,0,0
2026-09-22T09:51:29.395860+00:00,82999.057179629,0,0,0,0
2026-09-22T09:51:30.396077+00:00,83000.057397624,0,0,0,0
2026-09-22T09:51:31.396279+00:00,83001.057599673,0,0,0,0
2026-09-22T09:51:32.396467+00:00,83002.05778876,0,0,0,0
2026-09-22T09:51:33.396656+00:00,83003.057976407,0,0,0,0
2026-09-22T09:51:34.396852+00:00,83004.058173448,0,0,0,0
2026-09-22T09:51:35.397044+00:00,83005.058363632,0,0,0,0
2026-09-22T09:51:36.397223+00:00,83006.058544225,0,0,0,0
2026-09-22T09:51:37.397468+00:00,83007.058787294,0,0,0,0
2026-09-22T09:51:38.397665+00:00,83008.058985977,0,0,0,0
2026-09-22T09:51:39.397849+00:00,83009.059170636,0,0,0,0
2026-09-22T09:51:40.398068+00:00,83010.059388236,0,0,0,0
2026-09-22T09:51:41.398269+00:00,83011.059589066,0,0,0,0
2026-09-22T09:51:42.398551+00:00,83012.059871293,0,0,0,0
2026-09-22T09:51:43.398824+00:00,83013.060142295,0,0,0,0
2026-09-22T09:51:44.398997+00:00,83014.060316064,0,0,0,0
2026-09-22T09:51:45.399212+00:00,83015.060531458,0,0,0,0
2026-09-22T09:51:46.399423+00:00,83016.060742597,0,0,0,0
2026-09-22T09:51:47.399630+00:00,83017.060951115,0,0,0,0
2026-09-22T09:51:48.399841+00:00,83018.061161664,0,0,0,0
2026-09-22T09:51:49.400011+00:00,83019.061332828,0,0,0,0
2026-09-22T09:51:50.400229+00:00,83020.061549021,0,0,0,0
2026-09-22T09:51:51.400431+00:00,83021.061752262,0,0,0,0
2026-09-22T09:51:52.400629+00:00,83022.061951313,0,0,0,0
2026-09-22T09:51:53.400832+00:00,83023.062153437,0,0,0,0
2026-09-22T09:51:54.401041+00:00,83024.062360777,0,0,0,0
2026-09-22T09:51:55.401234+00:00,83025.062554397,0,0,0,0
2026-09-22T09:51:56.401429+00:00,83026.06275089,0,0,0,0
2026-09-22T09:51:57.401614+00:00,83027.062934773,0,0,0,0
2026-09-22T09:51:58.401863+00:00,83028.063181709,0,0,0,0
2026-09-22T09:51:59.402068+00:00,83029.063388628,0,0,0,0
2026-09-22T09:52:00.402282+00:00,83030.063599894,0,0,0,0
2026-09-22T09:52:01.402484+00:00,83031.063803749,0,0,0,0
2026-09-22T09:52:02.402740+00:00,83032.064059682,0,0,0,0
2026-09-22T09:52:03.402997+00:00,83033.064313596,0,0,0,0
2026-09-22T09:52:04.403211+00:00,83034.064529353,0,0,0,0
2026-09-22T09:52:05.403463+00:00,83035.064779567,0,0,0,0
2026-09-22T09:52:06.403720+00:00,83036.065039869,0,0,0,0
2026-09-22T09:52:07.403966+00:00,83037.06528373,0,0,0,0
2026-09-22T09:52:08.404154+00:00,83038.065475748,0,0,0,0
2026-09-22T09:52:09.404343+00:00,83039.065664469,0,0,0,0
2026-09-22T09:52:10.404543+00:00,83040.065865185,0,0,0,0
2026-09-22T09:52:11.404766+00:00,83041.066085608,0,0,0,0
2026-09-22T09:52:12.405072+00:00,83042.066389449,0,0,0,0
2026-09-22T09:52:13.405306+00:00,83043.066624828,0,0,0,0
2026-09-22T09:52:14.405503+00:00,83044.066823851,0,0,0,0
2026-09-22T09:52:15.405811+00:00,83045.06713251,0,0,0,0
2026-09-22T09:52:16.406067+00:00,83046.067386085,0,0,0,0
2026-09-22T09:52:17.406222+00:00,83047.067543414,0,0,0,0
2026-09-22T09:52:18.406453+00:00,83048.067770524,0,0,0,0
2026-09-22T09:52:19.406733+00:00,83049.068050878,0,0,0,0
2026-09-22T09:52:20.406911+00:00,83050.068230085,0,0,0,0
2026-09-22T09:52:21.407203+00:00,83051.068521075,0,0,0,0
2026-09-22T09:52:22.407422+00:00,83052.068740557,22,0,1,28.0
2026-09-22T09:52:23.407633+00:00,83053.068951948,559,0,1,550.0
2026-09-22T09:52:24.407855+00:00,83054.069175171,559,0,1,550.0
2026-09-22T09:52:25.408076+00:00,83055.069396011,559,0,1,550.0
2026-09-22T09:52:26.408291+00:00,83056.069611299,559,0,1,550.0
2026-09-22T09:52:27.408530+00:00,83057.069849341,559,0,1,550.0
2026-09-22T09:52:28.408806+00:00,83058.070122939,559,0,1,550.0
2026-09-22T09:52:29.409056+00:00,83059.070371458,559,0,1,550.0
2026-09-22T09:52:30.409377+00:00,83060.070695815,559,0,1,550.0
2026-09-22T09:52:31.409625+00:00,83061.070944934,559,0,1,550.0
2026-09-22T09:52:32.409844+00:00,83062.071161381,559,0,1,550.0
2026-09-22T09:52:33.410006+00:00,83063.071326338,559,0,1,550.0
2026-09-22T09:52:34.410214+00:00,83064.071534142,559,0,1,550.0
2026-09-22T09:52:35.410421+00:00,83065.071741784,559,0,1,550.0
2026-09-22T09:52:36.410585+00:00,83066.071906035,559,0,1,550.0
2026-09-22T09:52:37.410871+00:00,83067.072186649,559,0,1,550.0
2026-09-22T09:52:38.411070+00:00,83068.072390072,559,0,1,550.0
2026-09-22T09:52:39.411312+00:00,83069.072629023,559,0,1,550.0
2026-09-22T09:52:40.411465+00:00,83070.072786509,559,0,1,550.0
2026-09-22T09:52:41.411830+00:00,83071.073150313,559,0,1,550.0
2026-09-22T09:52:42.412046+00:00,83072.073366342,559,0,1,550.0
2026-09-22T09:52:43.412237+00:00,83073.073556217,559,0,1,550.0
2026-09-22T09:52:44.412875+00:00,83074.074192117,559,0,1,550.0
2026-09-22T09:52:45.413148+00:00,83075.074466975,559,0,1,550.0
2026-09-22T09:52:46.413366+00:00,83076.074685521,559,0,1,550.0
2026-09-22T09:52:47.413600+00:00,83077.074918992,592,1,2,1100.0
2026-09-22T09:52:48.413803+00:00,83078.075123344,1114,0,2,1100.0
2026-09-22T09:52:49.413984+00:00,83079.075303948,1114,0,2,1100.0
2026-09-22T09:52:50.414258+00:00,83080.075573646,1114,0,2,1100.0
2026-09-22T09:52:51.414465+00:00,83081.075784749,1114,0,2,1100.0
2026-09-22T09:52:52.414732+00:00,83082.076051816,1114,0,2,1100.0
2026-09-22T09:52:53.414953+00:00,83083.076271596,1114,0,2,1100.0
2026-09-22T09:52:54.415168+00:00,83084.076487064,1114,0,2,1100.0
2026-09-22T09:52:55.415411+00:00,83085.076728914,1114,0,2,1100.0
2026-09-22T09:52:56.415630+00:00,83086.076949494,1114,0,2,1100.0
2026-09-22T09:52:57.415883+00:00,83087.077200976,1114,0,2,1100.0
2026-09-22T09:52:58.416239+00:00,83088.07755808,1114,0,2,1100.0
2026-09-22T09:52:59.416467+00:00,83089.077785571,1114,0,2,1100.0
2026-09-22T09:53:00.416748+00:00,83090.078066101,1114,0,2,1100.0
2026-09-22T09:53:01.416985+00:00,83091.078304097,1114,0,2,1100.0
2026-09-22T09:53:02.417202+00:00,83092.078521264,1114,0,2,1100.0
2026-09-22T09:53:03.417407+00:00,83093.078726268,1114,0,2,1100.0
2026-09-22T09:53:04.417611+00:00,83094.078931118,1114,0,2,1100.0
2026-09-22T09:53:05.417826+00:00,83095.079146403,1114,0,2,1100.0
2026-09-22T09:53:06.418031+00:00,83096.079350567,1114,0,2,1100.0
2026-09-22T09:53:07.418257+00:00,83097.079575075,1114,0,2,1100.0
2026-09-22T09:53:08.418543+00:00,83098.079859301,1114,0,2,1100.0
2026-09-22T09:53:09.418793+00:00,83099.080112281,1114,0,2,1100.0
2026-09-22T09:53:10.419000+00:00,83100.080319898,1114,0,2,1100.0
2026-09-22T09:53:11.419222+00:00,83101.08054095,1114,0,2,1100.0
2026-09-22T09:53:12.419425+00:00,83102.080744963,1114,0,2,1100.0
2026-09-22T09:53:13.419637+00:00,83103.080956634,1114,0,2,1100.0
2026-09-22T09:53:14.419809+00:00,83104.081131783,1114,0,2,1100.0
2026-09-22T09:53:15.420052+00:00,83105.081372438,1114,0,2,1100.0
2026-09-22T09:53:16.420262+00:00,83106.081581566,1114,0,2,1100.0
2026-09-22T09:53:17.420642+00:00,83107.081959172,1116,0,2,1102.0
2026-09-22T09:53:18.420872+00:00,83108.0821893,1118,4,2,1104.0
2026-09-22T09:53:19.421046+00:00,83109.082367633,1118,4,2,1104.0
2026-09-22T09:53:20.421314+00:00,83110.082631126,1118,3,2,1104.0
2026-09-22T09:53:21.421533+00:00,83111.082851062,1118,4,2,1104.0
2026-09-22T09:53:22.421770+00:00,83112.083089429,1118,4,2,1104.0
2026-09-22T09:53:23.421929+00:00,83113.083250935,1118,0,2,1104.0
2026-09-22T09:53:24.422185+00:00,83114.083504562,1118,0,2,1104.0
2026-09-22T09:53:25.422383+00:00,83115.08370424,1118,0,2,1104.0
2026-09-22T09:53:26.422539+00:00,83116.083861353,1118,0,2,1104.0
2026-09-22T09:53:27.422821+00:00,83117.084138632,561,0,1,552.0
2026-09-22T09:53:28.423019+00:00,83118.084340497,0,0,0,0
2026-09-22T09:53:29.423228+00:00,83119.084548422,0,0,0,0
2026-09-22T09:53:30.423434+00:00,83120.084754007,0,0,0,0
2026-09-22T09:53:31.423646+00:00,83121.084966507,0,0,0,0
2026-09-22T09:53:32.423939+00:00,83122.085257404,0,0,0,0
2026-09-22T09:53:33.424146+00:00,83123.08546588,0,0,0,0
2026-09-22T09:53:34.424379+00:00,83124.085696096,0,0,0,0
2026-09-22T09:53:35.424634+00:00,83125.085951054,0,0,0,0
2026-09-22T09:53:36.424886+00:00,83126.086203825,0,0,0,0
2026-09-22T09:53:37.425081+00:00,83127.086399677,0,0,0,0
2026-09-22T09:53:38.425284+00:00,83128.086603177,0,0,0,0
2026-09-22T09:53:39.425482+00:00,83129.086801764,0,0,0,0
2026-09-22T09:53:40.425885+00:00,83130.087202028,0,0,0,0
2026-09-22T09:53:41.426159+00:00,83131.087478145,0,0,0,0
2026-09-22T09:53:42.426354+00:00,83132.087673057,0,0,0,0
2026-09-22T09:53:43.426582+00:00,83133.08790143,0,0,0,0
2026-09-22T09:53:44.426796+00:00,83134.088115189,0,0,0,0
2026-09-22T09:53:45.426995+00:00,83135.088316021,0,0,0,0
2026-09-22T09:53:46.427197+00:00,83136.088517631,0,0,0,0
2026-09-22T09:53:47.427403+00:00,83137.088723788,0,0,0,0
2026-09-22T09:53:48.427621+00:00,83138.08894138,0,0,0,0
2026-09-22T09:53:49.427880+00:00,83139.089196954,0,0,0,0
2026-09-22T09:53:50.428091+00:00,83140.089410234,0,0,0,0
2026-09-22T09:53:51.428330+00:00,83141.089647861,0,0,0,0
2026-09-22T09:53:52.428537+00:00,83142.089856513,0,0,0,0
2026-09-22T09:53:53.428787+00:00,83143.090107331,0,0,0,0
2026-09-22T09:53:54.428988+00:00,83144.090309715,0,0,0,0
2026-09-22T09:53:55.429225+00:00,83145.090545645,0,0,0,0
2026-09-22T09:53:56.429456+00:00,83146.090773543,0,0,0,0
2026-09-22T09:53:57.429763+00:00,83147.091083458,0,0,0,0
2026-09-22T09:53:58.429975+00:00,83148.091296024,0,0,0,0
2026-09-22T09:53:59.430195+00:00,83149.091514738,0,0,0,0
2026-09-22T09:54:00.430403+00:00,83150.091722853,0,0,0,0
2026-09-22T09:54:01.430641+00:00,83151.091957732,0,0,0,0
2026-09-22T09:54:02.430864+00:00,83152.09218337,0,0,0,0
2026-09-22T09:54:03.431070+00:00,83153.092389496,0,0,0,0
2026-09-22T09:54:04.431320+00:00,83154.092639598,0,0,0,0
2026-09-22T09:54:05.431545+00:00,83155.092864446,0,0,0,0
2026-09-22T09:54:06.431790+00:00,83156.093110288,0,0,0,0
2026-09-22T09:54:07.432045+00:00,83157.093364813,0,0,0,0
2026-09-22T09:54:08.432286+00:00,83158.093606198,0,0,0,0
2026-09-22T09:54:09.432508+00:00,83159.093828378,0,0,0,0
2026-09-22T09:54:10.432747+00:00,83160.094064289,0,0,0,0
2026-09-22T09:54:11.433037+00:00,83161.094354144,0,0,0,0
2026-09-22T09:54:12.433254+00:00,83162.094572915,0,0,0,0
2026-09-22T09:54:13.433592+00:00,83163.094908619,0,0,0,0
2026-09-22T09:54:14.433813+00:00,83164.095132735,0,0,0,0
2026-09-22T09:54:15.434064+00:00,83165.095381017,0,0,0,0
2026-09-22T09:54:16.434285+00:00,83166.095604033,0,0,0,0
2026-09-22T09:54:17.434538+00:00,83167.095858892,0,0,0,0
2026-09-22T09:54:18.434759+00:00,83168.096078545,0,0,0,0
2026-09-22T09:54:19.435037+00:00,83169.096353205,0,0,0,0
2026-09-22T09:54:20.435261+00:00,83170.096580054,0,0,0,0
2026-09-22T09:54:21.435464+00:00,83171.096783978,0,0,0,0
2026-09-22T09:54:22.435743+00:00,83172.096993604,0,0,0,0
2026-09-22T09:54:23.435887+00:00,83173.097207003,0,0,0,0
2026-09-22T09:54:24.436126+00:00,83174.097443546,0,0,0,0
2026-09-22T09:54:25.436455+00:00,83175.097771711,0,0,0,0
2026-09-22T09:54:26.436805+00:00,83176.098121976,0,0,0,0
2026-09-22T09:54:27.436982+00:00,83177.098301822,0,0,0,0
2026-09-22T09:54:28.437169+00:00,83178.098489513,0,0,0,0
2026-09-22T09:54:29.437403+00:00,83179.098722284,22,0,1,30.0
2026-09-22T09:54:30.437615+00:00,83180.098932771,559,0,1,550.0
2026-09-22T09:54:31.437863+00:00,83181.099180578,559,0,1,550.0
2026-09-22T09:54:32.438055+00:00,83182.09937499,559,0,1,550.0
2026-09-22T09:54:33.438301+00:00,83183.099617779,559,0,1,550.0
2026-09-22T09:54:34.438515+00:00,83184.099834688,559,0,1,550.0
2026-09-22T09:54:35.438784+00:00,83185.100102473,559,0,1,550.0
2026-09-22T09:54:36.439061+00:00,83186.100378396,559,0,1,550.0
2026-09-22T09:54:37.439295+00:00,83187.10061304,559,0,1,550.0
2026-09-22T09:54:38.439522+00:00,83188.100840785,559,0,1,550.0
2026-09-22T09:54:39.439748+00:00,83189.101065592,559,0,1,550.0
2026-09-22T09:54:40.440135+00:00,83190.101450284,559,0,1,550.0
2026-09-22T09:54:41.440292+00:00,83191.101612822,559,0,1,550.0
2026-09-22T09:54:42.440606+00:00,83192.101922621,559,0,1,550.0
2026-09-22T09:54:43.440788+00:00,83193.102108888,559,0,1,550.0
2026-09-22T09:54:44.440980+00:00,83194.102301313,559,0,1,550.0
2026-09-22T09:54:45.441132+00:00,83195.102454222,559,0,1,550.0
2026-09-22T09:54:46.441271+00:00,83196.1025929,559,0,1,550.0
2026-09-22T09:54:47.441480+00:00,83197.102800167,559,0,1,550.0
2026-09-22T09:54:48.441740+00:00,83198.103059994,559,0,1,550.0
2026-09-22T09:54:49.442057+00:00,83199.103374467,559,0,1,550.0
2026-09-22T09:54:50.442325+00:00,83200.103644997,559,0,1,550.0
2026-09-22T09:54:51.442534+00:00,83201.103854612,559,0,1,550.0
2026-09-22T09:54:52.442828+00:00,83202.10414808,559,0,1,550.0
2026-09-22T09:54:53.443062+00:00,83203.104376741,559,0,1,550.0
2026-09-22T09:54:54.443277+00:00,83204.104596272,1114,0,2,1100.0
2026-09-22T09:54:55.443512+00:00,83205.104832514,1114,0,2,1100.0
2026-09-22T09:54:56.443766+00:00,83206.105086994,1114,0,2,1100.0
2026-09-22T09:54:57.444032+00:00,83207.105347857,1114,0,2,1100.0
2026-09-22T09:54:58.444292+00:00,83208.105607863,1114,0,2,1100.0
2026-09-22T09:54:59.444469+00:00,83209.105788674,1114,0,2,1100.0
2026-09-22T09:55:00.444744+00:00,83210.106060954,1114,0,2,1100.0
2026-09-22T09:55:01.444950+00:00,83211.106269801,1114,0,2,1100.0
2026-09-22T09:55:02.445218+00:00,83212.106534763,1114,0,2,1100.0
2026-09-22T09:55:03.445452+00:00,83213.106770123,1114,0,2,1100.0
2026-09-22T09:55:04.445736+00:00,83214.107052909,1114,0,2,1100.0
2026-09-22T09:55:05.445996+00:00,83215.107316835,1114,0,2,1100.0
2026-09-22T09:55:06.446227+00:00,83216.107546402,1114,0,2,1100.0
2026-09-22T09:55:07.446456+00:00,83217.107773784,1114,0,2,1100.0
2026-09-22T09:55:08.446649+00:00,83218.107968861,1114,0,2,1100.0
2026-09-22T09:55:09.446868+00:00,83219.108187373,1114,0,2,1100.0
2026-09-22T09:55:10.447072+00:00,83220.108392029,1114,0,2,1100.0
2026-09-22T09:55:11.447266+00:00,83221.108587449,1114,0,2,1100.0
2026-09-22T09:55:12.447479+00:00,83222.108799012,1114,0,2,1100.0
2026-09-22T09:55:13.447730+00:00,83223.109050054,1114,0,2,1100.0
2026-09-22T09:55:14.447876+00:00,83224.109197331,1114,0,2,1100.0
2026-09-22T09:55:15.448131+00:00,83225.109449839,1114,0,2,1100.0
2026-09-22T09:55:16.448339+00:00,83226.109659603,1114,0,2,1100.0
2026-09-22T09:55:17.448550+00:00,83227.109869521,1114,0,2,1100.0
2026-09-22T09:55:18.448788+00:00,83228.110108499,1114,0,2,1100.0
2026-09-22T09:55:19.449055+00:00,83229.110375444,1114,0,2,1100.0
2026-09-22T09:55:20.449372+00:00,83230.110690533,1114,0,2,1100.0
2026-09-22T09:55:21.449579+00:00,83231.110898397,1114,0,2,1100.0
2026-09-22T09:55:22.449890+00:00,83232.111206514,1114,0,2,1100.0
2026-09-22T09:55:23.450110+00:00,83233.111428977,1114,0,2,1100.0
2026-09-22T09:55:24.450365+00:00,83234.111684289,1114,0,2,1102.0
2026-09-22T09:55:25.450780+00:00,83235.112096201,1118,3,2,1104.0
2026-09-22T09:55:26.450968+00:00,83236.112286779,1118,3,2,1104.0
2026-09-22T09:55:27.451212+00:00,83237.11252993,1118,3,2,1104.0
2026-09-22T09:55:28.451468+00:00,83238.112784497,1118,0,2,1104.0
2026-09-22T09:55:29.451772+00:00,83239.113087832,1118,0,2,1104.0
2026-09-22T09:55:30.451992+00:00,83240.113310714,1118,0,2,1104.0
2026-09-22T09:55:31.452208+00:00,83241.113528597,1118,0,2,1104.0
2026-09-22T09:55:32.452545+00:00,83242.113858442,561,1,1,552.0
2026-09-22T09:55:33.452824+00:00,83243.114142477,561,0,1,552.0
2026-09-22T09:55:34.453035+00:00,83244.114354529,561,0,1,550.0
2026-09-22T09:55:35.453228+00:00,83245.114546165,0,0,0,0
2026-09-22T09:55:36.453435+00:00,83246.114752993,0,0,0,0
2026-09-22T09:55:37.453728+00:00,83247.11499562,0,0,0,0
2026-09-22T09:55:38.453921+00:00,83248.115239614,0,0,0,0
2026-09-22T09:55:39.454139+00:00,83249.115457526,0,0,0,0
2026-09-22T09:55:40.454386+00:00,83250.115704653,0,0,0,0
2026-09-22T09:55:41.454640+00:00,83251.115958924,0,0,0,0
2026-09-22T09:55:42.454880+00:00,83252.116198407,0,0,0,0
2026-09-22T09:55:43.455096+00:00,83253.11641493,0,0,0,0
2026-09-22T09:55:44.455298+00:00,83254.11661681,0,0,0,0
2026-09-22T09:55:45.455523+00:00,83255.116839873,0,0,0,0
2026-09-22T09:55:46.455772+00:00,83256.117092408,0,0,0,0
2026-09-22T09:55:47.455927+00:00,83257.117247515,0,0,0,0
2026-09-22T09:55:48.456192+00:00,83258.117508776,0,0,0,0
2026-09-22T09:55:49.456398+00:00,83259.117717131,0,0,0,0
2026-09-22T09:55:50.456669+00:00,83260.117985314,0,0,0,0
2026-09-22T09:55:51.456875+00:00,83261.11819307,0,0,0,0
2026-09-22T09:55:52.457114+00:00,83262.118433297,0,0,0,0
2026-09-22T09:55:53.457317+00:00,83263.11863758,0,0,0,0
2026-09-22T09:55:54.457524+00:00,83264.1188428,0,0,0,0
2026-09-22T09:55:55.457762+00:00,83265.119082067,0,0,0,0
2026-09-22T09:55:56.458039+00:00,83266.119359577,0,0,0,0
2026-09-22T09:55:57.458237+00:00,83267.119558005,0,0,0,0
2026-09-22T09:55:58.458372+00:00,83268.119694689,0,0,0,0
2026-09-22T09:55:59.458598+00:00,83269.119916382,0,0,0,0
2026-09-22T09:56:00.458800+00:00,83270.120121266,0,0,0,0
2026-09-22T09:56:01.459005+00:00,83271.120323922,0,0,0,0
2026-09-22T09:56:02.459246+00:00,83272.120562773,0,0,0,0
2026-09-22T09:56:03.459531+00:00,83273.120849131,0,0,0,0
2026-09-22T09:56:04.459764+00:00,83274.121084682,0,0,0,0
2026-09-22T09:56:05.460038+00:00,83275.121359092,0,0,0,0
2026-09-22T09:56:06.460284+00:00,83276.121603627,0,0,0,0
2026-09-22T09:56:07.460477+00:00,83277.121797621,0,0,0,0
2026-09-22T09:56:08.460729+00:00,83278.122049566,0,0,0,0
2026-09-22T09:56:09.460979+00:00,83279.122298148,0,0,0,0
2026-09-22T09:56:10.461191+00:00,83280.122511314,0,0,0,0
2026-09-22T09:56:11.461400+00:00,83281.122720696,0,0,0,0
2026-09-22T09:56:12.462622+00:00,83282.123942674,0,0,0,0
2026-09-22T09:56:13.462823+00:00,83283.124144288,0,0,0,0
2026-09-22T09:56:14.463053+00:00,83284.124372107,0,0,0,0
2026-09-22T09:56:15.463287+00:00,83285.124605274,0,0,0,0
2026-09-22T09:56:16.463504+00:00,83286.124823852,0,0,0,0
2026-09-22T09:56:17.463779+00:00,83287.125098201,0,0,0,0
2026-09-22T09:56:18.464004+00:00,83288.125324348,0,0,0,0
2026-09-22T09:56:19.464210+00:00,83289.125529639,0,0,0,0
2026-09-22T09:56:20.464446+00:00,83290.125765237,0,0,0,0
2026-09-22T09:56:21.464633+00:00,83291.125954037,0,0,0,0
2026-09-22T09:56:22.464826+00:00,83292.126147341,0,0,0,0
2026-09-22T09:56:23.465030+00:00,83293.126349571,0,0,0,0
2026-09-22T09:56:24.465308+00:00,83294.126624137,0,0,0,0
2026-09-22T09:56:25.465511+00:00,83295.126830585,0,0,0,0
2026-09-22T09:56:26.465787+00:00,83296.127106415,0,0,0,0
2026-09-22T09:56:27.466012+00:00,83297.127332171,0,0,0,0
2026-09-22T09:56:28.466261+00:00,83298.127578521,0,0,0,0
2026-09-22T09:56:29.466437+00:00,83299.12775729,0,0,0,0
2026-09-22T09:56:30.466671+00:00,83300.127988333,0,0,0,0
2026-09-22T09:56:31.466921+00:00,83301.128238531,0,0,0,0
2026-09-22T09:56:32.467281+00:00,83302.128597868,0,0,0,0
2026-09-22T09:56:33.467503+00:00,83303.128822591,0,0,0,0
2026-09-22T09:56:34.467757+00:00,83304.129074586,22,3,1,106.0
2026-09-22T09:56:35.467934+00:00,83305.129251296,559,0,1,550.0
2026-09-22T09:56:36.468156+00:00,83306.129476175,559,0,1,550.0
2026-09-22T09:56:37.468335+00:00,83307.129654242,559,0,1,550.0
2026-09-22T09:56:38.468574+00:00,83308.129893041,559,0,1,550.0
2026-09-22T09:56:39.468841+00:00,83309.130158724,559,0,1,550.0
2026-09-22T09:56:40.469049+00:00,83310.130365829,559,0,1,550.0
2026-09-22T09:56:41.469258+00:00,83311.130577447,559,0,1,550.0
2026-09-22T09:56:42.469459+00:00,83312.130779579,559,0,1,550.0
2026-09-22T09:56:43.469757+00:00,83313.131073729,559,0,1,550.0
2026-09-22T09:56:44.470031+00:00,83314.131350112,559,0,1,550.0
2026-09-22T09:56:45.470236+00:00,83315.131553566,559,0,1,550.0
2026-09-22T09:56:46.470452+00:00,83316.131770801,559,0,1,550.0
2026-09-22T09:56:47.470756+00:00,83317.132072227,559,0,1,550.0
2026-09-22T09:56:48.471043+00:00,83318.132360683,559,0,1,550.0
2026-09-22T09:56:49.471255+00:00,83319.132575528,559,0,1,550.0
2026-09-22T09:56:50.471447+00:00,83320.1327667,559,0,1,550.0
2026-09-22T09:56:51.471743+00:00,83321.132993591,559,0,1,550.0
2026-09-22T09:56:52.471888+00:00,83322.133207663,559,0,1,550.0
2026-09-22T09:56:53.472131+00:00,83323.133448565,559,0,1,550.0
2026-09-22T09:56:54.472399+00:00,83324.133715868,559,0,1,550.0
2026-09-22T09:56:55.472619+00:00,83325.133939528,559,0,1,550.0
2026-09-22T09:56:56.472889+00:00,83326.13420805,559,0,1,550.0
2026-09-22T09:56:57.473159+00:00,83327.134480729,559,0,1,550.0
2026-09-22T09:56:58.473356+00:00,83328.134675088,565,3,2,578.0
2026-09-22T09:56:59.473602+00:00,83329.134918815,1114,0,2,1100.0
2026-09-22T09:57:00.473880+00:00,83330.135199694,1114,0,2,1100.0
2026-09-22T09:57:01.474083+00:00,83331.135404125,1114,0,2,1100.0
2026-09-22T09:57:02.474284+00:00,83332.135604943,1114,0,2,1100.0
2026-09-22T09:57:03.474526+00:00,83333.135846144,1114,0,2,1100.0
2026-09-22T09:57:04.474775+00:00,83334.136093011,1114,0,2,1100.0
2026-09-22T09:57:05.475046+00:00,83335.136363315,1114,0,2,1100.0
2026-09-22T09:57:06.475286+00:00,83336.136602719,1114,0,2,1100.0
2026-09-22T09:57:07.475539+00:00,83337.136857471,1114,0,2,1100.0
2026-09-22T09:57:08.475785+00:00,83338.137104527,1114,0,2,1100.0
2026-09-22T09:57:09.475985+00:00,83339.137304807,1114,0,2,1100.0
2026-09-22T09:57:10.476192+00:00,83340.137511677,1114,0,2,1100.0
2026-09-22T09:57:11.476404+00:00,83341.137725432,1114,0,2,1100.0
2026-09-22T09:57:12.476576+00:00,83342.137897265,1114,0,2,1100.0
2026-09-22T09:57:13.476872+00:00,83343.138189811,1114,0,2,1100.0
2026-09-22T09:57:14.477102+00:00,83344.138420436,1114,0,2,1100.0
2026-09-22T09:57:15.477345+00:00,83345.138663741,1114,0,2,1100.0
2026-09-22T09:57:16.477556+00:00,83346.138876239,1114,0,2,1100.0
2026-09-22T09:57:17.477831+00:00,83347.139150669,1114,0,2,1100.0
2026-09-22T09:57:18.478056+00:00,83348.139372238,1114,0,2,1100.0
2026-09-22T09:57:19.478287+00:00,83349.139603906,1114,0,2,1100.0
2026-09-22T09:57:20.478533+00:00,83350.13985303,1114,0,2,1100.0
2026-09-22T09:57:21.478836+00:00,83351.140152946,1114,0,2,1100.0
2026-09-22T09:57:22.479030+00:00,83352.140349753,1114,0,2,1100.0
2026-09-22T09:57:23.479264+00:00,83353.140584473,1114,0,2,1100.0
2026-09-22T09:57:24.479455+00:00,83354.140775469,1114,0,2,1100.0
2026-09-22T09:57:25.479724+00:00,83355.141040631,1114,0,2,1100.0
2026-09-22T09:57:26.480005+00:00,83356.141322397,1118,0,2,1104.0
2026-09-22T09:57:27.480195+00:00,83357.141515023,1118,4,2,1104.0
2026-09-22T09:57:28.480466+00:00,83358.141785924,1118,0,2,1104.0
2026-09-22T09:57:29.480737+00:00,83359.141998319,1118,0,2,1104.0
2026-09-22T09:57:30.480803+00:00,83360.142122493,1118,0,2,1104.0
2026-09-22T09:57:31.481050+00:00,83361.142370499,1118,0,2,1104.0
2026-09-22T09:57:32.481315+00:00,83362.142631202,561,0,1,552.0
2026-09-22T09:57:33.481524+00:00,83363.142841638,561,0,1,552.0
2026-09-22T09:57:34.481797+00:00,83364.143115628,561,0,1,552.0
2026-09-22T09:57:35.482031+00:00,83365.143350895,561,0,1,552.0
2026-09-22T09:57:36.482239+00:00,83366.143558767,0,0,0,0
2026-09-22T09:57:37.482386+00:00,83367.143708147,0,0,0,0
2026-09-22T09:57:38.482664+00:00,83368.143983951,0,0,0,0
2026-09-22T09:57:39.482803+00:00,83369.144123297,0,0,0,0
2026-09-22T09:57:40.483062+00:00,83370.144377955,0,0,0,0
2026-09-22T09:57:41.483276+00:00,83371.144594975,0,0,0,0
2026-09-22T09:57:42.483579+00:00,83372.144897008,0,0,0,0
2026-09-22T09:57:43.483868+00:00,83373.145186042,0,0,0,0
2026-09-22T09:57:44.484092+00:00,83374.145409957,0,0,0,0
2026-09-22T09:57:45.484308+00:00,83375.145627963,0,0,0,0
2026-09-22T09:57:46.484489+00:00,83376.145809529,0,0,0,0
2026-09-22T09:57:47.484793+00:00,83377.146113279,0,0,0,0
2026-09-22T09:57:48.485019+00:00,83378.146337518,0,0,0,0
2026-09-22T09:57:49.485211+00:00,83379.146531648,0,0,0,0
2026-09-22T09:57:50.485443+00:00,83380.146761758,0,0,0,0
2026-09-22T09:57:51.485663+00:00,83381.14698296,0,0,0,0
2026-09-22T09:57:52.485813+00:00,83382.147133039,0,0,0,0
2026-09-22T09:57:53.486070+00:00,83383.147388524,0,0,0,0
2026-09-22T09:57:54.486276+00:00,83384.147594324,0,0,0,0
2026-09-22T09:57:55.486476+00:00,83385.147795638,0,0,0,0
2026-09-22T09:57:56.486634+00:00,83386.14795638,0,0,0,0
2026-09-22T09:57:57.486838+00:00,83387.148158537,0,0,0,0
2026-09-22T09:57:58.487031+00:00,83388.148352893,0,0,0,0
2026-09-22T09:57:59.487237+00:00,83389.14855814,0,0,0,0
2026-09-22T09:58:00.487432+00:00,83390.148753688,0,0,0,0
2026-09-22T09:58:01.487636+00:00,83391.148957009,0,0,0,0
2026-09-22T09:58:02.487842+00:00,83392.149163097,0,0,0,0
2026-09-22T09:58:03.488061+00:00,83393.149379556,0,0,0,0
2026-09-22T09:58:04.488312+00:00,83394.149631052,0,0,0,0
2026-09-22T09:58:05.488616+00:00,83395.149935008,0,0,0,0
2026-09-22T09:58:06.488886+00:00,83396.15020601,0,0,0,0
2026-09-22T09:58:07.489094+00:00,83397.150414906,0,0,0,0
2026-09-22T09:58:08.489302+00:00,83398.150623561,0,0,0,0
2026-09-22T09:58:09.489510+00:00,83399.150831306,0,0,0,0
2026-09-22T09:58:10.489729+00:00,83400.151050266,0,0,0,0
2026-09-22T09:58:11.490014+00:00,83401.151335319,0,0,0,0
2026-09-22T09:58:12.490228+00:00,83402.151547023,0,0,0,0
2026-09-22T09:58:13.490422+00:00,83403.151742911,0,0,0,0
2026-09-22T09:58:14.490607+00:00,83404.151928072,0,0,0,0
2026-09-22T09:58:15.490874+00:00,83405.152190476,0,0,0,0
2026-09-22T09:58:16.491064+00:00,83406.152386028,0,0,0,0
2026-09-22T09:58:17.491288+00:00,83407.152607861,0,0,0,0
2026-09-22T09:58:18.491497+00:00,83408.152817291,0,0,0,0
2026-09-22T09:58:19.491755+00:00,83409.153074012,0,0,0,0
2026-09-22T09:58:20.491999+00:00,83410.153317207,0,0,0,0
2026-09-22T09:58:21.492245+00:00,83411.153562118,0,0,0,0
2026-09-22T09:58:22.492456+00:00,83412.153775389,0,0,0,0
2026-09-22T09:58:23.492610+00:00,83413.153932014,0,0,0,0
2026-09-22T09:58:24.492925+00:00,83414.154245765,0,0,0,0
2026-09-22T09:58:25.493162+00:00,83415.154482051,0,0,0,0
2026-09-22T09:58:26.493375+00:00,83416.154696103,0,0,0,0
2026-09-22T09:58:27.493562+00:00,83417.154883024,0,0,0,0
2026-09-22T09:58:28.493779+00:00,83418.155098584,0,0,0,0
2026-09-22T09:58:29.494070+00:00,83419.155385897,0,0,0,0
2026-09-22T09:58:30.494301+00:00,83420.155618386,0,0,0,0
2026-09-22T09:58:31.494506+00:00,83421.155825937,0,0,0,0
2026-09-22T09:58:32.494808+00:00,83422.156127174,0,0,0,0
2026-09-22T09:58:33.494999+00:00,83423.156318846,0,0,0,0
2026-09-22T09:58:34.495150+00:00,83424.156472029,0,0,0,0
2026-09-22T09:58:35.495338+00:00,83425.15665761,0,0,0,0
2026-09-22T09:58:36.495513+00:00,83426.156833489,0,0,0,0
2026-09-22T09:58:37.495792+00:00,83427.157111553,0,0,0,0
2026-09-22T09:58:38.495985+00:00,83428.157305112,0,0,0,0
2026-09-22T09:58:39.496199+00:00,83429.157516665,559,2,1,550.0
2026-09-22T09:58:40.496420+00:00,83430.157738574,559,0,1,550.0
2026-09-22T09:58:41.496632+00:00,83431.157950299,559,0,1,550.0
2026-09-22T09:58:42.496843+00:00,83432.158163338,559,0,1,550.0
2026-09-22T09:58:43.497078+00:00,83433.158397111,559,0,1,550.0
2026-09-22T09:58:44.497294+00:00,83434.15861135,559,0,1,550.0
2026-09-22T09:58:45.497480+00:00,83435.158798846,559,0,1,550.0
2026-09-22T09:58:46.497741+00:00,83436.159060943,559,0,1,550.0
2026-09-22T09:58:47.498000+00:00,83437.159320743,559,0,1,550.0
2026-09-22T09:58:48.498204+00:00,83438.159524479,559,0,1,550.0
2026-09-22T09:58:49.498435+00:00,83439.159755471,559,0,1,550.0
2026-09-22T09:58:50.498639+00:00,83440.159959506,559,0,1,550.0
2026-09-22T09:58:51.498837+00:00,83441.16015838,559,0,1,550.0
2026-09-22T09:58:52.499013+00:00,83442.160332947,559,0,1,550.0
2026-09-22T09:58:53.499253+00:00,83443.160571686,559,0,1,550.0
2026-09-22T09:58:54.499455+00:00,83444.16077565,559,0,1,550.0
2026-09-22T09:58:55.499769+00:00,83445.161086367,559,0,1,550.0
2026-09-22T09:58:56.499996+00:00,83446.161315505,559,0,1,550.0
2026-09-22T09:58:57.500219+00:00,83447.161538635,559,0,1,550.0
2026-09-22T09:58:58.500378+00:00,83448.161698512,559,0,1,550.0
2026-09-22T09:58:59.500598+00:00,83449.161918034,559,0,1,550.0
2026-09-22T09:59:00.500932+00:00,83450.162250642,559,0,1,550.0
2026-09-22T09:59:01.501249+00:00,83451.162565924,559,0,1,550.0
2026-09-22T09:59:02.501517+00:00,83452.162832602,559,0,1,550.0
2026-09-22T09:59:03.501828+00:00,83453.163144269,559,0,1,550.0
2026-09-22T09:59:04.502056+00:00,83454.163374914,1114,0,2,1100.0
2026-09-22T09:59:05.502242+00:00,83455.163561867,1114,0,2,1100.0
2026-09-22T09:59:06.502447+00:00,83456.163767367,1114,0,2,1100.0
2026-09-22T09:59:07.502735+00:00,83457.164051617,1114,0,2,1100.0
2026-09-22T09:59:08.503005+00:00,83458.164324849,1114,0,2,1100.0
2026-09-22T09:59:09.503237+00:00,83459.164554846,1114,0,2,1100.0
2026-09-22T09:59:10.503442+00:00,83460.164763821,1114,0,2,1100.0
2026-09-22T09:59:11.503672+00:00,83461.164990161,1114,0,2,1100.0
2026-09-22T09:59:12.503964+00:00,83462.165283775,1114,0,2,1100.0
2026-09-22T09:59:13.504149+00:00,83463.165468036,1114,0,2,1100.0
2026-09-22T09:59:14.504327+00:00,83464.165646503,1114,0,2,1100.0
2026-09-22T09:59:15.504585+00:00,83465.16590501,1114,0,2,1100.0
2026-09-22T09:59:16.504846+00:00,83466.166164317,1114,0,2,1100.0
2026-09-22T09:59:17.505044+00:00,83467.16636458,1114,0,2,1100.0
2026-09-22T09:59:18.505357+00:00,83468.166675486,1114,0,2,1100.0
2026-09-22T09:59:19.505549+00:00,83469.166868301,1114,0,2,1100.0
2026-09-22T09:59:20.505804+00:00,83470.167123912,1114,0,2,1100.0
2026-09-22T09:59:21.506003+00:00,83471.167323431,1114,0,2,1100.0
2026-09-22T09:59:22.506265+00:00,83472.167580675,1114,0,2,1100.0
2026-09-22T09:59:23.506465+00:00,83473.167784351,1114,0,2,1100.0
2026-09-22T09:59:24.506649+00:00,83474.167968627,1114,0,2,1100.0
2026-09-22T09:59:25.506856+00:00,83475.168175011,1114,0,2,1100.0
2026-09-22T09:59:26.507086+00:00,83476.168404936,1114,0,2,1100.0
2026-09-22T09:59:27.507317+00:00,83477.168637509,1114,0,2,1100.0
2026-09-22T09:59:28.507551+00:00,83478.168868853,1114,0,2,1100.0
2026-09-22T09:59:29.507815+00:00,83479.169132923,1114,0,2,1100.0
2026-09-22T09:59:30.508124+00:00,83480.169442576,1114,0,2,1100.0
2026-09-22T09:59:31.508362+00:00,83481.169681291,1114,0,2,1100.0
2026-09-22T09:59:32.508526+00:00,83482.169846344,1114,0,2,1100.0
2026-09-22T09:59:33.508754+00:00,83483.17007434,1116,0,2,1102.0
2026-09-22T09:59:34.509022+00:00,83484.170342065,1118,0,2,1104.0
2026-09-22T09:59:35.509252+00:00,83485.170569207,1118,3,2,1104.0
2026-09-22T09:59:36.509488+00:00,83486.170805928,1118,3,2,1104.0
2026-09-22T09:59:37.509746+00:00,83487.171065542,1118,3,2,1104.0
2026-09-22T09:59:38.509998+00:00,83488.171314581,1118,4,2,1104.0
2026-09-22T09:59:39.510182+00:00,83489.171500971,1118,1,2,1104.0
2026-09-22T09:59:40.510380+00:00,83490.171699981,1118,0,2,1104.0
2026-09-22T09:59:41.510576+00:00,83491.171897341,1118,0,2,1104.0
2026-09-22T09:59:42.510819+00:00,83492.172139816,1118,0,2,1104.0
2026-09-22T09:59:43.510950+00:00,83493.172272501,561,0,1,552.0
2026-09-22T09:59:44.511191+00:00,83494.17251285,0,0,0,0
2026-09-22T09:59:45.511405+00:00,83495.172725232,0,0,0,0
2026-09-22T09:59:46.511617+00:00,83496.172937188,0,0,0,0
2026-09-22T09:59:47.511862+00:00,83497.173179236,0,0,0,0
2026-09-22T09:59:48.512120+00:00,83498.173437205,0,0,0,0
2026-09-22T09:59:49.512280+00:00,83499.173601251,0,0,0,0
2026-09-22T09:59:50.512580+00:00,83500.173899387,0,0,0,0
2026-09-22T09:59:51.512848+00:00,83501.174167274,0,0,0,0
2026-09-22T09:59:52.513109+00:00,83502.1744261,0,0,0,0
2026-09-22T09:59:53.513317+00:00,83503.174636104,0,0,0,0
2026-09-22T09:59:54.513541+00:00,83504.174858351,0,0,0,0
2026-09-22T09:59:55.513803+00:00,83505.175122034,0,0,0,0
2026-09-22T09:59:56.514036+00:00,83506.175352597,0,0,0,0
2026-09-22T09:59:57.514225+00:00,83507.175545469,0,0,0,0
2026-09-22T09:59:58.514452+00:00,83508.175769574,0,0,0,0
2026-09-22T09:59:59.514742+00:00,83509.176059322,0,0,0,0
2026-09-22T10:00:00.514975+00:00,83510.176291905,0,0,0,0
2026-09-22T10:00:01.515183+00:00,83511.176501209,0,0,0,0
2026-09-22T10:00:02.515499+00:00,83512.176815808,0,0,0,0
2026-09-22T10:00:03.515780+00:00,83513.177099598,0,0,0,0
2026-09-22T10:00:04.516064+00:00,83514.177384668,0,0,0,0
2026-09-22T10:00:05.516257+00:00,83515.177576644,0,0,0,0
2026-09-22T10:00:06.516456+00:00,83516.177776414,0,0,0,0
2026-09-22T10:00:07.516657+00:00,83517.177978384,0,0,0,0
2026-09-22T10:00:08.516795+00:00,83518.178114634,0,0,0,0
2026-09-22T10:00:09.517100+00:00,83519.178420637,0,0,0,0
2026-09-22T10:00:10.517307+00:00,83520.178626861,0,0,0,0
2026-09-22T10:00:11.517514+00:00,83521.178832717,0,0,0,0
2026-09-22T10:00:12.517802+00:00,83522.179118919,0,0,0,0
2026-09-22T10:00:13.517994+00:00,83523.179314322,0,0,0,0
2026-09-22T10:00:14.518197+00:00,83524.179516594,0,0,0,0
2026-09-22T10:00:15.518420+00:00,83525.179738314,0,0,0,0
2026-09-22T10:00:16.518619+00:00,83526.179939609,0,0,0,0
2026-09-22T10:00:17.518815+00:00,83527.180135973,0,0,0,0
2026-09-22T10:00:18.519081+00:00,83528.18039775,0,0,0,0
2026-09-22T10:00:19.519291+00:00,83529.180609829,0,0,0,0
2026-09-22T10:00:20.519544+00:00,83530.180860758,0,0,0,0
2026-09-22T10:00:21.519787+00:00,83531.181107443,0,0,0,0
2026-09-22T10:00:22.519978+00:00,83532.18129885,0,0,0,0
2026-09-22T10:00:23.520169+00:00,83533.181489762,0,0,0,0
2026-09-22T10:00:24.520364+00:00,83534.181681435,0,0,0,0
2026-09-22T10:00:25.520595+00:00,83535.181912985,0,0,0,0
2026-09-22T10:00:26.520840+00:00,83536.182159928,0,0,0,0
2026-09-22T10:00:27.521044+00:00,83537.182365317,0,0,0,0
2026-09-22T10:00:28.521251+00:00,83538.182570621,0,0,0,0
2026-09-22T10:00:29.521521+00:00,83539.182837208,0,0,0,0
2026-09-22T10:00:30.521819+00:00,83540.18313535,41,2,1,550.0
2026-09-22T10:00:31.522079+00:00,83541.183398401,559,0,1,550.0
2026-09-22T10:00:32.522309+00:00,83542.183629567,559,0,1,550.0
2026-09-22T10:00:33.522509+00:00,83543.183825959,559,0,1,550.0
2026-09-22T10:00:34.522797+00:00,83544.184115041,559,0,1,550.0
2026-09-22T10:00:35.523021+00:00,83545.184339696,559,0,1,550.0
2026-09-22T10:00:36.523224+00:00,83546.18454368,559,0,1,550.0
2026-09-22T10:00:37.523427+00:00,83547.184748834,559,0,1,550.0
2026-09-22T10:00:38.523722+00:00,83548.184992415,559,0,1,550.0
2026-09-22T10:00:39.523926+00:00,83549.185243981,559,0,1,550.0
2026-09-22T10:00:40.524163+00:00,83550.185481781,559,0,1,550.0
2026-09-22T10:00:41.524378+00:00,83551.185697874,559,0,1,550.0
2026-09-22T10:00:42.524579+00:00,83552.185900412,559,0,1,550.0
2026-09-22T10:00:43.524883+00:00,83553.186202957,559,0,1,550.0
2026-09-22T10:00:44.525200+00:00,83554.186516474,559,0,1,550.0
2026-09-22T10:00:45.525504+00:00,83555.186821144,559,0,2,564.0
2026-09-22T10:00:46.525770+00:00,83556.187089322,1114,0,2,1100.0
2026-09-22T10:00:47.526192+00:00,83557.187508213,1114,0,2,1100.0
2026-09-22T10:00:48.526410+00:00,83558.187729566,1114,0,2,1100.0
2026-09-22T10:00:49.526641+00:00,83559.187961084,1114,0,2,1100.0
2026-09-22T10:00:50.526836+00:00,83560.188156191,1114,0,2,1100.0
2026-09-22T10:00:51.527063+00:00,83561.188383103,1114,0,2,1100.0
2026-09-22T10:00:52.527620+00:00,83562.188943138,1114,0,2,1100.0
2026-09-22T10:00:53.527878+00:00,83563.189195293,1114,0,2,1100.0
2026-09-22T10:00:54.528097+00:00,83564.189416986,1114,0,2,1100.0
2026-09-22T10:00:55.528296+00:00,83565.18961642,1114,0,2,1100.0
2026-09-22T10:00:56.528530+00:00,83566.189847827,1114,0,2,1100.0
2026-09-22T10:00:57.528782+00:00,83567.190102027,1114,0,2,1100.0
2026-09-22T10:00:58.528966+00:00,83568.190286018,1114,0,2,1100.0
2026-09-22T10:00:59.529177+00:00,83569.190497098,1114,0,2,1100.0
2026-09-22T10:01:00.529415+00:00,83570.190734447,1114,0,2,1100.0
2026-09-22T10:01:01.529731+00:00,83571.191046255,1114,0,2,1100.0
2026-09-22T10:01:02.530005+00:00,83572.191320985,1114,0,2,1100.0
2026-09-22T10:01:03.530236+00:00,83573.191555658,1114,0,2,1100.0
2026-09-22T10:01:04.530488+00:00,83574.191804838,1114,0,2,1100.0
2026-09-22T10:01:05.530741+00:00,83575.192060513,1114,0,2,1100.0
2026-09-22T10:01:06.530950+00:00,83576.19226826,1114,0,2,1100.0
2026-09-22T10:01:07.531157+00:00,83577.192474157,1114,0,2,1100.0
2026-09-22T10:01:08.531391+00:00,83578.192707499,1114,0,2,1100.0
2026-09-22T10:01:09.531599+00:00,83579.192915711,1114,0,2,1100.0
2026-09-22T10:01:10.531801+00:00,83580.193121427,1114,0,2,1100.0
2026-09-22T10:01:11.532010+00:00,83581.193330525,1114,0,2,1100.0
2026-09-22T10:01:12.532234+00:00,83582.193553882,1114,0,2,1100.0
2026-09-22T10:01:13.532463+00:00,83583.193780626,1114,0,2,1100.0
2026-09-22T10:01:14.532852+00:00,83584.194168641,1114,0,2,1100.0
2026-09-22T10:01:15.533217+00:00,83585.194533887,1114,0,2,1100.0
2026-09-22T10:01:16.533400+00:00,83586.194719374,1114,0,2,1100.0
2026-09-22T10:01:17.533603+00:00,83587.194923562,1114,0,2,1100.0
2026-09-22T10:01:18.533856+00:00,83588.195173613,1118,2,2,1104.0
2026-09-22T10:01:19.534051+00:00,83589.195372474,1118,3,2,1104.0
2026-09-22T10:01:20.534243+00:00,83590.195563166,1118,0,2,1104.0
2026-09-22T10:01:21.534445+00:00,83591.195764257,561,0,1,552.0
2026-09-22T10:01:22.534850+00:00,83592.196166894,561,0,1,552.0
2026-09-22T10:01:23.535113+00:00,83593.19643119,561,0,1,552.0
2026-09-22T10:01:24.535313+00:00,83594.196631436,561,0,1,552.0
2026-09-22T10:01:25.535518+00:00,83595.196838108,561,0,1,552.0
2026-09-22T10:01:26.535773+00:00,83596.197093453,561,0,1,552.0
2026-09-22T10:01:27.535986+00:00,83597.197306812,561,0,1,552.0
2026-09-22T10:01:28.536169+00:00,83598.197489398,0,1,0,0
2026-09-22T10:01:29.536355+00:00,83599.197674715,0,0,0,0
2026-09-22T10:01:30.536561+00:00,83600.197880987,0,0,0,0
2026-09-22T10:01:31.536808+00:00,83601.198128156,0,0,0,0
2026-09-22T10:01:32.537009+00:00,83602.198330368,0,0,0,0
2026-09-22T10:01:33.537210+00:00,83603.198531356,0,0,0,0
2026-09-22T10:01:34.537456+00:00,83604.198773543,0,0,0,0
2026-09-22T10:01:35.537618+00:00,83605.19894046,0,0,0,0
2026-09-22T10:01:36.537808+00:00,83606.199125935,0,0,0,0
2026-09-22T10:01:37.537942+00:00,83607.199264225,0,0,0,0
2026-09-22T10:01:38.538155+00:00,83608.199475453,0,0,0,0
2026-09-22T10:01:39.538382+00:00,83609.19970126,0,0,0,0
2026-09-22T10:01:40.538621+00:00,83610.199934479,0,0,0,0
2026-09-22T10:01:41.538815+00:00,83611.200134511,0,0,0,0
2026-09-22T10:01:42.539048+00:00,83612.200367462,0,0,0,0
2026-09-22T10:01:43.539249+00:00,83613.200568598,0,0,0,0
2026-09-22T10:01:44.539462+00:00,83614.200782566,0,0,0,0
2026-09-22T10:01:45.539651+00:00,83615.200971356,0,0,0,0
2026-09-22T10:01:46.539878+00:00,83616.201196286,0,0,0,0
2026-09-22T10:01:47.540084+00:00,83617.201404287,0,0,0,0
2026-09-22T10:01:48.540271+00:00,83618.201591946,0,0,0,0
2026-09-22T10:01:49.540440+00:00,83619.201762116,0,0,0,0
2026-09-22T10:01:50.540608+00:00,83620.201927887,0,0,0,0
2026-09-22T10:01:51.540808+00:00,83621.202128589,0,0,0,0
2026-09-22T10:01:52.541034+00:00,83622.202355038,0,0,0,0
2026-09-22T10:01:53.541243+00:00,83623.202562199,0,0,0,0
2026-09-22T10:01:54.541443+00:00,83624.202764646,0,0,0,0
2026-09-22T10:01:55.541612+00:00,83625.202934146,0,0,0,0
2026-09-22T10:01:56.541814+00:00,83626.203134587,0,0,0,0
2026-09-22T10:01:57.542002+00:00,83627.203324155,0,0,0,0
2026-09-22T10:01:58.542193+00:00,83628.203513606,0,0,0,0
2026-09-22T10:01:59.542516+00:00,83629.203834628,0,0,0,0
2026-09-22T10:02:00.542771+00:00,83630.204090666,0,0,0,0
2026-09-22T10:02:01.542989+00:00,83631.204306106,0,0,0,0
2026-09-22T10:02:02.543198+00:00,83632.204517923,0,0,0,0
2026-09-22T10:02:03.543415+00:00,83633.204733981,0,0,0,0
2026-09-22T10:02:04.543564+00:00,83634.204885547,0,0,0,0
2026-09-22T10:02:05.543798+00:00,83635.205119111,0,0,0,0
2026-09-22T10:02:06.544049+00:00,83636.205369148,0,0,0,0
2026-09-22T10:02:07.544240+00:00,83637.205561416,0,0,0,0
2026-09-22T10:02:08.544445+00:00,83638.205765696,0,0,0,0
2026-09-22T10:02:09.544724+00:00,83639.205994679,0,0,0,0
2026-09-22T10:02:10.544886+00:00,83640.206206822,0,0,0,0
2026-09-22T10:02:11.545082+00:00,83641.206403087,0,0,0,0
2026-09-22T10:02:12.545277+00:00,83642.206598493,0,0,0,0
2026-09-22T10:02:13.545520+00:00,83643.20683779,0,0,0,0
2026-09-22T10:02:14.545763+00:00,83644.207083222,0,0,0,0
2026-09-22T10:02:15.546013+00:00,83645.207332026,0,0,0,0
2026-09-22T10:02:16.546215+00:00,83646.207536147,0,0,0,0
2026-09-22T10:02:17.546414+00:00,83647.207735384,0,0,0,0
2026-09-22T10:02:18.546612+00:00,83648.207933381,0,0,0,0
2026-09-22T10:02:19.546812+00:00,83649.208133687,0,0,0,0
2026-09-22T10:02:20.547004+00:00,83650.208325566,0,0,0,0
2026-09-22T10:02:21.547208+00:00,83651.208528352,0,0,0,0
2026-09-22T10:02:22.547442+00:00,83652.208763443,0,0,0,0
2026-09-22T10:02:23.547635+00:00,83653.208956318,0,0,0,0
2026-09-22T10:02:24.547830+00:00,83654.209152198,0,0,0,0
2026-09-22T10:02:25.548044+00:00,83655.209364433,0,0,0,0
2026-09-22T10:02:26.548256+00:00,83656.209576893,0,0,0,0
2026-09-22T10:02:27.548481+00:00,83657.209802241,0,0,0,0
2026-09-22T10:02:28.548734+00:00,83658.210054505,0,0,0,0
2026-09-22T10:02:29.548940+00:00,83659.210261847,0,0,0,0
2026-09-22T10:02:30.549151+00:00,83660.21046995,0,0,0,0
2026-09-22T10:02:31.549365+00:00,83661.210685366,0,0,0,0
2026-09-22T10:02:32.549555+00:00,83662.210876677,0,0,0,0
2026-09-22T10:02:33.549804+00:00,83663.211125185,0,0,0,0
2026-09-22T10:02:34.550003+00:00,83664.211324676,0,0,0,0
2026-09-22T10:02:35.550184+00:00,83665.211505813,0,0,0,0
2026-09-22T10:02:36.550368+00:00,83666.211688921,0,0,0,0
2026-09-22T10:02:37.550524+00:00,83667.211847924,0,0,0,0
2026-09-22T10:02:38.550779+00:00,83668.212098869,0,0,0,0
2026-09-22T10:02:39.551005+00:00,83669.212325236,0,0,0,0
2026-09-22T10:02:40.551205+00:00,83670.212524356,0,0,0,0
2026-09-22T10:02:41.551396+00:00,83671.2127177,0,0,0,0
2026-09-22T10:02:42.551611+00:00,83672.212930142,0,0,0,0
2026-09-22T10:02:43.551803+00:00,83673.213123688,0,0,0,0
2026-09-22T10:02:44.552009+00:00,83674.213329595,0,0,0,0
2026-09-22T10:02:45.552261+00:00,83675.213579066,0,0,0,0
2026-09-22T10:02:46.552476+00:00,83676.213794854,0,0,0,0
2026-09-22T10:02:47.552730+00:00,83677.214050866,0,0,0,0
2026-09-22T10:02:48.552892+00:00,83678.214213157,0,0,0,0
2026-09-22T10:02:49.553089+00:00,83679.214409557,0,0,0,0
2026-09-22T10:02:50.553287+00:00,83680.214608381,0,0,0,0
2026-09-22T10:02:51.553496+00:00,83681.214817245,0,0,0,0
2026-09-22T10:02:52.553747+00:00,83682.215068224,0,0,0,0
2026-09-22T10:02:53.553997+00:00,83683.215316816,0,0,0,0
2026-09-22T10:02:54.554214+00:00,83684.21553371,0,0,0,0
2026-09-22T10:02:55.554408+00:00,83685.215729846,0,0,0,0
2026-09-22T10:02:56.554603+00:00,83686.215923923,0,0,0,0
2026-09-22T10:02:57.554843+00:00,83687.216161909,0,0,0,0
2026-09-22T10:02:58.555067+00:00,83688.216387429,0,0,0,0
2026-09-22T10:02:59.555263+00:00,83689.216584629,0,0,0,0
2026-09-22T10:03:00.555488+00:00,83690.216807512,0,0,0,0
2026-09-22T10:03:01.555744+00:00,83691.217065114,0,0,0,0
2026-09-22T10:03:02.555944+00:00,83692.217265206,0,0,0,0
2026-09-22T10:03:03.556136+00:00,83693.2174577,0,0,0,0
2026-09-22T10:03:04.556345+00:00,83694.217665899,0,0,0,0
2026-09-22T10:03:05.556549+00:00,83695.217870078,0,0,0,0
2026-09-22T10:03:06.556793+00:00,83696.21811388,0,0,0,0
2026-09-22T10:03:07.556988+00:00,83697.218309378,0,0,0,0
2026-09-22T10:03:08.557218+00:00,83698.218538073,0,0,0,0
2026-09-22T10:03:09.557416+00:00,83699.218735745,0,0,0,0
2026-09-22T10:03:10.557649+00:00,83700.218970136,0,0,0,0
2026-09-22T10:03:11.557845+00:00,83701.219165948,0,0,0,0
2026-09-22T10:03:12.558038+00:00,83702.219358945,0,0,0,0
2026-09-22T10:03:13.558234+00:00,83703.219554756,0,0,0,0
2026-09-22T10:03:14.558436+00:00,83704.219757713,0,0,0,0
2026-09-22T10:03:15.558632+00:00,83705.219953576,0,0,0,0
2026-09-22T10:03:16.558841+00:00,83706.220161671,0,0,0,0
2026-09-22T10:03:17.559058+00:00,83707.220379123,0,0,0,0
2026-09-22T10:03:18.559260+00:00,83708.2205794,0,0,0,0
2026-09-22T10:03:19.559459+00:00,83709.220779347,0,0,0,0
2026-09-22T10:03:20.559671+00:00,83710.220991231,0,0,0,0
2026-09-22T10:03:21.559843+00:00,83711.221161546,0,0,0,0
2026-09-22T10:03:22.560075+00:00,83712.221392343,0,0,0,0
2026-09-22T10:03:23.560272+00:00,83713.221592807,0,0,0,0
2026-09-22T10:03:24.560474+00:00,83714.221794591,0,0,0,0
2026-09-22T10:03:25.560758+00:00,83715.222079056,0,0,0,0
2026-09-22T10:03:26.560959+00:00,83716.222280129,0,0,0,0
2026-09-22T10:03:27.561159+00:00,83717.222480253,0,0,0,0
2026-09-22T10:03:28.561359+00:00,83718.222680139,0,0,0,0
2026-09-22T10:03:29.561578+00:00,83719.222896264,0,0,0,0
2026-09-22T10:03:30.561843+00:00,83720.223162081,0,0,0,0
2026-09-22T10:03:31.562034+00:00,83721.223355661,0,0,0,0
2026-09-22T10:03:32.562262+00:00,83722.223581426,0,0,0,0
2026-09-22T10:03:33.562578+00:00,83723.223896441,0,0,0,0
2026-09-22T10:03:34.562846+00:00,83724.224164644,0,0,0,0
2026-09-22T10:03:35.563072+00:00,83725.224390473,0,0,0,0
2026-09-22T10:03:36.563305+00:00,83726.22462488,0,0,0,0
2026-09-22T10:03:37.563492+00:00,83727.224812978,0,0,0,0
2026-09-22T10:03:38.563720+00:00,83728.225040628,0,0,0,0
2026-09-22T10:03:39.563929+00:00,83729.225249662,0,0,0,0
2026-09-22T10:03:40.564125+00:00,83730.225445627,0,0,0,0
2026-09-22T10:03:41.564313+00:00,83731.225634861,0,0,0,0
2026-09-22T10:03:42.564504+00:00,83732.225824876,0,0,0,0
2026-09-22T10:03:43.564740+00:00,83733.226061259,0,0,0,0
2026-09-22T10:03:44.564923+00:00,83734.226242375,0,0,0,0
2026-09-22T10:03:45.565120+00:00,83735.226440407,0,0,0,0
2026-09-22T10:03:46.565317+00:00,83736.226637384,0,0,0,0
2026-09-22T10:03:47.565525+00:00,83737.226845793,0,0,0,0
2026-09-22T10:03:48.565786+00:00,83738.227106398,0,0,0,0
2026-09-22T10:03:49.566039+00:00,83739.227359889,0,0,0,0
2026-09-22T10:03:50.566249+00:00,83740.227569133,0,0,0,0
2026-09-22T10:03:51.566441+00:00,83741.227761213,0,0,0,0
2026-09-22T10:03:52.566730+00:00,83742.228049547,0,0,0,0
2026-09-22T10:03:53.567002+00:00,83743.228322325,0,0,0,0
2026-09-22T10:03:54.567217+00:00,83744.228537501,0,0,0,0
2026-09-22T10:03:55.567415+00:00,83745.228735309,0,0,0,0
2026-09-22T10:03:56.567595+00:00,83746.228915847,0,0,0,0
2026-09-22T10:03:57.567810+00:00,83747.229131346,0,0,0,0
2026-09-22T10:03:58.568014+00:00,83748.229334686,0,0,0,0
2026-09-22T10:03:59.568222+00:00,83749.229542531,0,0,0,0
2026-09-22T10:04:00.568427+00:00,83750.229746506,0,0,0,0
2026-09-22T10:04:01.568630+00:00,83751.229950545,0,0,0,0
2026-09-22T10:04:02.568834+00:00,83752.230154949,0,0,0,0
2026-09-22T10:04:03.569056+00:00,83753.230375488,0,0,0,0
2026-09-22T10:04:04.569279+00:00,83754.230598654,0,0,0,0
2026-09-22T10:04:05.569467+00:00,83755.230787015,0,0,0,0
2026-09-22T10:04:06.569671+00:00,83756.230991998,0,0,0,0
2026-09-22T10:04:07.569875+00:00,83757.231194644,0,0,0,0
2026-09-22T10:04:08.570090+00:00,83758.23141137,0,0,0,0
2026-09-22T10:04:09.570293+00:00,83759.231614571,0,0,0,0
2026-09-22T10:04:10.570499+00:00,83760.231820572,0,0,0,0
2026-09-22T10:04:11.570753+00:00,83761.232074084,0,0,0,0
2026-09-22T10:04:12.570956+00:00,83762.232277413,0,0,0,0
2026-09-22T10:04:13.571163+00:00,83763.232484544,0,0,0,0
2026-09-22T10:04:14.571366+00:00,83764.232687025,0,0,0,0
2026-09-22T10:04:15.571573+00:00,83765.23289413,0,0,0,0
2026-09-22T10:04:16.571833+00:00,83766.233151502,0,0,0,0
2026-09-22T10:04:17.572040+00:00,83767.23336123,0,0,0,0
2026-09-22T10:04:18.572277+00:00,83768.233598225,0,0,0,0
2026-09-22T10:04:19.572462+00:00,83769.233783502,0,0,0,0
2026-09-22T10:04:20.572810+00:00,83770.234129535,0,0,0,0
2026-09-22T10:04:21.572995+00:00,83771.234316878,0,0,0,0
2026-09-22T10:04:22.573182+00:00,83772.234503147,0,0,0,0
2026-09-22T10:04:23.573387+00:00,83773.234707079,0,0,0,0
2026-09-22T10:04:24.573579+00:00,83774.234901185,0,0,0,0
2026-09-22T10:04:25.573824+00:00,83775.23514493,0,0,0,0
2026-09-22T10:04:26.574007+00:00,83776.23532775,0,0,0,0
2026-09-22T10:04:27.574208+00:00,83777.235529614,0,0,0,0
2026-09-22T10:04:28.574411+00:00,83778.235732232,0,0,0,0
2026-09-22T10:04:29.574630+00:00,83779.235951957,0,0,0,0
2026-09-22T10:04:30.574829+00:00,83780.236150355,0,0,0,0
2026-09-22T10:04:31.575029+00:00,83781.236349842,0,0,0,0
2026-09-22T10:04:32.575221+00:00,83782.236542618,0,0,0,0
2026-09-22T10:04:33.575409+00:00,83783.236730727,0,0,0,0
2026-09-22T10:04:34.575608+00:00,83784.236929806,0,0,0,0
2026-09-22T10:04:35.575823+00:00,83785.237144577,0,0,0,0
2026-09-22T10:04:36.576045+00:00,83786.237365289,0,0,0,0
2026-09-22T10:04:37.576242+00:00,83787.237563707,0,0,0,0
2026-09-22T10:04:38.576442+00:00,83788.237763553,0,0,0,0
2026-09-22T10:04:39.576648+00:00,83789.237969361,0,0,0,0
2026-09-22T10:04:40.576863+00:00,83790.238183545,0,0,0,0
2026-09-22T10:04:41.577154+00:00,83791.238473459,0,0,0,0
2026-09-22T10:04:42.577386+00:00,83792.238705187,0,0,0,0
2026-09-22T10:04:43.577575+00:00,83793.238896032,0,0,0,0
2026-09-22T10:04:44.577829+00:00,83794.239150326,0,0,0,0
2026-09-22T10:04:45.578033+00:00,83795.239353665,0,0,0,0
2026-09-22T10:04:46.578286+00:00,83796.239604201,0,0,0,0
2026-09-22T10:04:47.578514+00:00,83797.239833154,0,0,0,0
2026-09-22T10:04:48.578800+00:00,83798.240118653,0,0,0,0
2026-09-22T10:04:49.579034+00:00,83799.240351293,0,0,0,0
2026-09-22T10:04:50.579306+00:00,83800.240626707,0,0,0,0
2026-09-22T10:04:51.579503+00:00,83801.240824751,0,0,0,0
2026-09-22T10:04:52.579733+00:00,83802.241051598,0,0,0,0
2026-09-22T10:04:53.579932+00:00,83803.24125007,0,0,0,0
2026-09-22T10:04:54.580169+00:00,83804.241487489,0,0,0,0
2026-09-22T10:04:55.580373+00:00,83805.241694049,0,0,0,0
2026-09-22T10:04:56.580549+00:00,83806.241870365,0,0,0,0
2026-09-22T10:04:57.580810+00:00,83807.242130092,0,0,0,0
2026-09-22T10:04:58.580971+00:00,83808.242292629,0,0,0,0
2026-09-22T10:04:59.581189+00:00,83809.2425094,559,0,1,550.0
2026-09-22T10:05:00.581389+00:00,83810.24270839,559,0,1,550.0
2026-09-22T10:05:01.581622+00:00,83811.242939572,559,0,1,550.0
2026-09-22T10:05:02.581852+00:00,83812.243169907,559,0,1,550.0
2026-09-22T10:05:03.582120+00:00,83813.243435509,559,0,1,550.0
2026-09-22T10:05:04.582325+00:00,83814.243643581,559,0,1,550.0
2026-09-22T10:05:05.582484+00:00,83815.243806975,559,0,1,550.0
2026-09-22T10:05:06.582737+00:00,83816.244057524,559,0,1,550.0
2026-09-22T10:05:07.582951+00:00,83817.244268476,559,0,1,550.0
2026-09-22T10:05:08.583111+00:00,83818.244431193,559,0,1,550.0
2026-09-22T10:05:09.583339+00:00,83819.244658001,559,0,1,550.0
2026-09-22T10:05:10.583540+00:00,83820.24485914,559,0,1,550.0
2026-09-22T10:05:11.583765+00:00,83821.245086279,559,0,1,550.0
2026-09-22T10:05:12.583931+00:00,83822.245252048,559,0,1,550.0
2026-09-22T10:05:13.584125+00:00,83823.24544648,559,0,1,550.0
2026-09-22T10:05:14.584326+00:00,83824.245646704,559,0,1,550.0
2026-09-22T10:05:15.584551+00:00,83825.24586901,559,0,1,550.0
2026-09-22T10:05:16.584866+00:00,83826.2461829,559,0,1,550.0
2026-09-22T10:05:17.585042+00:00,83827.246360952,559,0,1,550.0
2026-09-22T10:05:18.585248+00:00,83828.2465686,559,0,1,550.0
2026-09-22T10:05:19.585466+00:00,83829.246786636,559,0,1,550.0
2026-09-22T10:05:20.585717+00:00,83830.24699362,559,0,1,550.0
2026-09-22T10:05:21.585897+00:00,83831.247213373,559,0,1,550.0
2026-09-22T10:05:22.586099+00:00,83832.247418605,559,0,1,550.0
2026-09-22T10:05:23.586341+00:00,83833.247660442,559,0,1,550.0
2026-09-22T10:05:24.586546+00:00,83834.247866278,559,0,1,550.0
2026-09-22T10:05:25.586834+00:00,83835.248152132,559,0,1,550.0
2026-09-22T10:05:26.587089+00:00,83836.248407994,559,0,1,550.0
2026-09-22T10:05:27.587283+00:00,83837.248602286,559,0,1,550.0
2026-09-22T10:05:28.587611+00:00,83838.248929224,559,0,1,550.0
2026-09-22T10:05:29.587870+00:00,83839.249187442,559,0,1,550.0
2026-09-22T10:05:30.588132+00:00,83840.249449209,559,0,1,550.0
2026-09-22T10:05:31.588348+00:00,83841.249665728,561,0,1,552.0
2026-09-22T10:05:32.588532+00:00,83842.249852765,561,0,1,552.0
2026-09-22T10:05:33.588778+00:00,83843.250098585,561,0,1,552.0
2026-09-22T10:05:34.588995+00:00,83844.250314483,561,0,1,552.0
2026-09-22T10:05:35.589209+00:00,83845.250528902,561,0,1,552.0
2026-09-22T10:05:36.589428+00:00,83846.250748272,561,0,1,552.0
2026-09-22T10:05:37.589653+00:00,83847.250973413,561,0,1,552.0
2026-09-22T10:05:38.589827+00:00,83848.251145662,561,0,1,552.0
2026-09-22T10:05:39.589991+00:00,83849.251312992,561,0,1,552.0
2026-09-22T10:05:40.590236+00:00,83850.25155446,561,0,1,552.0
2026-09-22T10:05:41.590462+00:00,83851.251780513,0,0,0,0
2026-09-22T10:05:42.590754+00:00,83852.252072034,0,0,0,0
2026-09-22T10:05:43.591001+00:00,83853.252318941,0,0,0,0
2026-09-22T10:05:44.591185+00:00,83854.252504564,0,0,0,0
2026-09-22T10:05:45.591391+00:00,83855.252710194,0,0,0,0
2026-09-22T10:05:46.591612+00:00,83856.252930496,0,0,0,0
2026-09-22T10:05:47.591852+00:00,83857.253171037,0,0,0,0
2026-09-22T10:05:48.592064+00:00,83858.253382457,0,0,0,0
2026-09-22T10:05:49.592271+00:00,83859.253590916,0,0,0,0
2026-09-22T10:05:50.592523+00:00,83860.253842954,0,0,0,0
2026-09-22T10:05:51.592788+00:00,83861.254108208,0,0,0,0
2026-09-22T10:05:52.592982+00:00,83862.254302529,0,0,0,0
2026-09-22T10:05:53.593217+00:00,83863.25453572,0,0,0,0
2026-09-22T10:05:54.593428+00:00,83864.254745863,0,0,0,0
2026-09-22T10:05:55.593764+00:00,83865.255082632,0,0,0,0
2026-09-22T10:05:56.594016+00:00,83866.255332775,0,0,0,0
2026-09-22T10:05:57.594198+00:00,83867.255517337,0,0,0,0
2026-09-22T10:05:58.594413+00:00,83868.25573315,0,0,0,0
2026-09-22T10:05:59.594597+00:00,83869.255916887,0,0,0,0
2026-09-22T10:06:00.594860+00:00,83870.256179662,0,0,0,0
2026-09-22T10:06:01.595075+00:00,83871.256395085,0,0,0,0
2026-09-22T10:06:02.595285+00:00,83872.256606614,0,0,0,0
2026-09-22T10:06:03.595461+00:00,83873.256782388,0,0,0,0
2026-09-22T10:06:04.595715+00:00,83874.256997072,0,0,0,0
2026-09-22T10:06:05.595886+00:00,83875.257206652,0,0,0,0
2026-09-22T10:06:06.596053+00:00,83876.257374239,0,0,0,0
2026-09-22T10:06:07.596250+00:00,83877.257571051,0,0,0,0
2026-09-22T10:06:08.596450+00:00,83878.257770811,0,0,0,0
2026-09-22T10:06:09.596665+00:00,83879.257985402,0,0,0,0
2026-09-22T10:06:10.596868+00:00,83880.258189865,0,0,0,0
2026-09-22T10:06:11.597068+00:00,83881.258389086,0,0,0,0
2026-09-22T10:06:12.597315+00:00,83882.258636842,0,0,0,0
2026-09-22T10:06:13.597501+00:00,83883.25882198,0,0,0,0
2026-09-22T10:06:14.597739+00:00,83884.259060146,0,0,0,0
2026-09-22T10:06:15.597990+00:00,83885.259307101,0,0,0,0
2026-09-22T10:06:16.598203+00:00,83886.259521963,0,0,0,0
2026-09-22T10:06:17.598418+00:00,83887.259737619,0,0,0,0
2026-09-22T10:06:18.598610+00:00,83888.259930591,0,0,0,0
2026-09-22T10:06:19.598819+00:00,83889.26013965,0,0,0,0
2026-09-22T10:06:20.599038+00:00,83890.260358959,0,0,0,0
2026-09-22T10:06:21.599248+00:00,83891.260567585,0,0,0,0
2026-09-22T10:06:22.599475+00:00,83892.260793832,0,0,0,0
2026-09-22T10:06:23.599721+00:00,83893.261042508,0,0,0,0
2026-09-22T10:06:24.599907+00:00,83894.261228713,0,0,0,0
2026-09-22T10:06:25.600096+00:00,83895.261417791,0,0,0,0
2026-09-22T10:06:26.600288+00:00,83896.261608852,0,0,0,0
2026-09-22T10:06:27.600507+00:00,83897.261825831,0,0,0,0
2026-09-22T10:06:28.600862+00:00,83898.262180404,0,0,0,0
2026-09-22T10:06:29.601117+00:00,83899.262434754,0,0,0,0
2026-09-22T10:06:30.601282+00:00,83900.262604452,0,0,0,0
2026-09-22T10:06:31.601465+00:00,83901.262784708,0,0,0,0
2026-09-22T10:06:32.601778+00:00,83902.263095944,0,0,0,0
2026-09-22T10:06:33.601983+00:00,83903.263303567,0,0,0,0
2026-09-22T10:06:34.602201+00:00,83904.263520198,0,0,0,0
2026-09-22T10:06:35.602418+00:00,83905.26373731,0,0,0,0
2026-09-22T10:06:36.602623+00:00,83906.263941727,0,0,0,0
2026-09-22T10:06:37.602860+00:00,83907.264179433,0,0,0,0
2026-09-22T10:06:38.603040+00:00,83908.264360495,0,0,0,0
2026-09-22T10:06:39.603415+00:00,83909.264734914,0,0,0,0
2026-09-22T10:06:40.603669+00:00,83910.264988826,0,0,0,0
2026-09-22T10:06:41.603890+00:00,83911.265211025,0,0,0,0
2026-09-22T10:06:42.604121+00:00,83912.265441947,0,0,0,0
2026-09-22T10:06:43.604366+00:00,83913.265687347,0,0,0,0
2026-09-22T10:06:44.604567+00:00,83914.265886504,0,0,0,0
2026-09-22T10:06:45.604842+00:00,83915.266159954,0,0,0,0
2026-09-22T10:06:46.605076+00:00,83916.266393365,0,0,0,0
2026-09-22T10:06:47.605315+00:00,83917.266632844,0,0,0,0
2026-09-22T10:06:48.605538+00:00,83918.266855903,0,0,0,0
2026-09-22T10:06:49.605792+00:00,83919.267111634,0,0,0,0
2026-09-22T10:06:50.605970+00:00,83920.267290457,0,0,0,0
2026-09-22T10:06:51.606143+00:00,83921.267463389,0,0,0,0
2026-09-22T10:06:52.606401+00:00,83922.26771714,0,0,0,0
2026-09-22T10:06:53.606605+00:00,83923.267925232,0,0,0,0
2026-09-22T10:06:54.606808+00:00,83924.268128038,0,0,0,0
2026-09-22T10:06:55.606977+00:00,83925.2682994,0,0,0,0
2026-09-22T10:06:56.607197+00:00,83926.268517068,0,0,0,0
2026-09-22T10:06:57.607469+00:00,83927.268785552,1,0,1,14.0
2026-09-22T10:06:58.607849+00:00,83928.269165456,559,0,1,550.0
2026-09-22T10:06:59.608080+00:00,83929.269399019,559,0,1,550.0
2026-09-22T10:07:00.608269+00:00,83930.269589362,559,0,1,550.0
2026-09-22T10:07:01.608585+00:00,83931.269900088,559,0,1,550.0
2026-09-22T10:07:02.608789+00:00,83932.27010868,559,0,1,550.0
2026-09-22T10:07:03.609017+00:00,83933.270339076,559,0,1,550.0
2026-09-22T10:07:04.609189+00:00,83934.27051032,559,0,1,550.0
2026-09-22T10:07:05.609399+00:00,83935.270719415,559,0,1,550.0
2026-09-22T10:07:06.609595+00:00,83936.2709169,559,0,1,550.0
2026-09-22T10:07:07.609808+00:00,83937.271128023,559,0,1,550.0
2026-09-22T10:07:08.610009+00:00,83938.271330031,559,0,1,550.0
2026-09-22T10:07:09.610209+00:00,83939.271529315,559,0,1,550.0
2026-09-22T10:07:10.610414+00:00,83940.271734599,559,0,1,550.0
2026-09-22T10:07:11.610613+00:00,83941.271932999,559,0,1,550.0
2026-09-22T10:07:12.610885+00:00,83942.272201541,559,0,1,550.0
2026-09-22T10:07:13.611103+00:00,83943.272420028,1114,1,2,1100.0
2026-09-22T10:07:14.611329+00:00,83944.272648432,1114,0,2,1100.0
2026-09-22T10:07:15.611622+00:00,83945.272938042,1114,0,2,1100.0
2026-09-22T10:07:16.611985+00:00,83946.273302335,1114,0,2,1100.0
2026-09-22T10:07:17.612178+00:00,83947.273498133,1114,0,2,1100.0
2026-09-22T10:07:18.612508+00:00,83948.273826378,1114,0,2,1100.0
2026-09-22T10:07:19.612801+00:00,83949.274117506,1114,0,2,1100.0
2026-09-22T10:07:20.613005+00:00,83950.274324663,1114,0,2,1100.0
2026-09-22T10:07:21.613285+00:00,83951.27460135,1114,0,2,1100.0
2026-09-22T10:07:22.613528+00:00,83952.274844589,1114,0,2,1100.0
2026-09-22T10:07:23.613759+00:00,83953.275079984,1114,0,2,1100.0
2026-09-22T10:07:24.614148+00:00,83954.275465504,1114,0,2,1100.0
2026-09-22T10:07:25.614427+00:00,83955.275747465,1114,0,2,1100.0
2026-09-22T10:07:26.614620+00:00,83956.275941021,1114,0,2,1100.0
2026-09-22T10:07:27.614803+00:00,83957.276122831,1114,0,2,1100.0
2026-09-22T10:07:28.615095+00:00,83958.276411868,1114,0,2,1100.0
2026-09-22T10:07:29.615344+00:00,83959.276661264,1114,0,2,1100.0
2026-09-22T10:07:30.615488+00:00,83960.276809894,1114,0,2,1100.0
2026-09-22T10:07:31.615669+00:00,83961.27698914,1114,0,2,1100.0
2026-09-22T10:07:32.615790+00:00,83962.277110377,1114,0,2,1100.0
2026-09-22T10:07:33.616034+00:00,83963.277351635,1114,0,2,1100.0
2026-09-22T10:07:34.616248+00:00,83964.277566228,1114,0,2,1100.0
2026-09-22T10:07:35.616440+00:00,83965.277759072,1114,0,2,1100.0
2026-09-22T10:07:36.616604+00:00,83966.277926648,1114,0,2,1100.0
2026-09-22T10:07:37.616886+00:00,83967.278206601,1114,0,2,1100.0
2026-09-22T10:07:38.617098+00:00,83968.278418719,1114,0,2,1100.0
2026-09-22T10:07:39.617333+00:00,83969.278653453,1114,0,2,1100.0
2026-09-22T10:07:40.617640+00:00,83970.278959367,1114,0,2,1100.0
2026-09-22T10:07:41.617852+00:00,83971.279171735,1114,0,2,1100.0
2026-09-22T10:07:42.618034+00:00,83972.279353367,1116,0,2,1102.0
2026-09-22T10:07:43.618283+00:00,83973.279600746,1118,0,2,1104.0
2026-09-22T10:07:44.618580+00:00,83974.279900356,1118,3,2,1104.0
2026-09-22T10:07:45.618861+00:00,83975.280177457,561,0,1,552.0
2026-09-22T10:07:46.619094+00:00,83976.280412279,561,0,1,552.0
2026-09-22T10:07:47.619296+00:00,83977.280616429,561,0,1,552.0
2026-09-22T10:07:48.619476+00:00,83978.280796156,561,0,1,552.0
2026-09-22T10:07:49.619728+00:00,83979.281046993,561,0,1,552.0
2026-09-22T10:07:50.619920+00:00,83980.281239924,561,0,1,552.0
2026-09-22T10:07:51.620120+00:00,83981.281440945,561,0,1,552.0
2026-09-22T10:07:52.620321+00:00,83982.281642359,561,0,1,552.0
2026-09-22T10:07:53.620518+00:00,83983.281837215,0,0,0,0
2026-09-22T10:07:54.620782+00:00,83984.282101958,0,0,0,0
2026-09-22T10:07:55.620988+00:00,83985.28230857,0,0,0,0
2026-09-22T10:07:56.621204+00:00,83986.282524965,0,0,0,0
2026-09-22T10:07:57.621435+00:00,83987.282754068,0,0,0,0
2026-09-22T10:07:58.621738+00:00,83988.28305833,0,0,0,0
2026-09-22T10:07:59.622012+00:00,83989.283328988,0,0,0,0
2026-09-22T10:08:00.622221+00:00,83990.283540038,0,0,0,0
2026-09-22T10:08:01.622590+00:00,83991.283905072,0,0,0,0
2026-09-22T10:08:02.622772+00:00,83992.284093184,0,0,0,0
2026-09-22T10:08:03.622990+00:00,83993.28430885,0,0,0,0
2026-09-22T10:08:04.623184+00:00,83994.284504415,0,0,0,0
2026-09-22T10:08:05.623392+00:00,83995.2847118,0,0,0,0
2026-09-22T10:08:06.623819+00:00,83996.28513968,0,0,0,0
2026-09-22T10:08:07.624004+00:00,83997.285324312,0,0,0,0
2026-09-22T10:08:08.624200+00:00,83998.285520047,0,0,0,0
2026-09-22T10:08:09.624376+00:00,83999.285696603,0,0,0,0
2026-09-22T10:08:10.624597+00:00,84000.285916187,0,0,0,0
2026-09-22T10:08:11.624833+00:00,84001.28615064,0,0,0,0
2026-09-22T10:08:12.625036+00:00,84002.286356832,0,0,0,0
2026-09-22T10:08:13.625218+00:00,84003.286537442,0,0,0,0
2026-09-22T10:08:14.625443+00:00,84004.286762656,0,0,0,0
2026-09-22T10:08:15.625598+00:00,84005.286919646,0,0,0,0
2026-09-22T10:08:16.625816+00:00,84006.287135753,0,0,0,0
2026-09-22T10:08:17.626004+00:00,84007.287324052,0,0,0,0
2026-09-22T10:08:18.626251+00:00,84008.287569125,0,0,0,0
2026-09-22T10:08:19.626472+00:00,84009.287789912,0,0,0,0
2026-09-22T10:08:20.626720+00:00,84010.288039679,0,0,0,0
2026-09-22T10:08:21.626918+00:00,84011.288239095,0,0,0,0
2026-09-22T10:08:22.627119+00:00,84012.288439989,0,0,0,0
2026-09-22T10:08:23.627306+00:00,84013.288627926,0,0,0,0
2026-09-22T10:08:24.627517+00:00,84014.288837562,0,0,0,0
2026-09-22T10:08:25.627783+00:00,84015.289100402,0,0,0,0
2026-09-22T10:08:26.628039+00:00,84016.289356913,0,0,0,0
2026-09-22T10:08:27.628247+00:00,84017.289566075,0,0,0,0
2026-09-22T10:08:28.628440+00:00,84018.289760477,0,0,0,0
2026-09-22T10:08:29.628639+00:00,84019.289959843,0,0,0,0
2026-09-22T10:08:30.628799+00:00,84020.290120683,0,0,0,0
2026-09-22T10:08:31.629031+00:00,84021.290348392,0,0,0,0
2026-09-22T10:08:32.629244+00:00,84022.290562259,0,0,0,0
2026-09-22T10:08:33.629448+00:00,84023.290768563,0,0,0,0
2026-09-22T10:08:34.629648+00:00,84024.290968191,0,0,0,0
2026-09-22T10:08:35.629855+00:00,84025.291172079,0,0,0,0
2026-09-22T10:08:36.630083+00:00,84026.291401826,0,0,0,0
2026-09-22T10:08:37.630349+00:00,84027.291666168,559,2,1,550.0
2026-09-22T10:08:38.630623+00:00,84028.291938851,559,0,1,550.0
2026-09-22T10:08:39.630803+00:00,84029.292123279,559,0,1,550.0
2026-09-22T10:08:40.631063+00:00,84030.292382389,559,0,1,550.0
2026-09-22T10:08:41.631294+00:00,84031.292610856,559,0,1,550.0
2026-09-22T10:08:42.631494+00:00,84032.292813592,559,0,1,550.0
2026-09-22T10:08:43.631745+00:00,84033.293063903,559,0,1,550.0
2026-09-22T10:08:44.631959+00:00,84034.293278663,559,0,1,550.0
2026-09-22T10:08:45.632190+00:00,84035.293507467,559,0,1,550.0
2026-09-22T10:08:46.632444+00:00,84036.293760432,559,0,1,550.0
2026-09-22T10:08:47.632851+00:00,84037.294165148,559,0,1,550.0
2026-09-22T10:08:48.633046+00:00,84038.294366771,559,0,1,550.0
2026-09-22T10:08:49.633249+00:00,84039.294569119,559,0,1,550.0
2026-09-22T10:08:50.633446+00:00,84040.294766191,559,0,1,550.0
2026-09-22T10:08:51.633656+00:00,84041.294976491,559,0,1,550.0
2026-09-22T10:08:52.633902+00:00,84042.295218658,559,0,2,564.0
2026-09-22T10:08:53.634168+00:00,84043.29548744,1114,0,2,1100.0
2026-09-22T10:08:54.634347+00:00,84044.295669198,1114,0,2,1100.0
2026-09-22T10:08:55.634561+00:00,84045.295880663,1114,0,2,1100.0
2026-09-22T10:08:56.634827+00:00,84046.296147746,1114,0,2,1100.0
2026-09-22T10:08:57.635157+00:00,84047.296474456,1114,0,2,1100.0
2026-09-22T10:08:58.635353+00:00,84048.296670887,1114,0,2,1100.0
2026-09-22T10:08:59.635592+00:00,84049.296908754,1114,0,2,1100.0
2026-09-22T10:09:00.635848+00:00,84050.297167733,1114,0,2,1100.0
2026-09-22T10:09:01.636057+00:00,84051.297376896,1114,0,2,1100.0
2026-09-22T10:09:02.636316+00:00,84052.297631796,1114,0,2,1100.0
2026-09-22T10:09:03.636531+00:00,84053.297850907,1114,0,2,1100.0
2026-09-22T10:09:04.636864+00:00,84054.298182258,1114,0,2,1100.0
2026-09-22T10:09:05.637121+00:00,84055.298439518,1114,0,2,1100.0
2026-09-22T10:09:06.637377+00:00,84056.298695128,1114,0,2,1100.0
2026-09-22T10:09:07.637559+00:00,84057.298878375,1114,0,2,1100.0
2026-09-22T10:09:08.637827+00:00,84058.299144451,1114,0,2,1100.0
2026-09-22T10:09:09.638131+00:00,84059.299448027,1114,0,2,1100.0
2026-09-22T10:09:10.638405+00:00,84060.299720451,1114,0,2,1100.0
2026-09-22T10:09:11.638611+00:00,84061.299930657,1114,0,2,1100.0
2026-09-22T10:09:12.638852+00:00,84062.300169345,1114,0,2,1100.0
2026-09-22T10:09:13.639134+00:00,84063.30045241,1114,0,2,1100.0
2026-09-22T10:09:14.639341+00:00,84064.300660316,1114,0,2,1100.0
2026-09-22T10:09:15.639556+00:00,84065.300874605,1114,0,2,1100.0
2026-09-22T10:09:16.639802+00:00,84066.301122198,1114,0,2,1100.0
2026-09-22T10:09:17.640067+00:00,84067.301386034,1114,0,2,1100.0
2026-09-22T10:09:18.640331+00:00,84068.301647507,1114,0,2,1100.0
2026-09-22T10:09:19.640534+00:00,84069.301854761,1114,0,2,1100.0
2026-09-22T10:09:20.640765+00:00,84070.302085044,1114,0,2,1100.0
2026-09-22T10:09:21.641006+00:00,84071.302322899,1114,0,2,1100.0
2026-09-22T10:09:22.641220+00:00,84072.302540016,1114,0,2,1100.0
2026-09-22T10:09:23.641420+00:00,84073.302740127,1114,0,2,1100.0
2026-09-22T10:09:24.641632+00:00,84074.302950258,1114,0,2,1100.0
2026-09-22T10:09:25.641868+00:00,84075.303186394,1114,0,2,1100.0
2026-09-22T10:09:26.642115+00:00,84076.303432772,1116,0,2,1102.0
2026-09-22T10:09:27.642273+00:00,84077.303593369,1118,3,2,1104.0
2026-09-22T10:09:28.642454+00:00,84078.303773225,1118,4,2,1104.0
2026-09-22T10:09:29.642737+00:00,84079.304054516,561,3,1,552.0
2026-09-22T10:09:30.642954+00:00,84080.304273279,561,0,1,552.0
2026-09-22T10:09:31.643144+00:00,84081.304463789,561,0,1,552.0
2026-09-22T10:09:32.643326+00:00,84082.30464563,561,0,1,552.0
2026-09-22T10:09:33.643522+00:00,84083.304841719,561,0,1,552.0
2026-09-22T10:09:34.643864+00:00,84084.305181938,561,0,1,552.0
2026-09-22T10:09:35.644086+00:00,84085.305404701,561,0,1,552.0
2026-09-22T10:09:36.644309+00:00,84086.305627008,561,0,1,552.0
2026-09-22T10:09:37.644457+00:00,84087.305778769,0,0,0,0
2026-09-22T10:09:38.644707+00:00,84088.305992533,0,0,0,0
2026-09-22T10:09:39.644866+00:00,84089.306178368,0,0,0,0
2026-09-22T10:09:40.645076+00:00,84090.306395204,0,0,0,0
2026-09-22T10:09:41.645269+00:00,84091.306589579,0,0,0,0
2026-09-22T10:09:42.645485+00:00,84092.30680547,0,0,0,0
2026-09-22T10:09:43.645776+00:00,84093.30709319,0,0,0,0
2026-09-22T10:09:44.645996+00:00,84094.307318245,0,0,0,0
2026-09-22T10:09:45.646216+00:00,84095.307533483,0,0,0,0
2026-09-22T10:09:46.646407+00:00,84096.307725261,0,0,0,0
2026-09-22T10:09:47.646621+00:00,84097.307941067,0,0,0,0
2026-09-22T10:09:48.646852+00:00,84098.308171634,0,0,0,0
2026-09-22T10:09:49.646990+00:00,84099.308312473,0,0,0,0
2026-09-22T10:09:50.647206+00:00,84100.308524547,0,0,0,0
2026-09-22T10:09:51.647448+00:00,84101.308764232,0,0,0,0
2026-09-22T10:09:52.647669+00:00,84102.308987402,0,0,0,0
2026-09-22T10:09:53.647831+00:00,84103.309149161,0,0,0,0
2026-09-22T10:09:54.647999+00:00,84104.309319051,0,0,0,0
2026-09-22T10:09:55.648207+00:00,84105.309527791,0,0,0,0
2026-09-22T10:09:56.648408+00:00,84106.309729165,0,0,0,0
2026-09-22T10:09:57.648609+00:00,84107.3099309,0,0,0,0
2026-09-22T10:09:58.648811+00:00,84108.310131183,0,0,0,0
2026-09-22T10:09:59.649022+00:00,84109.310343244,0,0,0,0
2026-09-22T10:10:00.649235+00:00,84110.310555126,0,0,0,0
2026-09-22T10:10:01.649441+00:00,84111.310761234,0,0,0,0
2026-09-22T10:10:02.649649+00:00,84112.310969274,0,0,0,0
2026-09-22T10:10:03.649968+00:00,84113.311286235,0,0,0,0
2026-09-22T10:10:04.650224+00:00,84114.311540974,0,0,0,0
2026-09-22T10:10:05.650473+00:00,84115.311792044,0,0,0,0
2026-09-22T10:10:06.650671+00:00,84116.311991977,0,0,0,0
2026-09-22T10:10:07.650877+00:00,84117.31219775,0,0,0,0
2026-09-22T10:10:08.651076+00:00,84118.312396757,0,0,0,0
2026-09-22T10:10:09.651244+00:00,84119.312564228,0,0,0,0
2026-09-22T10:10:10.651472+00:00,84120.312792333,0,0,0,0
2026-09-22T10:10:11.651821+00:00,84121.313139943,0,0,0,0
2026-09-22T10:10:12.652029+00:00,84122.31334914,0,0,0,0
2026-09-22T10:10:13.652220+00:00,84123.313540909,0,0,0,0
2026-09-22T10:10:14.652410+00:00,84124.313731893,0,0,0,0
2026-09-22T10:10:15.652714+00:00,84125.313999046,0,0,0,0
2026-09-22T10:10:16.652891+00:00,84126.314209594,0,0,0,0
2026-09-22T10:10:17.653122+00:00,84127.314439132,0,0,0,0
2026-09-22T10:10:18.653306+00:00,84128.31462537,0,0,0,0
2026-09-22T10:10:19.653514+00:00,84129.314833464,0,0,0,0
2026-09-22T10:10:20.653788+00:00,84130.315104064,0,0,0,0
2026-09-22T10:10:21.654071+00:00,84131.31538786,0,0,0,0
2026-09-22T10:10:22.654324+00:00,84132.315641793,559,0,1,550.0
2026-09-22T10:10:23.654573+00:00,84133.315890493,559,0,1,550.0
2026-09-22T10:10:24.654827+00:00,84134.31614637,559,0,1,550.0
2026-09-22T10:10:25.655137+00:00,84135.316456893,559,0,1,550.0
2026-09-22T10:10:26.655312+00:00,84136.316632517,559,0,1,550.0
2026-09-22T10:10:27.655511+00:00,84137.316832606,559,0,1,550.0
2026-09-22T10:10:28.655723+00:00,84138.316999509,559,0,1,550.0
2026-09-22T10:10:29.655930+00:00,84139.31725001,559,0,1,550.0
2026-09-22T10:10:30.656127+00:00,84140.317449239,559,0,1,550.0
2026-09-22T10:10:31.656287+00:00,84141.317609012,559,0,1,550.0
2026-09-22T10:10:32.656546+00:00,84142.317862243,559,0,1,550.0
2026-09-22T10:10:33.656738+00:00,84143.318058392,559,0,1,550.0
2026-09-22T10:10:34.656901+00:00,84144.318221613,559,0,1,550.0
2026-09-22T10:10:35.657131+00:00,84145.318451346,559,0,1,550.0
2026-09-22T10:10:36.657332+00:00,84146.31865012,559,0,1,550.0
2026-09-22T10:10:37.657589+00:00,84147.318906417,1028,1,1,550.0
2026-09-22T10:10:38.657895+00:00,84148.319211248,1114,0,2,1100.0
2026-09-22T10:10:39.658065+00:00,84149.319385219,1114,0,2,1100.0
2026-09-22T10:10:40.658330+00:00,84150.319650091,1114,0,2,1100.0
2026-09-22T10:10:41.658533+00:00,84151.319853767,1114,0,2,1100.0
2026-09-22T10:10:42.658791+00:00,84152.320111933,1114,0,2,1100.0
2026-09-22T10:10:43.659035+00:00,84153.320355238,1114,0,2,1100.0
2026-09-22T10:10:44.659233+00:00,84154.320553532,1114,0,2,1100.0
2026-09-22T10:10:45.659444+00:00,84155.320764285,1114,0,2,1100.0
2026-09-22T10:10:46.659743+00:00,84156.321063717,1114,0,2,1100.0
2026-09-22T10:10:47.659934+00:00,84157.321254034,1114,0,2,1100.0
2026-09-22T10:10:48.660148+00:00,84158.321468023,1114,0,2,1100.0
2026-09-22T10:10:49.660374+00:00,84159.321695406,1114,0,2,1100.0
2026-09-22T10:10:50.660607+00:00,84160.321928032,1114,0,2,1100.0
2026-09-22T10:10:51.660787+00:00,84161.322109262,1114,0,2,1100.0
2026-09-22T10:10:52.660974+00:00,84162.322294403,1114,0,2,1100.0
2026-09-22T10:10:53.661179+00:00,84163.322499498,1114,0,2,1100.0
2026-09-22T10:10:54.661437+00:00,84164.322760114,1114,0,2,1100.0
2026-09-22T10:10:55.661640+00:00,84165.322960762,1114,0,2,1100.0
2026-09-22T10:10:56.661867+00:00,84166.323187909,1114,0,2,1100.0
2026-09-22T10:10:57.662073+00:00,84167.323393678,1114,0,2,1100.0
2026-09-22T10:10:58.662300+00:00,84168.323617961,1114,0,2,1100.0
2026-09-22T10:10:59.662518+00:00,84169.323836973,1114,0,2,1100.0
2026-09-22T10:11:00.662775+00:00,84170.324093504,1114,0,2,1100.0
2026-09-22T10:11:01.662960+00:00,84171.324280124,1114,0,2,1100.0
2026-09-22T10:11:02.663221+00:00,84172.324538789,1114,0,2,1100.0
2026-09-22T10:11:03.663459+00:00,84173.32477689,1114,0,2,1100.0
2026-09-22T10:11:04.663755+00:00,84174.325072895,1114,0,2,1100.0
2026-09-22T10:11:05.663968+00:00,84175.325287282,1114,0,2,1100.0
2026-09-22T10:11:06.664179+00:00,84176.325498782,1114,0,2,1100.0
2026-09-22T10:11:07.664388+00:00,84177.325708024,1114,0,2,1100.0
2026-09-22T10:11:08.664611+00:00,84178.325928561,1114,0,2,1100.0
2026-09-22T10:11:09.664856+00:00,84179.32617269,1114,0,2,1100.0
2026-09-22T10:11:10.665139+00:00,84180.326458401,1116,0,2,1102.0
2026-09-22T10:11:11.665344+00:00,84181.326662817,1118,3,2,1104.0
2026-09-22T10:11:12.665552+00:00,84182.326872641,561,0,1,552.0
2026-09-22T10:11:13.665808+00:00,84183.327128546,561,0,1,552.0
2026-09-22T10:11:14.666018+00:00,84184.327337052,561,0,1,552.0
2026-09-22T10:11:15.666192+00:00,84185.32751261,561,0,1,552.0
2026-09-22T10:11:16.666426+00:00,84186.327743271,561,0,1,552.0
2026-09-22T10:11:17.666629+00:00,84187.3279492,561,0,1,552.0
2026-09-22T10:11:18.666850+00:00,84188.328171211,561,0,1,552.0
2026-09-22T10:11:19.667065+00:00,84189.328385256,561,0,1,552.0
2026-09-22T10:11:20.667270+00:00,84190.328590514,561,0,1,552.0
2026-09-22T10:11:21.667500+00:00,84191.328815794,0,0,0,0
2026-09-22T10:11:22.667746+00:00,84192.329066176,0,0,0,0
2026-09-22T10:11:23.667905+00:00,84193.329225244,0,0,0,0
2026-09-22T10:11:24.668110+00:00,84194.32942985,0,0,0,0
2026-09-22T10:11:25.668341+00:00,84195.329659047,0,0,0,0
2026-09-22T10:11:26.668577+00:00,84196.329896052,0,0,0,0
2026-09-22T10:11:27.668835+00:00,84197.330153049,0,0,0,0
2026-09-22T10:11:28.669075+00:00,84198.330391194,0,0,0,0
2026-09-22T10:11:29.669298+00:00,84199.330617517,0,0,0,0
2026-09-22T10:11:30.669538+00:00,84200.330857027,0,0,0,0
2026-09-22T10:11:31.669810+00:00,84201.331128084,0,0,0,0
2026-09-22T10:11:32.670086+00:00,84202.331405926,0,0,0,0
2026-09-22T10:11:33.670300+00:00,84203.331619186,0,0,0,0
2026-09-22T10:11:34.670458+00:00,84204.33177741,0,0,0,0
2026-09-22T10:11:35.670739+00:00,84205.332057585,0,0,0,0
2026-09-22T10:11:36.670908+00:00,84206.332228017,0,0,0,0
2026-09-22T10:11:37.671088+00:00,84207.332408246,0,0,0,0
2026-09-22T10:11:38.671277+00:00,84208.332598498,0,0,0,0
2026-09-22T10:11:39.671495+00:00,84209.332816965,0,0,0,0
2026-09-22T10:11:40.671761+00:00,84210.333080552,0,0,0,0
2026-09-22T10:11:41.671971+00:00,84211.333290062,0,0,0,0
2026-09-22T10:11:42.672170+00:00,84212.333489717,0,0,0,0
2026-09-22T10:11:43.672376+00:00,84213.333695665,0,0,0,0
2026-09-22T10:11:44.672543+00:00,84214.33386477,0,0,0,0
2026-09-22T10:11:45.672804+00:00,84215.33412382,0,0,0,0
2026-09-22T10:11:46.673009+00:00,84216.334329789,0,0,0,0
2026-09-22T10:11:47.673214+00:00,84217.334534535,0,0,0,0
2026-09-22T10:11:48.673414+00:00,84218.334734521,0,0,0,0
2026-09-22T10:11:49.673584+00:00,84219.334904908,0,0,0,0
2026-09-22T10:11:50.673806+00:00,84220.335125709,0,0,0,0
2026-09-22T10:11:51.674007+00:00,84221.335327914,0,0,0,0
2026-09-22T10:11:52.674217+00:00,84222.335536923,0,0,0,0
2026-09-22T10:11:53.674435+00:00,84223.335755206,0,0,0,0
2026-09-22T10:11:54.674637+00:00,84224.335958132,0,0,0,0
2026-09-22T10:11:55.674826+00:00,84225.336147511,0,0,0,0
2026-09-22T10:11:56.675037+00:00,84226.336357777,0,0,0,0
2026-09-22T10:11:57.675315+00:00,84227.336631343,0,0,0,0
2026-09-22T10:11:58.675553+00:00,84228.336870158,0,0,0,0
2026-09-22T10:11:59.675799+00:00,84229.337119358,0,0,0,0
2026-09-22T10:12:00.676044+00:00,84230.337364253,0,0,0,0
2026-09-22T10:12:01.676329+00:00,84231.337650575,0,0,0,0
2026-09-22T10:12:02.676622+00:00,84232.337937979,39,0,0,0
2026-09-22T10:12:03.676870+00:00,84233.338187148,559,0,1,550.0
2026-09-22T10:12:04.677160+00:00,84234.338478568,559,0,1,550.0
2026-09-22T10:12:05.677366+00:00,84235.338684142,559,0,1,550.0
2026-09-22T10:12:06.677615+00:00,84236.338934951,559,0,1,550.0
2026-09-22T10:12:07.677821+00:00,84237.339141131,559,0,1,550.0
2026-09-22T10:12:08.677962+00:00,84238.339284703,559,0,1,550.0
2026-09-22T10:12:09.678178+00:00,84239.33949831,559,0,1,550.0
2026-09-22T10:12:10.678412+00:00,84240.339732944,559,0,1,550.0
2026-09-22T10:12:11.678561+00:00,84241.339883769,559,0,1,550.0
2026-09-22T10:12:12.678870+00:00,84242.340184818,559,0,1,550.0
2026-09-22T10:12:13.679071+00:00,84243.340390976,559,0,1,550.0
2026-09-22T10:12:14.679288+00:00,84244.340606152,559,0,1,550.0
2026-09-22T10:12:15.679482+00:00,84245.340801033,559,0,1,550.0
2026-09-22T10:12:16.679718+00:00,84246.341036538,559,0,1,550.0
2026-09-22T10:12:17.680028+00:00,84247.341344935,559,0,1,550.0
2026-09-22T10:12:18.680299+00:00,84248.341615246,1114,3,2,1100.0
2026-09-22T10:12:19.680520+00:00,84249.341837349,1114,0,2,1100.0
2026-09-22T10:12:20.680797+00:00,84250.342116377,1114,0,2,1100.0
2026-09-22T10:12:21.680955+00:00,84251.34227654,1114,0,2,1100.0
2026-09-22T10:12:22.681166+00:00,84252.342487198,1114,0,2,1100.0
2026-09-22T10:12:23.681340+00:00,84253.34266349,1114,0,2,1100.0
2026-09-22T10:12:24.681611+00:00,84254.342930569,1114,0,2,1100.0
2026-09-22T10:12:25.681854+00:00,84255.343170986,1114,0,2,1100.0
2026-09-22T10:12:26.682113+00:00,84256.343428486,1114,0,2,1100.0
2026-09-22T10:12:27.682325+00:00,84257.343644057,1114,0,2,1100.0
2026-09-22T10:12:28.682526+00:00,84258.343846503,1114,0,2,1100.0
2026-09-22T10:12:29.682744+00:00,84259.34406478,1114,0,2,1100.0
2026-09-22T10:12:30.683141+00:00,84260.344460509,1114,0,2,1100.0
2026-09-22T10:12:31.683310+00:00,84261.344631935,1114,0,2,1100.0
2026-09-22T10:12:32.683537+00:00,84262.344857073,1114,0,2,1100.0
2026-09-22T10:12:33.683866+00:00,84263.345186556,1114,0,2,1100.0
2026-09-22T10:12:34.684159+00:00,84264.345479251,1114,0,2,1100.0
2026-09-22T10:12:35.684361+00:00,84265.345681212,1114,0,2,1100.0
2026-09-22T10:12:36.684519+00:00,84266.345841754,1114,0,2,1100.0
2026-09-22T10:12:37.684763+00:00,84267.346083897,1114,0,2,1100.0
2026-09-22T10:12:38.685029+00:00,84268.34634605,1114,0,2,1100.0
2026-09-22T10:12:39.685227+00:00,84269.346546604,1114,0,2,1100.0
2026-09-22T10:12:40.685433+00:00,84270.346753514,1114,0,2,1100.0
2026-09-22T10:12:41.685745+00:00,84271.347065201,1114,0,2,1100.0
2026-09-22T10:12:42.686025+00:00,84272.347344291,1114,0,2,1100.0
2026-09-22T10:12:43.686224+00:00,84273.347545083,1114,0,2,1100.0
2026-09-22T10:12:44.686394+00:00,84274.347714076,1114,0,2,1100.0
2026-09-22T10:12:45.686593+00:00,84275.347914298,1114,0,2,1100.0
2026-09-22T10:12:46.686807+00:00,84276.348129655,1114,0,2,1100.0
2026-09-22T10:12:47.687074+00:00,84277.348394782,1116,0,2,1102.0
2026-09-22T10:12:48.687305+00:00,84278.348625911,1118,2,2,1104.0
2026-09-22T10:12:49.687555+00:00,84279.348871837,561,3,1,552.0
2026-09-22T10:12:50.687855+00:00,84280.349172168,561,0,1,552.0
2026-09-22T10:12:51.688061+00:00,84281.349379382,561,0,1,552.0
2026-09-22T10:12:52.688361+00:00,84282.349680398,561,0,1,552.0
2026-09-22T10:12:53.688579+00:00,84283.349898227,561,0,1,552.0
2026-09-22T10:12:54.688871+00:00,84284.350187672,561,0,1,552.0
2026-09-22T10:12:55.689066+00:00,84285.350384912,561,0,1,552.0
2026-09-22T10:12:56.689293+00:00,84286.350612241,561,0,1,552.0
2026-09-22T10:12:57.689514+00:00,84287.350831895,561,0,1,552.0
2026-09-22T10:12:58.689735+00:00,84288.351053625,0,0,0,0
2026-09-22T10:12:59.690002+00:00,84289.351320521,0,0,0,0
2026-09-22T10:13:00.690257+00:00,84290.351573965,0,0,0,0
2026-09-22T10:13:01.690479+00:00,84291.351796558,0,0,0,0
2026-09-22T10:13:02.690782+00:00,84292.352098373,0,0,0,0
2026-09-22T10:13:03.691013+00:00,84293.35233055,0,0,0,0
2026-09-22T10:13:04.691274+00:00,84294.352590923,0,0,0,0
2026-09-22T10:13:05.691461+00:00,84295.352778427,0,0,0,0
2026-09-22T10:13:06.691740+00:00,84296.353057535,0,0,0,0
2026-09-22T10:13:07.691992+00:00,84297.353310082,0,0,0,0
2026-09-22T10:13:08.692208+00:00,84298.353526926,0,0,0,0
2026-09-22T10:13:09.692440+00:00,84299.353757648,0,0,0,0
2026-09-22T10:13:10.692621+00:00,84300.353939481,0,0,0,0
2026-09-22T10:13:11.692855+00:00,84301.354172798,0,0,0,0
2026-09-22T10:13:12.693045+00:00,84302.354362856,0,0,0,0
2026-09-22T10:13:13.693296+00:00,84303.354615745,0,0,0,0
2026-09-22T10:13:14.693515+00:00,84304.354833118,0,0,0,0
2026-09-22T10:13:15.693721+00:00,84305.35504204,0,0,0,0
2026-09-22T10:13:16.693936+00:00,84306.355254566,0,0,0,0
2026-09-22T10:13:17.694169+00:00,84307.355489227,0,0,0,0
2026-09-22T10:13:18.694424+00:00,84308.355740892,0,0,0,0
2026-09-22T10:13:19.694639+00:00,84309.355957156,0,0,0,0
2026-09-22T10:13:20.694843+00:00,84310.356162579,0,0,0,0
2026-09-22T10:13:21.695067+00:00,84311.356385808,0,0,0,0
2026-09-22T10:13:22.695281+00:00,84312.356600502,0,0,0,0
2026-09-22T10:13:23.695486+00:00,84313.356807172,0,0,0,0
2026-09-22T10:13:24.695736+00:00,84314.357057644,0,0,0,0
2026-09-22T10:13:25.695930+00:00,84315.357251887,0,0,0,0
2026-09-22T10:13:26.696125+00:00,84316.357446315,0,0,0,0
2026-09-22T10:13:27.696338+00:00,84317.357660476,0,0,0,0
2026-09-22T10:13:28.696570+00:00,84318.357889412,0,0,0,0
2026-09-22T10:13:29.696823+00:00,84319.358142489,0,0,0,0
2026-09-22T10:13:30.697037+00:00,84320.358357698,0,0,0,0
2026-09-22T10:13:31.697235+00:00,84321.358556408,0,0,0,0
2026-09-22T10:13:32.697437+00:00,84322.358758186,0,0,0,0
2026-09-22T10:13:33.697647+00:00,84323.358966132,0,0,0,0
2026-09-22T10:13:34.697828+00:00,84324.359146955,0,0,0,0
2026-09-22T10:13:35.698034+00:00,84325.35935341,0,0,0,0
2026-09-22T10:13:36.698251+00:00,84326.359569702,0,0,0,0
2026-09-22T10:13:37.698448+00:00,84327.359769346,0,0,0,0
2026-09-22T10:13:38.698670+00:00,84328.359989706,0,0,0,0
2026-09-22T10:13:39.698954+00:00,84329.360272357,0,0,0,0
2026-09-22T10:13:40.699147+00:00,84330.360466823,559,1,1,550.0
2026-09-22T10:13:41.699401+00:00,84331.360718011,559,0,1,550.0
2026-09-22T10:13:42.699659+00:00,84332.360979071,559,0,1,550.0
2026-09-22T10:13:43.699885+00:00,84333.361203451,559,0,1,550.0
2026-09-22T10:13:44.700160+00:00,84334.361480586,559,0,1,550.0
2026-09-22T10:13:45.700457+00:00,84335.361775871,559,0,1,550.0
2026-09-22T10:13:46.700657+00:00,84336.361977404,559,0,1,550.0
2026-09-22T10:13:47.700822+00:00,84337.36214399,559,0,1,550.0
2026-09-22T10:13:48.700992+00:00,84338.362312674,559,0,1,550.0
2026-09-22T10:13:49.701245+00:00,84339.362563999,559,0,1,550.0
2026-09-22T10:13:50.701585+00:00,84340.36290286,559,0,1,550.0
2026-09-22T10:13:51.701846+00:00,84341.363163639,559,0,1,550.0
2026-09-22T10:13:52.702073+00:00,84342.36339444,559,0,1,550.0
2026-09-22T10:13:53.702281+00:00,84343.363601966,559,0,1,550.0
2026-09-22T10:13:54.702521+00:00,84344.363839748,559,0,1,550.0
2026-09-22T10:13:55.702806+00:00,84345.36412335,1036,0,1,550.0
2026-09-22T10:13:56.703035+00:00,84346.36435424,1114,0,2,1100.0
2026-09-22T10:13:57.703289+00:00,84347.364605747,1114,0,2,1100.0
2026-09-22T10:13:58.703466+00:00,84348.364786946,1114,0,2,1100.0
2026-09-22T10:13:59.703648+00:00,84349.364968145,1114,0,2,1100.0
2026-09-22T10:14:00.703827+00:00,84350.365147847,1114,0,2,1100.0
2026-09-22T10:14:01.704070+00:00,84351.365387977,1114,0,2,1100.0
2026-09-22T10:14:02.704278+00:00,84352.365597267,1114,0,2,1100.0
2026-09-22T10:14:03.704480+00:00,84353.365801149,1114,0,2,1100.0
2026-09-22T10:14:04.704827+00:00,84354.366147807,1114,0,2,1100.0
2026-09-22T10:14:05.705014+00:00,84355.366334393,1114,0,2,1100.0
2026-09-22T10:14:06.705213+00:00,84356.366533542,1114,0,2,1100.0
2026-09-22T10:14:07.705482+00:00,84357.366798717,1114,0,2,1100.0
2026-09-22T10:14:08.705882+00:00,84358.367198101,1114,0,2,1100.0
2026-09-22T10:14:09.706111+00:00,84359.36743035,1114,0,2,1100.0
2026-09-22T10:14:10.706249+00:00,84360.367569512,1114,0,2,1100.0
2026-09-22T10:14:11.706459+00:00,84361.367779626,1114,0,2,1100.0
2026-09-22T10:14:12.706626+00:00,84362.367947131,1114,0,2,1100.0
2026-09-22T10:14:13.706831+00:00,84363.368150936,1114,0,2,1100.0
2026-09-22T10:14:14.707046+00:00,84364.36836573,1114,0,2,1100.0
2026-09-22T10:14:15.707240+00:00,84365.368558924,1114,0,2,1100.0
2026-09-22T10:14:16.707454+00:00,84366.368771226,1114,0,2,1100.0
2026-09-22T10:14:17.707653+00:00,84367.36897372,1114,0,2,1100.0
2026-09-22T10:14:18.707855+00:00,84368.369174609,1114,0,2,1100.0
2026-09-22T10:14:19.708051+00:00,84369.369372384,1114,0,2,1100.0
2026-09-22T10:14:20.708232+00:00,84370.369553014,1114,0,2,1100.0
2026-09-22T10:14:21.708488+00:00,84371.369805291,1114,0,2,1100.0
2026-09-22T10:14:22.708729+00:00,84372.370049855,1114,0,2,1100.0
2026-09-22T10:14:23.708941+00:00,84373.370263121,1114,0,2,1100.0
2026-09-22T10:14:24.709092+00:00,84374.370414804,1114,0,2,1100.0
2026-09-22T10:14:25.709299+00:00,84375.370619373,1114,0,2,1100.0
2026-09-22T10:14:26.709507+00:00,84376.370827482,1114,0,2,1100.0
2026-09-22T10:14:27.709835+00:00,84377.371153033,1114,0,2,1100.0
2026-09-22T10:14:28.710050+00:00,84378.371371428,1114,0,2,1100.0
2026-09-22T10:14:29.710221+00:00,84379.371543802,1114,0,2,1100.0
2026-09-22T10:14:30.710431+00:00,84380.371751368,1116,0,2,1102.0
2026-09-22T10:14:31.710634+00:00,84381.371954282,1118,4,2,1104.0
2026-09-22T10:14:32.710813+00:00,84382.372131945,1118,3,2,1104.0
2026-09-22T10:14:33.711044+00:00,84383.372363045,561,0,1,552.0
2026-09-22T10:14:34.711285+00:00,84384.372603827,561,0,1,552.0
2026-09-22T10:14:35.711490+00:00,84385.372810022,561,0,1,552.0
2026-09-22T10:14:36.711737+00:00,84386.373057767,561,0,1,552.0
2026-09-22T10:14:37.711964+00:00,84387.37328358,561,0,1,552.0
2026-09-22T10:14:38.712141+00:00,84388.373460887,561,0,1,552.0
2026-09-22T10:14:39.712357+00:00,84389.373675581,561,0,1,552.0
2026-09-22T10:14:40.712600+00:00,84390.373920429,561,0,1,552.0
2026-09-22T10:14:41.712807+00:00,84391.374125459,0,0,0,0
2026-09-22T10:14:42.713075+00:00,84392.374392087,0,0,0,0
2026-09-22T10:14:43.713287+00:00,84393.374603602,0,0,0,0
2026-09-22T10:14:44.713476+00:00,84394.374793211,0,0,0,0
2026-09-22T10:14:45.713764+00:00,84395.375083535,0,0,0,0
2026-09-22T10:14:46.713995+00:00,84396.375312825,0,0,0,0
2026-09-22T10:14:47.714218+00:00,84397.375537278,0,0,0,0
2026-09-22T10:14:48.714426+00:00,84398.375746556,0,0,0,0
2026-09-22T10:14:49.714627+00:00,84399.375948106,0,0,0,0
2026-09-22T10:14:50.714848+00:00,84400.376169023,0,0,0,0
2026-09-22T10:14:51.715056+00:00,84401.376377009,0,0,0,0
2026-09-22T10:14:52.715267+00:00,84402.376585573,0,0,0,0
2026-09-22T10:14:53.715444+00:00,84403.376764169,0,0,0,0
2026-09-22T10:14:54.715731+00:00,84404.377047518,0,0,0,0
2026-09-22T10:14:55.715948+00:00,84405.377267412,0,0,0,0
2026-09-22T10:14:56.716191+00:00,84406.377510228,0,0,0,0
2026-09-22T10:14:57.716427+00:00,84407.377744229,0,0,0,0
2026-09-22T10:14:58.716662+00:00,84408.377978774,0,0,0,0
2026-09-22T10:14:59.716875+00:00,84409.378192556,0,0,0,0
2026-09-22T10:15:00.717098+00:00,84410.378418113,0,0,0,0
2026-09-22T10:15:01.717308+00:00,84411.378628691,0,0,0,0
2026-09-22T10:15:02.717487+00:00,84412.378807572,0,0,0,0
2026-09-22T10:15:03.717752+00:00,84413.379071063,0,0,0,0
2026-09-22T10:15:04.717951+00:00,84414.379270133,0,0,0,0
2026-09-22T10:15:05.718210+00:00,84415.379526721,0,0,0,0
2026-09-22T10:15:06.718421+00:00,84416.379739939,0,0,0,0
2026-09-22T10:15:07.718625+00:00,84417.379944869,0,0,0,0
2026-09-22T10:15:08.718837+00:00,84418.38015745,0,0,0,0
2026-09-22T10:15:09.719038+00:00,84419.380358725,0,0,0,0
2026-09-22T10:15:10.719286+00:00,84420.380603874,0,0,0,0
2026-09-22T10:15:11.719495+00:00,84421.380815276,0,0,0,0
2026-09-22T10:15:12.719671+00:00,84422.380991823,0,0,0,0
2026-09-22T10:15:13.719866+00:00,84423.381186777,0,0,0,0
2026-09-22T10:15:14.720068+00:00,84424.381388619,0,0,0,0
2026-09-22T10:15:15.720270+00:00,84425.381591224,0,0,0,0
2026-09-22T10:15:16.720477+00:00,84426.381797947,0,0,0,0
2026-09-22T10:15:17.720761+00:00,84427.382080628,0,0,0,0
2026-09-22T10:15:18.720968+00:00,84428.382289565,0,0,0,0
2026-09-22T10:15:19.721167+00:00,84429.382488254,0,0,0,0
2026-09-22T10:15:20.721397+00:00,84430.382718373,0,0,0,0
2026-09-22T10:15:21.721616+00:00,84431.382936433,0,0,0,0
2026-09-22T10:15:22.721833+00:00,84432.383152315,22,0,1,28.0
2026-09-22T10:15:23.722039+00:00,84433.383359717,559,0,1,550.0
2026-09-22T10:15:24.722405+00:00,84434.383725459,559,0,1,550.0
2026-09-22T10:15:25.722580+00:00,84435.383899618,559,0,1,550.0
2026-09-22T10:15:26.722816+00:00,84436.384136654,559,0,1,550.0
2026-09-22T10:15:27.722991+00:00,84437.384310735,559,0,1,550.0
2026-09-22T10:15:28.723197+00:00,84438.384517299,559,0,1,550.0
2026-09-22T10:15:29.723425+00:00,84439.384743773,559,0,1,550.0
2026-09-22T10:15:30.723716+00:00,84440.384990285,559,0,1,550.0
2026-09-22T10:15:31.723859+00:00,84441.385178439,559,0,1,550.0
2026-09-22T10:15:32.724090+00:00,84442.385405717,559,0,1,550.0
2026-09-22T10:15:33.724289+00:00,84443.385607666,559,0,1,550.0
2026-09-22T10:15:34.724519+00:00,84444.38583624,559,0,1,550.0
2026-09-22T10:15:35.724820+00:00,84445.386138783,559,0,1,550.0
2026-09-22T10:15:36.725047+00:00,84446.386368131,559,0,1,550.0
2026-09-22T10:15:37.725245+00:00,84447.386565176,559,0,1,550.0
2026-09-22T10:15:38.725529+00:00,84448.386844863,1114,1,2,1100.0
2026-09-22T10:15:39.725819+00:00,84449.387136211,1114,0,2,1100.0
2026-09-22T10:15:40.726040+00:00,84450.387359612,1114,0,2,1100.0
2026-09-22T10:15:41.726270+00:00,84451.387586493,1114,0,2,1100.0
2026-09-22T10:15:42.726614+00:00,84452.38793124,1114,0,2,1100.0
2026-09-22T10:15:43.726877+00:00,84453.388195783,1114,0,2,1100.0
2026-09-22T10:15:44.727086+00:00,84454.388403472,1114,0,2,1100.0
2026-09-22T10:15:45.727292+00:00,84455.388610626,1114,0,2,1100.0
2026-09-22T10:15:46.727511+00:00,84456.388829137,1114,0,2,1100.0
2026-09-22T10:15:47.727839+00:00,84457.389158705,1114,0,2,1100.0
2026-09-22T10:15:48.728076+00:00,84458.389393534,1114,0,2,1100.0
2026-09-22T10:15:49.728299+00:00,84459.389617579,1114,0,2,1100.0
2026-09-22T10:15:50.728608+00:00,84460.389925829,1114,0,2,1100.0
2026-09-22T10:15:51.728837+00:00,84461.390156259,1114,0,2,1100.0
2026-09-22T10:15:52.729075+00:00,84462.390393113,1114,0,2,1100.0
2026-09-22T10:15:53.729251+00:00,84463.390572453,1114,0,2,1100.0
2026-09-22T10:15:54.729479+00:00,84464.390796722,1114,0,2,1100.0
2026-09-22T10:15:55.729842+00:00,84465.391159539,1114,0,2,1100.0
2026-09-22T10:15:56.730060+00:00,84466.391379136,1114,0,2,1100.0
2026-09-22T10:15:57.730320+00:00,84467.391640558,1114,0,2,1100.0
2026-09-22T10:15:58.730560+00:00,84468.391879176,1114,0,2,1100.0
2026-09-22T10:15:59.730829+00:00,84469.39214714,1114,0,2,1100.0
2026-09-22T10:16:00.731041+00:00,84470.392358334,1114,0,2,1100.0
2026-09-22T10:16:01.731239+00:00,84471.392557536,1114,0,2,1100.0
2026-09-22T10:16:02.731461+00:00,84472.392779977,1114,0,2,1100.0
2026-09-22T10:16:03.731670+00:00,84473.392988785,1114,0,2,1100.0
2026-09-22T10:16:04.731857+00:00,84474.393176159,559,0,1,550.0
2026-09-22T10:16:05.732089+00:00,84475.3934071,559,0,1,550.0
2026-09-22T10:16:06.732354+00:00,84476.393670543,559,0,1,550.0
2026-09-22T10:16:07.732530+00:00,84477.39384951,559,0,1,550.0
2026-09-22T10:16:08.732802+00:00,84478.394119322,559,0,1,550.0
2026-09-22T10:16:09.733049+00:00,84479.394368759,559,0,1,550.0
2026-09-22T10:16:10.733250+00:00,84480.394568484,559,0,1,550.0
2026-09-22T10:16:11.733475+00:00,84481.394792114,559,0,1,550.0
2026-09-22T10:16:12.733725+00:00,84482.395043087,559,0,1,550.0
2026-09-22T10:16:13.733925+00:00,84483.395245209,559,0,1,550.0
2026-09-22T10:16:14.734170+00:00,84484.395487706,559,0,1,550.0
2026-09-22T10:16:15.734418+00:00,84485.395736979,559,0,1,550.0
2026-09-22T10:16:16.734638+00:00,84486.395957697,559,0,1,550.0
2026-09-22T10:16:17.734846+00:00,84487.396166077,559,0,1,550.0
2026-09-22T10:16:18.735050+00:00,84488.396370674,559,0,1,550.0
2026-09-22T10:16:19.735296+00:00,84489.3966139,559,0,1,550.0
2026-09-22T10:16:20.735496+00:00,84490.396813462,559,0,1,550.0
2026-09-22T10:16:21.735646+00:00,84491.396966845,0,0,0,0
2026-09-22T10:16:22.735873+00:00,84492.397190112,0,0,0,0
2026-09-22T10:16:23.736082+00:00,84493.397401225,0,0,0,0
2026-09-22T10:16:24.736289+00:00,84494.39760657,0,0,0,0
2026-09-22T10:16:25.736494+00:00,84495.397812507,0,0,0,0
2026-09-22T10:16:26.736740+00:00,84496.39805886,0,0,0,0
2026-09-22T10:16:27.736983+00:00,84497.398304155,0,0,0,0
2026-09-22T10:16:28.737247+00:00,84498.398563889,0,0,0,0
2026-09-22T10:16:29.737444+00:00,84499.398764176,0,0,0,0
2026-09-22T10:16:30.737728+00:00,84500.399045443,0,0,0,0
2026-09-22T10:16:31.737926+00:00,84501.399246419,0,0,0,0
2026-09-22T10:16:32.738113+00:00,84502.399434154,0,0,0,0
2026-09-22T10:16:33.738318+00:00,84503.399637929,0,0,0,0
2026-09-22T10:16:34.738546+00:00,84504.39986439,0,0,0,0
2026-09-22T10:16:35.738785+00:00,84505.400104546,0,0,0,0
2026-09-22T10:16:36.738987+00:00,84506.400306854,0,0,0,0
2026-09-22T10:16:37.739170+00:00,84507.400490086,0,0,0,0
2026-09-22T10:16:38.739380+00:00,84508.400699988,0,0,0,0
2026-09-22T10:16:39.739736+00:00,84509.401053747,0,0,0,0
2026-09-22T10:16:40.740006+00:00,84510.401323328,0,0,0,0
2026-09-22T10:16:41.740243+00:00,84511.401562113,0,0,0,0
2026-09-22T10:16:42.740478+00:00,84512.401795919,0,0,0,0
2026-09-22T10:16:43.740735+00:00,84513.402053867,0,0,0,0
2026-09-22T10:16:44.740930+00:00,84514.402251323,0,0,0,0
2026-09-22T10:16:45.741089+00:00,84515.402412358,0,0,0,0
2026-09-22T10:16:46.741325+00:00,84516.402642428,0,0,0,0
2026-09-22T10:16:47.741552+00:00,84517.402872383,0,0,0,0
2026-09-22T10:16:48.741834+00:00,84518.403151087,0,0,0,0
2026-09-22T10:16:49.742072+00:00,84519.403391672,0,0,0,0
2026-09-22T10:16:50.742271+00:00,84520.403591734,0,0,0,0
2026-09-22T10:16:51.742412+00:00,84521.403733706,0,0,0,0
2026-09-22T10:16:52.742624+00:00,84522.403942839,0,0,0,0
2026-09-22T10:16:53.742852+00:00,84523.40417076,0,0,0,0
2026-09-22T10:16:54.743057+00:00,84524.404377118,0,0,0,0
2026-09-22T10:16:55.743318+00:00,84525.404636903,0,0,0,0
2026-09-22T10:16:56.743542+00:00,84526.40486112,0,0,0,0
2026-09-22T10:16:57.743845+00:00,84527.405161256,3,0,1,28.0
2026-09-22T10:16:58.744118+00:00,84528.405434312,559,0,1,550.0
2026-09-22T10:16:59.744319+00:00,84529.405638758,559,0,1,550.0
2026-09-22T10:17:00.744563+00:00,84530.405880413,559,0,1,550.0
2026-09-22T10:17:01.744805+00:00,84531.406125506,559,0,1,550.0
2026-09-22T10:17:02.745026+00:00,84532.406345957,559,0,1,550.0
2026-09-22T10:17:03.745236+00:00,84533.406555983,559,0,1,550.0
2026-09-22T10:17:04.745421+00:00,84534.406740891,559,0,1,550.0
2026-09-22T10:17:05.745666+00:00,84535.406984522,559,0,1,550.0
2026-09-22T10:17:06.745887+00:00,84536.407205901,559,0,1,550.0
2026-09-22T10:17:07.746106+00:00,84537.407425657,559,0,1,550.0
2026-09-22T10:17:08.746310+00:00,84538.407628607,559,0,1,550.0
2026-09-22T10:17:09.746462+00:00,84539.407783375,559,0,1,550.0
2026-09-22T10:17:10.746610+00:00,84540.407929621,559,0,1,550.0
2026-09-22T10:17:11.746813+00:00,84541.408132075,559,0,1,550.0
2026-09-22T10:17:12.747019+00:00,84542.408338115,559,0,1,550.0
2026-09-22T10:17:13.747183+00:00,84543.408504206,559,0,1,550.0
2026-09-22T10:17:14.747414+00:00,84544.408730086,559,0,1,550.0
2026-09-22T10:17:15.747655+00:00,84545.408974706,1114,0,2,1100.0
2026-09-22T10:17:16.747955+00:00,84546.409271941,1114,0,2,1100.0
2026-09-22T10:17:17.748184+00:00,84547.409503863,1114,0,2,1100.0
2026-09-22T10:17:18.748394+00:00,84548.409712482,1114,0,2,1100.0
2026-09-22T10:17:19.748628+00:00,84549.409947825,1114,0,2,1100.0
2026-09-22T10:17:20.748871+00:00,84550.410189579,1114,0,2,1100.0
2026-09-22T10:17:21.749064+00:00,84551.410383272,1114,0,2,1100.0
2026-09-22T10:17:22.749247+00:00,84552.410566342,1114,0,2,1100.0
2026-09-22T10:17:23.749465+00:00,84553.410784353,1114,0,2,1100.0
2026-09-22T10:17:24.749672+00:00,84554.410992099,1114,0,2,1100.0
2026-09-22T10:17:25.749867+00:00,84555.411187894,1114,0,2,1100.0
2026-09-22T10:17:26.750140+00:00,84556.411457757,1114,0,2,1100.0
2026-09-22T10:17:27.750364+00:00,84557.411682211,1114,0,2,1100.0
2026-09-22T10:17:28.750612+00:00,84558.41192977,1114,0,2,1100.0
2026-09-22T10:17:29.750859+00:00,84559.412175049,1114,0,2,1100.0
2026-09-22T10:17:30.751105+00:00,84560.412422021,1114,0,2,1100.0
2026-09-22T10:17:31.751326+00:00,84561.412645115,1114,0,2,1100.0
2026-09-22T10:17:32.751547+00:00,84562.412866169,1114,0,2,1100.0
2026-09-22T10:17:33.751805+00:00,84563.413124409,1114,0,2,1100.0
2026-09-22T10:17:34.752018+00:00,84564.413337175,1114,0,2,1100.0
2026-09-22T10:17:35.752218+00:00,84565.413536792,1114,0,2,1100.0
2026-09-22T10:17:36.752489+00:00,84566.413808933,1114,0,2,1100.0
2026-09-22T10:17:37.752645+00:00,84567.413966332,1114,0,2,1100.0
2026-09-22T10:17:38.752903+00:00,84568.414222096,1114,0,2,1100.0
2026-09-22T10:17:39.753065+00:00,84569.414386007,1114,0,2,1100.0
2026-09-22T10:17:40.753290+00:00,84570.414609781,1114,0,2,1100.0
2026-09-22T10:17:41.753504+00:00,84571.414823849,1114,0,2,1100.0
2026-09-22T10:17:42.753805+00:00,84572.415120502,1114,0,2,1100.0
2026-09-22T10:17:43.753961+00:00,84573.415281981,1114,0,2,1100.0
2026-09-22T10:17:44.754261+00:00,84574.41558042,1114,0,2,1100.0
2026-09-22T10:17:45.754451+00:00,84575.415769481,1114,0,2,1100.0
2026-09-22T10:17:46.754648+00:00,84576.415968885,1114,0,2,1100.0
2026-09-22T10:17:47.754892+00:00,84577.416209906,1116,0,2,1102.0
2026-09-22T10:17:48.755159+00:00,84578.416478555,1118,3,2,1104.0
2026-09-22T10:17:49.755425+00:00,84579.416742259,1118,3,2,1104.0
2026-09-22T10:17:50.755626+00:00,84580.416946137,1118,3,2,1104.0
2026-09-22T10:17:51.755835+00:00,84581.417155079,1118,3,2,1104.0
2026-09-22T10:17:52.756045+00:00,84582.417363916,1118,3,2,1104.0
2026-09-22T10:17:53.756236+00:00,84583.417556358,1118,3,2,1104.0
2026-09-22T10:17:54.756460+00:00,84584.417779386,1118,3,2,1104.0
2026-09-22T10:17:55.756664+00:00,84585.417984157,1118,3,2,1104.0
2026-09-22T10:17:56.756851+00:00,84586.418172115,1118,3,2,1104.0
2026-09-22T10:17:57.757138+00:00,84587.41845877,561,3,1,552.0
2026-09-22T10:17:58.757346+00:00,84588.418665373,0,0,0,0
2026-09-22T10:17:59.757581+00:00,84589.418897527,0,0,0,0
2026-09-22T10:18:00.757884+00:00,84590.419202246,0,0,0,0
2026-09-22T10:18:01.758105+00:00,84591.41942308,0,0,0,0
2026-09-22T10:18:02.758286+00:00,84592.419605175,0,0,0,0
2026-09-22T10:18:03.758490+00:00,84593.419809597,0,0,0,0
2026-09-22T10:18:04.758792+00:00,84594.420108996,0,0,0,0
2026-09-22T10:18:05.759023+00:00,84595.420341769,0,0,0,0
2026-09-22T10:18:06.759264+00:00,84596.420582749,0,0,0,0
2026-09-22T10:18:07.759422+00:00,84597.420743021,0,0,0,0
2026-09-22T10:18:08.759634+00:00,84598.420953659,0,0,0,0
2026-09-22T10:18:09.759858+00:00,84599.421177981,0,0,0,0
2026-09-22T10:18:10.760122+00:00,84600.42143945,0,0,0,0
2026-09-22T10:18:11.760370+00:00,84601.421687223,0,0,0,0
2026-09-22T10:18:12.760602+00:00,84602.421919419,0,0,0,0
2026-09-22T10:18:13.760817+00:00,84603.422135224,0,0,0,0
2026-09-22T10:18:14.760978+00:00,84604.422299243,0,0,0,0
2026-09-22T10:18:15.761215+00:00,84605.422532968,0,0,0,0
2026-09-22T10:18:16.761434+00:00,84606.422751331,0,0,0,0
2026-09-22T10:18:17.761758+00:00,84607.423077515,0,0,0,0
2026-09-22T10:18:18.762021+00:00,84608.423339629,0,0,0,0
2026-09-22T10:18:19.762250+00:00,84609.423569043,0,0,0,0
2026-09-22T10:18:20.762479+00:00,84610.423799801,0,0,0,0
2026-09-22T10:18:21.762668+00:00,84611.423988375,0,0,0,0
2026-09-22T10:18:22.762871+00:00,84612.424192156,0,0,0,0
2026-09-22T10:18:23.763114+00:00,84613.424433786,0,0,0,0
2026-09-22T10:18:24.763355+00:00,84614.424672691,0,0,0,0
2026-09-22T10:18:25.763580+00:00,84615.424899808,0,0,0,0
2026-09-22T10:18:26.763817+00:00,84616.425136553,0,0,0,0
2026-09-22T10:18:27.764025+00:00,84617.425344211,0,0,0,0
2026-09-22T10:18:28.764224+00:00,84618.425543929,0,0,0,0
2026-09-22T10:18:29.764458+00:00,84619.425775482,0,0,0,0
2026-09-22T10:18:30.764731+00:00,84620.426048566,0,0,0,0
2026-09-22T10:18:31.764957+00:00,84621.426275334,0,0,0,0
2026-09-22T10:18:32.765146+00:00,84622.426466596,0,0,0,0
2026-09-22T10:18:33.765317+00:00,84623.426638378,0,0,0,0
2026-09-22T10:18:34.765535+00:00,84624.4268539,0,0,0,0
2026-09-22T10:18:35.765748+00:00,84625.427068507,0,0,0,0
2026-09-22T10:18:36.766086+00:00,84626.42740317,22,0,1,32.0
2026-09-22T10:18:37.766301+00:00,84627.427618328,559,0,1,550.0
2026-09-22T10:18:38.766532+00:00,84628.427850171,559,0,1,550.0
2026-09-22T10:18:39.766796+00:00,84629.428115524,559,0,1,550.0
2026-09-22T10:18:40.767024+00:00,84630.428344055,559,0,1,550.0
2026-09-22T10:18:41.767234+00:00,84631.428555049,559,0,1,550.0
2026-09-22T10:18:42.767440+00:00,84632.428760838,559,0,1,550.0
2026-09-22T10:18:43.767651+00:00,84633.42897085,559,0,1,550.0
2026-09-22T10:18:44.767891+00:00,84634.429211926,559,0,1,550.0
2026-09-22T10:18:45.768262+00:00,84635.429578259,559,0,1,550.0
2026-09-22T10:18:46.768493+00:00,84636.429810885,559,0,1,550.0
2026-09-22T10:18:47.768649+00:00,84637.429969115,559,0,1,550.0
2026-09-22T10:18:48.768864+00:00,84638.430182893,559,0,1,550.0
2026-09-22T10:18:49.769106+00:00,84639.430425124,559,0,1,550.0
2026-09-22T10:18:50.769320+00:00,84640.430639972,559,0,1,550.0
2026-09-22T10:18:51.769556+00:00,84641.430875017,559,0,1,550.0
2026-09-22T10:18:52.769749+00:00,84642.431070841,559,0,1,550.0
2026-09-22T10:18:53.770020+00:00,84643.431339796,1114,0,2,1100.0
2026-09-22T10:18:54.770198+00:00,84644.431518252,1114,0,2,1100.0
2026-09-22T10:18:55.770403+00:00,84645.431723772,1114,0,2,1100.0
2026-09-22T10:18:56.770597+00:00,84646.431918702,1114,0,2,1100.0
2026-09-22T10:18:57.770798+00:00,84647.432118504,1114,0,2,1100.0
2026-09-22T10:18:58.771047+00:00,84648.432367058,1114,0,2,1100.0
2026-09-22T10:18:59.771254+00:00,84649.432573876,1114,0,2,1100.0
2026-09-22T10:19:00.771473+00:00,84650.43279266,1114,0,2,1100.0
2026-09-22T10:19:01.771716+00:00,84651.432993446,1114,0,2,1100.0
2026-09-22T10:19:02.771910+00:00,84652.433231103,1114,0,2,1100.0
2026-09-22T10:19:03.772179+00:00,84653.433498887,1114,0,2,1100.0
2026-09-22T10:19:04.772381+00:00,84654.433701774,1114,0,2,1100.0
2026-09-22T10:19:05.772639+00:00,84655.43395927,1114,0,2,1100.0
2026-09-22T10:19:06.772998+00:00,84656.434317568,1114,0,2,1100.0
2026-09-22T10:19:07.773206+00:00,84657.43452561,1114,0,2,1100.0
2026-09-22T10:19:08.773496+00:00,84658.434812142,1114,0,2,1100.0
2026-09-22T10:19:09.773819+00:00,84659.435135052,1114,0,2,1100.0
2026-09-22T10:19:10.774036+00:00,84660.435353861,1114,0,2,1100.0
2026-09-22T10:19:11.774244+00:00,84661.435562582,1114,0,2,1100.0
2026-09-22T10:19:12.774466+00:00,84662.435784813,1114,0,2,1100.0
2026-09-22T10:19:13.774764+00:00,84663.436081669,1114,0,2,1100.0
2026-09-22T10:19:14.775025+00:00,84664.436344424,1114,0,2,1100.0
2026-09-22T10:19:15.775245+00:00,84665.436564985,1114,0,2,1100.0
2026-09-22T10:19:16.775479+00:00,84666.436797472,1114,0,2,1100.0
2026-09-22T10:19:17.775778+00:00,84667.437095506,1114,0,2,1100.0
2026-09-22T10:19:18.776019+00:00,84668.437338597,1114,0,2,1100.0
2026-09-22T10:19:19.776256+00:00,84669.437574538,1114,0,2,1100.0
2026-09-22T10:19:20.776467+00:00,84670.43778653,1114,0,2,1100.0
2026-09-22T10:19:21.776726+00:00,84671.4380458,1114,0,2,1100.0
2026-09-22T10:19:22.776959+00:00,84672.438278046,1114,0,2,1100.0
2026-09-22T10:19:23.777094+00:00,84673.438416239,1114,0,2,1100.0
2026-09-22T10:19:24.777265+00:00,84674.438584896,1114,0,2,1100.0
2026-09-22T10:19:25.777462+00:00,84675.438782446,1118,3,2,1104.0
2026-09-22T10:19:26.777671+00:00,84676.438989151,561,0,1,552.0
2026-09-22T10:19:27.777892+00:00,84677.439209557,561,0,1,552.0
2026-09-22T10:19:28.778086+00:00,84678.439406091,561,0,1,552.0
2026-09-22T10:19:29.778301+00:00,84679.439619468,561,0,1,552.0
2026-09-22T10:19:30.778510+00:00,84680.439829439,561,0,1,552.0
2026-09-22T10:19:31.778769+00:00,84681.440089519,561,0,1,552.0
2026-09-22T10:19:32.778965+00:00,84682.440285648,561,0,1,552.0
2026-09-22T10:19:33.779178+00:00,84683.440498447,561,0,1,552.0
2026-09-22T10:19:34.779382+00:00,84684.440701685,561,0,1,552.0
2026-09-22T10:19:35.779540+00:00,84685.440861445,0,0,0,0
2026-09-22T10:19:36.779836+00:00,84686.441156352,0,0,0,0
2026-09-22T10:19:37.780058+00:00,84687.441377973,0,0,0,0
2026-09-22T10:19:38.780246+00:00,84688.441564715,0,0,0,0
2026-09-22T10:19:39.780505+00:00,84689.441821468,0,0,0,0
2026-09-22T10:19:40.780798+00:00,84690.44211486,0,0,0,0
2026-09-22T10:19:41.780989+00:00,84691.442308999,0,0,0,0
2026-09-22T10:19:42.781242+00:00,84692.442561965,0,0,0,0
2026-09-22T10:19:43.781477+00:00,84693.442793656,0,0,0,0
2026-09-22T10:19:44.781725+00:00,84694.443043565,0,0,0,0
2026-09-22T10:19:45.781935+00:00,84695.443254269,0,0,0,0
2026-09-22T10:19:46.782140+00:00,84696.443459051,0,0,0,0
2026-09-22T10:19:47.782357+00:00,84697.443676546,0,0,0,0
2026-09-22T10:19:48.782587+00:00,84698.443906852,0,0,0,0
2026-09-22T10:19:49.782865+00:00,84699.444181732,0,0,0,0
2026-09-22T10:19:50.783051+00:00,84700.444369443,0,0,0,0
2026-09-22T10:19:51.783262+00:00,84701.444581032,0,0,0,0
2026-09-22T10:19:52.783454+00:00,84702.444775905,0,0,0,0
2026-09-22T10:19:53.783666+00:00,84703.444985976,0,0,0,0
2026-09-22T10:19:54.783938+00:00,84704.445258062,0,0,0,0
2026-09-22T10:19:55.784144+00:00,84705.445461542,0,0,0,0
2026-09-22T10:19:56.784345+00:00,84706.445666499,0,0,0,0
2026-09-22T10:19:57.784539+00:00,84707.445858558,0,0,0,0
2026-09-22T10:19:58.784819+00:00,84708.446138302,0,0,0,0
2026-09-22T10:19:59.785016+00:00,84709.446336472,0,0,0,0
2026-09-22T10:20:00.785200+00:00,84710.446519913,0,0,0,0
2026-09-22T10:20:01.785417+00:00,84711.446738116,0,0,0,0
2026-09-22T10:20:02.785623+00:00,84712.446943744,0,0,0,0
2026-09-22T10:20:03.785846+00:00,84713.447166164,0,0,0,0
2026-09-22T10:20:04.786057+00:00,84714.447377449,0,0,0,0
2026-09-22T10:20:05.786253+00:00,84715.447574612,0,0,0,0
2026-09-22T10:20:06.786467+00:00,84716.447785166,0,0,0,0
2026-09-22T10:20:07.786647+00:00,84717.447966841,0,0,0,0
2026-09-22T10:20:08.786850+00:00,84718.448170596,0,0,0,0
2026-09-22T10:20:09.787059+00:00,84719.448376226,0,0,0,0
2026-09-22T10:20:10.787263+00:00,84720.448583032,0,0,0,0
2026-09-22T10:20:11.787513+00:00,84721.4488325,0,0,0,0
2026-09-22T10:20:12.787781+00:00,84722.449100024,0,0,0,0
2026-09-22T10:20:13.787993+00:00,84723.449314018,0,0,0,0
2026-09-22T10:20:14.788167+00:00,84724.449488332,0,0,0,0
2026-09-22T10:20:15.788396+00:00,84725.449717674,0,0,0,0
2026-09-22T10:20:16.788605+00:00,84726.449925879,0,0,0,0
2026-09-22T10:20:17.788820+00:00,84727.450138297,0,0,0,0
2026-09-22T10:20:18.789078+00:00,84728.450394303,0,0,0,0
2026-09-22T10:20:19.789312+00:00,84729.450627965,0,0,0,0
2026-09-22T10:20:20.789521+00:00,84730.450840746,0,0,0,0
2026-09-22T10:20:21.789800+00:00,84731.451120756,0,0,0,0
2026-09-22T10:20:22.790054+00:00,84732.451374761,0,0,0,0
2026-09-22T10:20:23.790266+00:00,84733.451586162,0,0,0,0
2026-09-22T10:20:24.790509+00:00,84734.451826548,0,0,0,0
2026-09-22T10:20:25.790774+00:00,84735.452093658,37,0,0,0
2026-09-22T10:20:26.790955+00:00,84736.45227542,559,0,1,550.0
2026-09-22T10:20:27.791190+00:00,84737.452507954,559,0,1,550.0
2026-09-22T10:20:28.791453+00:00,84738.45277316,559,0,1,550.0
2026-09-22T10:20:29.791656+00:00,84739.45297595,559,0,1,550.0
2026-09-22T10:20:30.791870+00:00,84740.453189598,559,0,1,550.0
2026-09-22T10:20:31.792051+00:00,84741.45337076,559,0,1,550.0
2026-09-22T10:20:32.792244+00:00,84742.45356499,559,0,1,550.0
2026-09-22T10:20:33.792423+00:00,84743.453743138,559,0,1,550.0
2026-09-22T10:20:34.792749+00:00,84744.454065337,559,0,1,550.0
2026-09-22T10:20:35.792965+00:00,84745.454281739,559,0,1,550.0
2026-09-22T10:20:36.793164+00:00,84746.454483021,559,0,1,550.0
2026-09-22T10:20:37.793365+00:00,84747.454685803,559,0,1,550.0
2026-09-22T10:20:38.793541+00:00,84748.454860846,559,0,1,550.0
2026-09-22T10:20:39.793802+00:00,84749.45512156,559,0,1,550.0
2026-09-22T10:20:40.794003+00:00,84750.455323572,559,0,1,550.0
2026-09-22T10:20:41.794186+00:00,84751.455506752,559,0,1,550.0
2026-09-22T10:20:42.794354+00:00,84752.455674458,1114,0,2,1100.0
2026-09-22T10:20:43.794560+00:00,84753.455880723,1114,0,2,1100.0
2026-09-22T10:20:44.794876+00:00,84754.45619306,1114,0,2,1100.0
2026-09-22T10:20:45.795106+00:00,84755.456423289,1114,0,2,1100.0
2026-09-22T10:20:46.795343+00:00,84756.456660737,1114,0,2,1100.0
2026-09-22T10:20:47.795551+00:00,84757.456870572,1114,0,2,1100.0
2026-09-22T10:20:48.795791+00:00,84758.45711194,1114,0,2,1100.0
2026-09-22T10:20:49.796011+00:00,84759.457331593,1114,0,2,1100.0
2026-09-22T10:20:50.796253+00:00,84760.457568001,1114,0,2,1100.0
2026-09-22T10:20:51.796453+00:00,84761.45777326,1114,0,2,1100.0
2026-09-22T10:20:52.796743+00:00,84762.45806092,1114,0,2,1100.0
2026-09-22T10:20:53.797041+00:00,84763.458360792,1114,0,2,1100.0
2026-09-22T10:20:54.797245+00:00,84764.458565576,1114,0,2,1100.0
2026-09-22T10:20:55.797449+00:00,84765.458769935,1116,0,2,1102.0
2026-09-22T10:20:56.797610+00:00,84766.45893139,1116,0,2,1102.0
2026-09-22T10:20:57.797819+00:00,84767.45913935,1116,0,2,1102.0
2026-09-22T10:20:58.798039+00:00,84768.459359824,1116,0,2,1102.0
2026-09-22T10:20:59.798249+00:00,84769.459566417,1116,0,2,1102.0
2026-09-22T10:21:00.798482+00:00,84770.459802214,1116,0,2,1102.0
2026-09-22T10:21:01.798769+00:00,84771.460088447,1116,0,2,1102.0
2026-09-22T10:21:02.798968+00:00,84772.460289476,1116,0,2,1102.0
2026-09-22T10:21:03.799179+00:00,84773.460499362,1116,0,2,1102.0
2026-09-22T10:21:04.799384+00:00,84774.460703715,1116,0,2,1102.0
2026-09-22T10:21:05.799625+00:00,84775.460943765,559,0,1,550.0
2026-09-22T10:21:06.799863+00:00,84776.461183042,559,0,1,550.0
2026-09-22T10:21:07.800046+00:00,84777.461363072,559,0,1,550.0
2026-09-22T10:21:08.800260+00:00,84778.461580198,559,0,1,550.0
2026-09-22T10:21:09.800426+00:00,84779.461748505,559,0,1,550.0
2026-09-22T10:21:10.800656+00:00,84780.461974194,559,0,1,550.0
2026-09-22T10:21:11.800896+00:00,84781.462212407,559,0,1,550.0
2026-09-22T10:21:12.801106+00:00,84782.462425617,559,0,1,550.0
2026-09-22T10:21:13.801331+00:00,84783.462648139,561,0,1,552.0
2026-09-22T10:21:14.801531+00:00,84784.462848865,561,0,1,552.0
2026-09-22T10:21:15.801794+00:00,84785.463111747,561,0,1,552.0
2026-09-22T10:21:16.801975+00:00,84786.463294792,561,0,1,552.0
2026-09-22T10:21:17.802188+00:00,84787.463507191,561,0,1,552.0
2026-09-22T10:21:18.802403+00:00,84788.463721813,561,0,1,552.0
2026-09-22T10:21:19.802607+00:00,84789.463927635,561,0,1,552.0
2026-09-22T10:21:20.802860+00:00,84790.46417749,561,0,1,552.0
2026-09-22T10:21:21.803128+00:00,84791.464445069,561,0,1,552.0
2026-09-22T10:21:22.803321+00:00,84792.464641356,561,0,1,552.0
2026-09-22T10:21:23.803648+00:00,84793.464967559,0,0,0,0
2026-09-22T10:21:24.803854+00:00,84794.465174908,0,0,0,0
2026-09-22T10:21:25.804104+00:00,84795.465425233,0,0,0,0
2026-09-22T10:21:26.804305+00:00,84796.46562542,0,0,0,0
2026-09-22T10:21:27.804529+00:00,84797.465848333,0,0,0,0
2026-09-22T10:21:28.804816+00:00,84798.466136698,0,0,0,0
2026-09-22T10:21:29.805020+00:00,84799.46634064,0,0,0,0
2026-09-22T10:21:30.805266+00:00,84800.46658344,0,0,0,0
2026-09-22T10:21:31.805429+00:00,84801.466750185,0,0,0,0
2026-09-22T10:21:32.805651+00:00,84802.466969869,0,0,0,0
2026-09-22T10:21:33.805842+00:00,84803.467162425,0,0,0,0
2026-09-22T10:21:34.806023+00:00,84804.467343165,0,0,0,0
2026-09-22T10:21:35.806229+00:00,84805.467549667,0,0,0,0
2026-09-22T10:21:36.806428+00:00,84806.467748833,0,0,0,0
2026-09-22T10:21:37.806659+00:00,84807.467977048,0,0,0,0
2026-09-22T10:21:38.806815+00:00,84808.468134501,0,0,0,0
2026-09-22T10:21:39.807051+00:00,84809.468368098,0,0,0,0
2026-09-22T10:21:40.807276+00:00,84810.468593975,0,0,0,0
2026-09-22T10:21:41.807490+00:00,84811.468808396,0,0,0,0
2026-09-22T10:21:42.807721+00:00,84812.468999749,0,0,0,0
2026-09-22T10:21:43.807917+00:00,84813.469234548,0,0,0,0
2026-09-22T10:21:44.808135+00:00,84814.469453118,0,0,0,0
2026-09-22T10:21:45.808306+00:00,84815.469625256,0,0,0,0
2026-09-22T10:21:46.808517+00:00,84816.469835689,0,0,0,0
2026-09-22T10:21:47.808755+00:00,84817.470075583,0,0,0,0
2026-09-22T10:21:48.808947+00:00,84818.470267993,0,0,0,0
2026-09-22T10:21:49.809122+00:00,84819.470444015,0,0,0,0
2026-09-22T10:21:50.809320+00:00,84820.470640898,0,0,0,0
2026-09-22T10:21:51.809560+00:00,84821.470878774,0,0,0,0
2026-09-22T10:21:52.809783+00:00,84822.471102112,0,0,0,0
2026-09-22T10:21:53.809979+00:00,84823.471299178,0,0,0,0
2026-09-22T10:21:54.810215+00:00,84824.471535548,0,0,0,0
2026-09-22T10:21:55.810427+00:00,84825.471747931,0,0,0,0
2026-09-22T10:21:56.810621+00:00,84826.471942103,0,0,0,0
2026-09-22T10:21:57.810821+00:00,84827.472142588,0,0,0,0
2026-09-22T10:21:58.811019+00:00,84828.472339511,0,0,0,0
2026-09-22T10:21:59.811221+00:00,84829.472542121,0,0,0,0
2026-09-22T10:22:00.811388+00:00,84830.472707139,0,0,0,0
2026-09-22T10:22:01.811575+00:00,84831.472894258,0,0,0,0
2026-09-22T10:22:02.811812+00:00,84832.473132231,0,0,0,0
2026-09-22T10:22:03.812037+00:00,84833.47335554,0,0,0,0
2026-09-22T10:22:04.812212+00:00,84834.473532191,0,0,0,0
2026-09-22T10:22:05.812421+00:00,84835.473741464,0,0,0,0
2026-09-22T10:22:06.812628+00:00,84836.473946386,0,0,0,0
2026-09-22T10:22:07.812820+00:00,84837.474140397,0,0,0,0
2026-09-22T10:22:08.813000+00:00,84838.474320279,0,0,0,0
2026-09-22T10:22:09.813151+00:00,84839.474473637,0,0,0,0
2026-09-22T10:22:10.813420+00:00,84840.474740614,0,0,0,0
2026-09-22T10:22:11.813627+00:00,84841.474943984,0,0,0,0
2026-09-22T10:22:12.813844+00:00,84842.475163913,0,0,0,0
2026-09-22T10:22:13.814070+00:00,84843.475387931,0,0,0,0
2026-09-22T10:22:14.814296+00:00,84844.47561374,0,0,0,0
2026-09-22T10:22:15.814518+00:00,84845.47583459,0,0,0,0
2026-09-22T10:22:16.814811+00:00,84846.476126786,22,0,1,550.0
2026-09-22T10:22:17.815013+00:00,84847.476332884,559,0,1,550.0
2026-09-22T10:22:18.815251+00:00,84848.4765718,559,0,1,550.0
2026-09-22T10:22:19.815504+00:00,84849.476820484,559,0,1,550.0
2026-09-22T10:22:20.815787+00:00,84850.477105137,559,0,1,550.0
2026-09-22T10:22:21.815973+00:00,84851.477292923,559,0,1,550.0
2026-09-22T10:22:22.816193+00:00,84852.477513561,559,0,1,550.0
2026-09-22T10:22:23.816406+00:00,84853.477724331,559,0,1,550.0
2026-09-22T10:22:24.816755+00:00,84854.478070275,559,0,1,550.0
2026-09-22T10:22:25.816910+00:00,84855.47823203,559,0,1,550.0
2026-09-22T10:22:26.817123+00:00,84856.478441893,559,0,1,550.0
2026-09-22T10:22:27.817373+00:00,84857.478692766,559,0,1,550.0
2026-09-22T10:22:28.817574+00:00,84858.47889413,559,0,1,550.0
2026-09-22T10:22:29.817851+00:00,84859.479167443,559,0,1,550.0
2026-09-22T10:22:30.818091+00:00,84860.479412553,559,0,1,550.0
2026-09-22T10:22:31.818292+00:00,84861.479610751,559,0,1,550.0
2026-09-22T10:22:32.818488+00:00,84862.479808158,559,0,1,550.0
2026-09-22T10:22:33.818787+00:00,84863.480103286,1114,0,2,1100.0
2026-09-22T10:22:34.819009+00:00,84864.480325949,1114,0,2,1100.0
2026-09-22T10:22:35.819224+00:00,84865.480543412,1114,0,2,1100.0
2026-09-22T10:22:36.819425+00:00,84866.48074381,1114,0,2,1100.0
2026-09-22T10:22:37.819735+00:00,84867.480999323,1114,0,2,1100.0
2026-09-22T10:22:38.820026+00:00,84868.481343773,1114,0,2,1100.0
2026-09-22T10:22:39.820280+00:00,84869.48159601,1114,0,2,1100.0
2026-09-22T10:22:40.820499+00:00,84870.48181862,1114,0,2,1100.0
2026-09-22T10:22:41.820766+00:00,84871.482085554,1114,0,2,1100.0
2026-09-22T10:22:42.820997+00:00,84872.482316897,1114,0,2,1100.0
2026-09-22T10:22:43.821199+00:00,84873.482519157,1114,0,2,1100.0
2026-09-22T10:22:44.821463+00:00,84874.48277944,1114,0,2,1100.0
2026-09-22T10:22:45.821783+00:00,84875.483101995,1114,0,2,1100.0
2026-09-22T10:22:46.822004+00:00,84876.483323838,1114,0,2,1100.0
2026-09-22T10:22:47.822241+00:00,84877.483559999,1116,0,2,1102.0
2026-09-22T10:22:48.822514+00:00,84878.483830405,1116,0,2,1102.0
2026-09-22T10:22:49.822762+00:00,84879.484081962,1116,0,2,1102.0
2026-09-22T10:22:50.822995+00:00,84880.48431222,1116,0,2,1102.0
2026-09-22T10:22:51.823270+00:00,84881.484588796,1116,0,2,1102.0
2026-09-22T10:22:52.823493+00:00,84882.484810821,1116,0,2,1102.0
2026-09-22T10:22:53.823759+00:00,84883.485079357,1116,0,2,1102.0
2026-09-22T10:22:54.823962+00:00,84884.485283119,1116,0,2,1102.0
2026-09-22T10:22:55.824149+00:00,84885.485469755,1116,0,2,1102.0
2026-09-22T10:22:56.824395+00:00,84886.485714396,1116,0,2,1102.0
2026-09-22T10:22:57.824567+00:00,84887.485887471,559,0,1,550.0
2026-09-22T10:22:58.824851+00:00,84888.486168046,559,0,1,550.0
2026-09-22T10:22:59.825144+00:00,84889.486463777,559,0,1,550.0
2026-09-22T10:23:00.825325+00:00,84890.486643782,559,0,1,550.0
2026-09-22T10:23:01.825541+00:00,84891.486858532,561,0,1,552.0
2026-09-22T10:23:02.825838+00:00,84892.487155732,561,0,1,552.0
2026-09-22T10:23:03.826077+00:00,84893.487394293,561,0,1,552.0
2026-09-22T10:23:04.826339+00:00,84894.487655454,561,0,1,552.0
2026-09-22T10:23:05.826604+00:00,84895.487920842,561,0,1,552.0
2026-09-22T10:23:06.826807+00:00,84896.4881286,561,0,1,552.0
2026-09-22T10:23:07.827109+00:00,84897.488428221,561,0,1,552.0
2026-09-22T10:23:08.827331+00:00,84898.488650416,561,0,1,552.0
2026-09-22T10:23:09.827550+00:00,84899.48887053,561,0,1,552.0
2026-09-22T10:23:10.827813+00:00,84900.489131852,561,0,1,552.0
2026-09-22T10:23:11.828098+00:00,84901.48941774,0,1,0,0
2026-09-22T10:23:12.828329+00:00,84902.489647246,0,0,0,0
2026-09-22T10:23:13.828542+00:00,84903.489859877,0,0,0,0
2026-09-22T10:23:14.828861+00:00,84904.490177716,0,0,0,0
2026-09-22T10:23:15.829068+00:00,84905.490385907,0,0,0,0
2026-09-22T10:23:16.829258+00:00,84906.490576923,0,0,0,0
2026-09-22T10:23:17.829468+00:00,84907.490787767,0,0,0,0
2026-09-22T10:23:18.829669+00:00,84908.49098988,0,0,0,0
2026-09-22T10:23:19.829881+00:00,84909.491199264,0,0,0,0
2026-09-22T10:23:20.830117+00:00,84910.491435455,0,0,0,0
2026-09-22T10:23:21.830404+00:00,84911.49172167,0,0,0,0
2026-09-22T10:23:22.830615+00:00,84912.491933866,0,0,0,0
2026-09-22T10:23:23.830791+00:00,84913.492111374,0,0,0,0
2026-09-22T10:23:24.830997+00:00,84914.492317405,0,0,0,0
2026-09-22T10:23:25.831167+00:00,84915.492487491,0,0,0,0
2026-09-22T10:23:26.831408+00:00,84916.492725745,0,0,0,0
2026-09-22T10:23:27.831609+00:00,84917.492930151,0,0,0,0
2026-09-22T10:23:28.831810+00:00,84918.493131165,0,0,0,0
2026-09-22T10:23:29.832032+00:00,84919.493352706,0,0,0,0
2026-09-22T10:23:30.832204+00:00,84920.493525003,0,0,0,0
2026-09-22T10:23:31.832398+00:00,84921.493719177,0,0,0,0
2026-09-22T10:23:32.832605+00:00,84922.493923541,0,0,0,0
2026-09-22T10:23:33.832818+00:00,84923.49413797,0,0,0,0
2026-09-22T10:23:34.833013+00:00,84924.494334363,0,0,0,0
2026-09-22T10:23:35.833215+00:00,84925.494535645,0,0,0,0
2026-09-22T10:23:36.833445+00:00,84926.494766024,0,0,0,0
2026-09-22T10:23:37.833646+00:00,84927.49496759,0,0,0,0
2026-09-22T10:23:38.833835+00:00,84928.49515693,0,0,0,0
2026-09-22T10:23:39.834051+00:00,84929.495372872,0,0,0,0
2026-09-22T10:23:40.834185+00:00,84930.495507817,0,0,0,0
2026-09-22T10:23:41.834386+00:00,84931.495707267,0,0,0,0
2026-09-22T10:23:42.834617+00:00,84932.495935365,0,0,0,0
2026-09-22T10:23:43.834858+00:00,84933.496175126,0,0,0,0
2026-09-22T10:23:44.835118+00:00,84934.496434869,0,0,0,0
2026-09-22T10:23:45.835336+00:00,84935.496654952,0,0,0,0
2026-09-22T10:23:46.835538+00:00,84936.496858922,0,0,0,0
2026-09-22T10:23:47.835781+00:00,84937.497102185,0,0,0,0
2026-09-22T10:23:48.835955+00:00,84938.49727625,0,0,0,0
2026-09-22T10:23:49.836105+00:00,84939.497426102,0,0,0,0
2026-09-22T10:23:50.836333+00:00,84940.497650838,0,0,0,0
2026-09-22T10:23:51.836524+00:00,84941.497844292,0,0,0,0
2026-09-22T10:23:52.836767+00:00,84942.498087829,0,0,0,0
2026-09-22T10:23:53.836994+00:00,84943.498315731,0,0,0,0
2026-09-22T10:23:54.837238+00:00,84944.498554567,0,0,0,0
2026-09-22T10:23:55.837484+00:00,84945.498801252,0,0,0,0
2026-09-22T10:23:56.837806+00:00,84946.499120879,22,1,1,32.0
2026-09-22T10:23:57.838082+00:00,84947.499401925,559,0,1,550.0
2026-09-22T10:23:58.838294+00:00,84948.499613052,559,0,1,550.0
2026-09-22T10:23:59.838500+00:00,84949.499820041,559,0,1,550.0
2026-09-22T10:24:00.838837+00:00,84950.500153709,559,0,1,550.0
2026-09-22T10:24:01.839033+00:00,84951.500353547,559,0,1,550.0
2026-09-22T10:24:02.839246+00:00,84952.500564465,559,0,1,550.0
2026-09-22T10:24:03.839465+00:00,84953.500783131,559,0,1,550.0
2026-09-22T10:24:04.839768+00:00,84954.501086618,559,0,1,550.0
2026-09-22T10:24:05.839982+00:00,84955.501304767,559,0,1,550.0
2026-09-22T10:24:06.840179+00:00,84956.501500842,559,0,1,550.0
2026-09-22T10:24:07.840379+00:00,84957.501699444,559,0,1,550.0
2026-09-22T10:24:08.840611+00:00,84958.501930097,559,0,1,550.0
2026-09-22T10:24:09.840846+00:00,84959.502163991,559,0,1,550.0
2026-09-22T10:24:10.841094+00:00,84960.502411833,559,0,1,550.0
2026-09-22T10:24:11.841277+00:00,84961.50259653,559,0,1,550.0
2026-09-22T10:24:12.841535+00:00,84962.502851906,559,0,1,550.0
2026-09-22T10:24:13.841812+00:00,84963.503130558,559,0,1,550.0
2026-09-22T10:24:14.842054+00:00,84964.503370532,559,0,1,550.0
2026-09-22T10:24:15.842254+00:00,84965.503574824,559,0,1,550.0
2026-09-22T10:24:16.842473+00:00,84966.503793435,1114,0,2,1100.0
2026-09-22T10:24:17.842736+00:00,84967.503995183,1114,0,2,1100.0
2026-09-22T10:24:18.842883+00:00,84968.50420375,1114,0,2,1100.0
2026-09-22T10:24:19.843170+00:00,84969.504487023,1114,0,2,1100.0
2026-09-22T10:24:20.843432+00:00,84970.504747899,1114,0,2,1100.0
2026-09-22T10:24:21.843721+00:00,84971.504998588,1114,0,2,1100.0
2026-09-22T10:24:22.843982+00:00,84972.505295519,1114,0,2,1100.0
2026-09-22T10:24:23.844213+00:00,84973.505532553,1114,0,2,1100.0
2026-09-22T10:24:24.844507+00:00,84974.505827788,1114,0,2,1100.0
2026-09-22T10:24:25.844721+00:00,84975.50604111,1114,0,2,1100.0
2026-09-22T10:24:26.845029+00:00,84976.506345958,1114,0,2,1100.0
2026-09-22T10:24:27.845301+00:00,84977.506617346,1114,0,2,1100.0
2026-09-22T10:24:28.845513+00:00,84978.506832883,1116,0,2,1102.0
2026-09-22T10:24:29.845767+00:00,84979.507087398,1116,0,2,1102.0
2026-09-22T10:24:30.845991+00:00,84980.507311332,1116,0,2,1102.0
2026-09-22T10:24:31.846185+00:00,84981.507505936,1116,0,2,1102.0
2026-09-22T10:24:32.846382+00:00,84982.50770323,1116,0,2,1102.0
2026-09-22T10:24:33.846579+00:00,84983.50789982,1116,0,2,1102.0
2026-09-22T10:24:34.846821+00:00,84984.508141305,1116,0,2,1102.0
2026-09-22T10:24:35.847057+00:00,84985.508377726,1116,0,2,1102.0
2026-09-22T10:24:36.847258+00:00,84986.508578724,1116,0,2,1102.0
2026-09-22T10:24:37.847496+00:00,84987.508813042,1116,0,2,1102.0
2026-09-22T10:24:38.847747+00:00,84988.509067394,559,0,1,550.0
2026-09-22T10:24:39.848043+00:00,84989.509358864,559,0,1,550.0
2026-09-22T10:24:40.848304+00:00,84990.509619052,559,0,1,550.0
2026-09-22T10:24:41.848444+00:00,84991.509766246,559,0,1,550.0
2026-09-22T10:24:42.848654+00:00,84992.509974504,559,0,1,550.0
2026-09-22T10:24:43.848862+00:00,84993.510182631,559,0,1,550.0
2026-09-22T10:24:44.849068+00:00,84994.510388839,559,0,1,550.0
2026-09-22T10:24:45.849280+00:00,84995.510599448,559,0,1,550.0
2026-09-22T10:24:46.849455+00:00,84996.510775837,559,0,1,550.0
2026-09-22T10:24:47.849651+00:00,84997.510971999,559,0,1,550.0
2026-09-22T10:24:48.849796+00:00,84998.511116772,561,0,1,552.0
2026-09-22T10:24:49.850036+00:00,84999.511354489,561,0,1,552.0
2026-09-22T10:24:50.850239+00:00,85000.51155906,561,0,1,552.0
2026-09-22T10:24:51.850421+00:00,85001.511740966,561,0,1,552.0
2026-09-22T10:24:52.850656+00:00,85002.511975679,561,0,1,552.0
2026-09-22T10:24:53.850856+00:00,85003.512177868,561,0,1,552.0
2026-09-22T10:24:54.851101+00:00,85004.512417898,561,0,1,552.0
2026-09-22T10:24:55.851295+00:00,85005.512615496,561,0,1,552.0
2026-09-22T10:24:56.851521+00:00,85006.512839937,561,0,1,552.0
2026-09-22T10:24:57.851805+00:00,85007.513123077,561,0,1,552.0
2026-09-22T10:24:58.852109+00:00,85008.513429209,0,0,0,0
2026-09-22T10:24:59.852363+00:00,85009.513679297,0,0,0,0
2026-09-22T10:25:00.852577+00:00,85010.513895579,0,0,0,0
2026-09-22T10:25:01.852973+00:00,85011.51428778,0,0,0,0
2026-09-22T10:25:02.853223+00:00,85012.514541757,0,0,0,0
2026-09-22T10:25:03.853450+00:00,85013.514767234,0,0,0,0
2026-09-22T10:25:04.853672+00:00,85014.514992023,0,0,0,0
2026-09-22T10:25:05.853889+00:00,85015.515209797,0,0,0,0
2026-09-22T10:25:06.854095+00:00,85016.515415924,0,0,0,0
2026-09-22T10:25:07.854307+00:00,85017.515625473,0,0,0,0
2026-09-22T10:25:08.854527+00:00,85018.515846827,0,0,0,0
2026-09-22T10:25:09.854809+00:00,85019.516128045,0,0,0,0
2026-09-22T10:25:10.855048+00:00,85020.516364446,0,0,0,0
2026-09-22T10:25:11.855264+00:00,85021.516582157,0,0,0,0
2026-09-22T10:25:12.855510+00:00,85022.516827635,0,0,0,0
2026-09-22T10:25:13.855776+00:00,85023.517093379,0,0,0,0
2026-09-22T10:25:14.855957+00:00,85024.51727661,0,0,0,0
2026-09-22T10:25:15.856137+00:00,85025.517455764,0,0,0,0
2026-09-22T10:25:16.856343+00:00,85026.517663014,0,0,0,0
2026-09-22T10:25:17.856614+00:00,85027.51793089,0,0,0,0
2026-09-22T10:25:18.856808+00:00,85028.518127644,0,0,0,0
2026-09-22T10:25:19.857115+00:00,85029.518435208,0,0,0,0
2026-09-22T10:25:20.857325+00:00,85030.518644154,0,0,0,0
2026-09-22T10:25:21.857539+00:00,85031.518858963,0,0,0,0
2026-09-22T10:25:22.857743+00:00,85032.519063638,0,0,0,0
2026-09-22T10:25:23.857959+00:00,85033.519281045,0,0,0,0
2026-09-22T10:25:24.858185+00:00,85034.51950322,0,0,0,0
2026-09-22T10:25:25.858460+00:00,85035.519776287,0,0,0,0
2026-09-22T10:25:26.858823+00:00,85036.520141058,0,0,0,0
2026-09-22T10:25:27.859024+00:00,85037.520344569,0,0,0,0
2026-09-22T10:25:28.859190+00:00,85038.520511888,0,0,0,0
2026-09-22T10:25:29.859387+00:00,85039.520708113,0,0,0,0
2026-09-22T10:25:30.859605+00:00,85040.520922739,0,0,0,0
2026-09-22T10:25:31.859835+00:00,85041.521153016,0,0,0,0
2026-09-22T10:25:32.860121+00:00,85042.521438324,0,0,0,0
2026-09-22T10:25:33.860323+00:00,85043.521641555,0,0,0,0
2026-09-22T10:25:34.860596+00:00,85044.521911511,0,0,0,0
2026-09-22T10:25:35.860801+00:00,85045.522122303,0,0,0,0
2026-09-22T10:25:36.861004+00:00,85046.522325158,0,0,0,0
2026-09-22T10:25:37.861180+00:00,85047.522501112,0,0,0,0
2026-09-22T10:25:38.861426+00:00,85048.522742138,0,0,0,0
2026-09-22T10:25:39.861649+00:00,85049.522965638,0,0,0,0
2026-09-22T10:25:40.861939+00:00,85050.523255083,3,0,1,14.0
2026-09-22T10:25:41.862275+00:00,85051.523593378,559,0,1,550.0
2026-09-22T10:25:42.862535+00:00,85052.523854364,559,0,1,550.0
2026-09-22T10:25:43.862814+00:00,85053.524133044,559,0,1,550.0
2026-09-22T10:25:44.863019+00:00,85054.524338494,559,0,1,550.0
2026-09-22T10:25:45.863243+00:00,85055.524561842,559,0,1,550.0
2026-09-22T10:25:46.863440+00:00,85056.524760904,559,0,1,550.0
2026-09-22T10:25:47.863648+00:00,85057.524968589,559,0,1,550.0
2026-09-22T10:25:48.863904+00:00,85058.525221074,559,0,1,550.0
2026-09-22T10:25:49.864118+00:00,85059.525438979,559,0,1,550.0
2026-09-22T10:25:50.864329+00:00,85060.52564803,559,0,1,550.0
2026-09-22T10:25:51.864522+00:00,85061.525840527,559,0,1,550.0
2026-09-22T10:25:52.864741+00:00,85062.526059937,559,0,1,550.0
2026-09-22T10:25:53.865009+00:00,85063.526325919,559,0,1,550.0
2026-09-22T10:25:54.865250+00:00,85064.526567003,559,0,1,550.0
2026-09-22T10:25:55.865506+00:00,85065.526823139,559,0,1,550.0
2026-09-22T10:25:56.865761+00:00,85066.527081211,559,0,1,550.0
2026-09-22T10:25:57.865936+00:00,85067.527256694,559,0,1,550.0
2026-09-22T10:25:58.866139+00:00,85068.527459872,559,0,1,550.0
2026-09-22T10:25:59.866295+00:00,85069.527617311,559,0,1,550.0
2026-09-22T10:26:00.866523+00:00,85070.527841245,571,3,2,578.0
2026-09-22T10:26:01.866822+00:00,85071.52814007,1114,0,2,1100.0
2026-09-22T10:26:02.867132+00:00,85072.528448979,1114,0,2,1100.0
2026-09-22T10:26:03.867375+00:00,85073.528693325,1114,0,2,1100.0
2026-09-22T10:26:04.867541+00:00,85074.528863457,1114,0,2,1100.0
2026-09-22T10:26:05.867834+00:00,85075.529152151,1114,0,2,1100.0
2026-09-22T10:26:06.868029+00:00,85076.529349741,1114,0,2,1100.0
2026-09-22T10:26:07.868214+00:00,85077.529535223,1114,0,2,1100.0
2026-09-22T10:26:08.868417+00:00,85078.529736687,1114,0,2,1100.0
2026-09-22T10:26:09.868619+00:00,85079.529939127,1114,0,2,1100.0
2026-09-22T10:26:10.868831+00:00,85080.530151036,1116,0,2,1102.0
2026-09-22T10:26:11.869068+00:00,85081.530389179,1116,0,2,1102.0
2026-09-22T10:26:12.869318+00:00,85082.530635573,1116,0,2,1102.0
2026-09-22T10:26:13.869526+00:00,85083.530846156,1116,0,2,1102.0
2026-09-22T10:26:14.869814+00:00,85084.531131725,1116,0,2,1102.0
2026-09-22T10:26:15.870014+00:00,85085.53133139,1116,0,2,1102.0
2026-09-22T10:26:16.870216+00:00,85086.531536029,1116,0,2,1102.0
2026-09-22T10:26:17.870417+00:00,85087.531737633,1116,0,2,1102.0
2026-09-22T10:26:18.870611+00:00,85088.531928744,1116,0,2,1102.0
2026-09-22T10:26:19.870815+00:00,85089.532134446,1116,0,2,1102.0
2026-09-22T10:26:20.871095+00:00,85090.5324171,559,0,1,550.0
2026-09-22T10:26:21.871349+00:00,85091.532666731,559,0,1,550.0
2026-09-22T10:26:22.871572+00:00,85092.532891739,559,0,1,550.0
2026-09-22T10:26:23.871826+00:00,85093.533145713,559,0,1,550.0
2026-09-22T10:26:24.872111+00:00,85094.533431561,559,0,1,550.0
2026-09-22T10:26:25.872320+00:00,85095.533637675,559,0,1,550.0
2026-09-22T10:26:26.872546+00:00,85096.533864696,559,0,1,550.0
2026-09-22T10:26:27.872789+00:00,85097.53410817,559,0,1,550.0
2026-09-22T10:26:28.873013+00:00,85098.534332822,559,0,1,550.0
2026-09-22T10:26:29.873249+00:00,85099.534565137,559,0,1,550.0
2026-09-22T10:26:30.873516+00:00,85100.534832117,561,0,1,552.0
2026-09-22T10:26:31.873785+00:00,85101.535100918,561,0,1,552.0
2026-09-22T10:26:32.874048+00:00,85102.535364653,561,0,1,552.0
2026-09-22T10:26:33.874276+00:00,85103.535595744,561,0,1,552.0
2026-09-22T10:26:34.874502+00:00,85104.535822855,561,0,1,552.0
2026-09-22T10:26:35.874789+00:00,85105.53610642,561,0,1,552.0
2026-09-22T10:26:36.875012+00:00,85106.536330526,561,0,1,552.0
2026-09-22T10:26:37.875198+00:00,85107.536518343,561,0,1,552.0
2026-09-22T10:26:38.875420+00:00,85108.536739123,561,0,1,552.0
2026-09-22T10:26:39.875745+00:00,85109.537060806,561,0,1,552.0
2026-09-22T10:26:40.875948+00:00,85110.537265595,0,0,0,0
2026-09-22T10:26:41.876232+00:00,85111.537551985,0,0,0,0
2026-09-22T10:26:42.876509+00:00,85112.537825919,0,0,0,0
2026-09-22T10:26:43.876753+00:00,85113.538073955,0,0,0,0
2026-09-22T10:26:44.876964+00:00,85114.538283842,0,0,0,0
2026-09-22T10:26:45.877107+00:00,85115.538429303,0,0,0,0
2026-09-22T10:26:46.877310+00:00,85116.538630697,0,0,0,0
2026-09-22T10:26:47.877552+00:00,85117.538871958,0,0,0,0
2026-09-22T10:26:48.877848+00:00,85118.539168756,0,0,0,0
2026-09-22T10:26:49.878049+00:00,85119.539370433,0,0,0,0
2026-09-22T10:26:50.878344+00:00,85120.539664638,0,0,0,0
2026-09-22T10:26:51.878601+00:00,85121.539917619,0,0,0,0
2026-09-22T10:26:52.878844+00:00,85122.540163784,0,0,0,0
2026-09-22T10:26:53.879030+00:00,85123.540350744,0,0,0,0
2026-09-22T10:26:54.879232+00:00,85124.540552193,0,0,0,0
2026-09-22T10:26:55.879467+00:00,85125.540786393,0,0,0,0
2026-09-22T10:26:56.879748+00:00,85126.541066108,0,0,0,0
2026-09-22T10:26:57.879951+00:00,85127.541270924,0,0,0,0
2026-09-22T10:26:58.880163+00:00,85128.541482887,0,0,0,0
2026-09-22T10:26:59.880358+00:00,85129.541679273,0,0,0,0
2026-09-22T10:27:00.880519+00:00,85130.541840922,0,0,0,0
2026-09-22T10:27:01.880753+00:00,85131.542073907,0,0,0,0
2026-09-22T10:27:02.880994+00:00,85132.542313976,0,0,0,0
2026-09-22T10:27:03.881187+00:00,85133.542506791,0,0,0,0
2026-09-22T10:27:04.881396+00:00,85134.542716527,0,0,0,0
2026-09-22T10:27:05.881579+00:00,85135.542900224,0,0,0,0
2026-09-22T10:27:06.881808+00:00,85136.543126577,0,0,0,0
2026-09-22T10:27:07.881991+00:00,85137.543311559,0,0,0,0
2026-09-22T10:27:08.882206+00:00,85138.543526192,0,0,0,0
2026-09-22T10:27:09.882415+00:00,85139.54373506,0,0,0,0
2026-09-22T10:27:10.882581+00:00,85140.543902337,0,0,0,0
2026-09-22T10:27:11.882838+00:00,85141.544157942,0,0,0,0
2026-09-22T10:27:12.883053+00:00,85142.544370638,0,0,0,0
2026-09-22T10:27:13.883227+00:00,85143.544548291,0,0,0,0
2026-09-22T10:27:14.883414+00:00,85144.544735463,0,0,0,0
2026-09-22T10:27:15.883592+00:00,85145.544912869,0,0,0,0
2026-09-22T10:27:16.883807+00:00,85146.545126081,0,0,0,0
2026-09-22T10:27:17.884062+00:00,85147.545378503,0,0,0,0
2026-09-22T10:27:18.884286+00:00,85148.545605474,0,0,0,0
2026-09-22T10:27:19.884493+00:00,85149.545813141,0,0,0,0
2026-09-22T10:27:20.884732+00:00,85150.546052489,0,0,0,0
2026-09-22T10:27:21.884926+00:00,85151.54624418,0,0,0,0
2026-09-22T10:27:22.885130+00:00,85152.546449563,0,0,0,0
2026-09-22T10:27:23.885330+00:00,85153.546650202,0,0,0,0
2026-09-22T10:27:24.885525+00:00,85154.546845777,0,0,0,0
2026-09-22T10:27:25.885735+00:00,85155.547056197,0,0,0,0
2026-09-22T10:27:26.885953+00:00,85156.547274031,0,0,0,0
2026-09-22T10:27:27.886129+00:00,85157.547447522,0,0,0,0
2026-09-22T10:27:28.886401+00:00,85158.547716517,22,0,1,550.0
2026-09-22T10:27:29.886575+00:00,85159.547894438,559,0,1,550.0
2026-09-22T10:27:30.886899+00:00,85160.548218548,559,0,1,550.0
2026-09-22T10:27:31.887086+00:00,85161.548405622,559,0,1,550.0
2026-09-22T10:27:32.887323+00:00,85162.548638557,559,0,1,550.0
2026-09-22T10:27:33.887531+00:00,85163.548851078,559,0,1,550.0
2026-09-22T10:27:34.887783+00:00,85164.549102669,559,0,1,550.0
2026-09-22T10:27:35.888013+00:00,85165.549332482,559,0,1,550.0
2026-09-22T10:27:36.888240+00:00,85166.549556854,559,0,1,550.0
2026-09-22T10:27:37.888416+00:00,85167.549736215,559,0,1,550.0
2026-09-22T10:27:38.888589+00:00,85168.549909816,559,0,1,550.0
2026-09-22T10:27:39.888876+00:00,85169.550191941,559,0,1,550.0
2026-09-22T10:27:40.889190+00:00,85170.550505341,559,0,1,550.0
2026-09-22T10:27:41.889487+00:00,85171.55080392,559,0,1,550.0
2026-09-22T10:27:42.889761+00:00,85172.551079739,559,0,1,550.0
2026-09-22T10:27:43.890087+00:00,85173.551403677,559,0,1,550.0
2026-09-22T10:27:44.890253+00:00,85174.551573764,559,0,1,550.0
2026-09-22T10:27:45.890435+00:00,85175.551754334,1114,0,2,1100.0
2026-09-22T10:27:46.890721+00:00,85176.551995997,1114,0,2,1100.0
2026-09-22T10:27:47.890948+00:00,85177.552263659,1114,0,2,1100.0
2026-09-22T10:27:48.891147+00:00,85178.552467459,1114,0,2,1100.0
2026-09-22T10:27:49.891488+00:00,85179.552806004,1114,0,2,1100.0
2026-09-22T10:27:50.891829+00:00,85180.553149035,1114,0,2,1100.0
2026-09-22T10:27:51.892174+00:00,85181.553489975,1114,0,2,1100.0
2026-09-22T10:27:52.892436+00:00,85182.553752062,1114,0,2,1100.0
2026-09-22T10:27:53.892746+00:00,85183.554062769,1114,0,2,1100.0
2026-09-22T10:27:54.892992+00:00,85184.554312194,1114,0,2,1100.0
2026-09-22T10:27:55.893225+00:00,85185.554546044,1114,0,2,1100.0
2026-09-22T10:27:56.893436+00:00,85186.554755922,1114,0,2,1100.0
2026-09-22T10:27:57.893624+00:00,85187.55494443,1116,0,2,1102.0
2026-09-22T10:27:58.893868+00:00,85188.55518454,1116,0,2,1102.0
2026-09-22T10:27:59.894075+00:00,85189.555394799,1116,0,2,1102.0
2026-09-22T10:28:00.894289+00:00,85190.555609379,1116,0,2,1102.0
2026-09-22T10:28:01.894505+00:00,85191.555824764,1116,0,2,1102.0
2026-09-22T10:28:02.894743+00:00,85192.556059931,1116,0,2,1102.0
2026-09-22T10:28:03.895046+00:00,85193.556365522,1116,0,2,1102.0
2026-09-22T10:28:04.895257+00:00,85194.556576811,1116,0,2,1102.0
2026-09-22T10:28:05.895519+00:00,85195.556837322,1116,0,2,1102.0
2026-09-22T10:28:06.895756+00:00,85196.557075026,1116,0,2,1102.0
2026-09-22T10:28:07.895971+00:00,85197.557288495,559,0,1,550.0
2026-09-22T10:28:08.896200+00:00,85198.557516852,559,0,1,550.0
2026-09-22T10:28:09.896452+00:00,85199.557768726,559,0,1,550.0
2026-09-22T10:28:10.896778+00:00,85200.558094142,559,0,1,550.0
2026-09-22T10:28:11.897008+00:00,85201.558326287,559,0,1,550.0
2026-09-22T10:28:12.897274+00:00,85202.558591286,559,0,1,550.0
2026-09-22T10:28:13.897459+00:00,85203.55877869,559,0,1,550.0
2026-09-22T10:28:14.897792+00:00,85204.559107984,559,0,1,550.0
2026-09-22T10:28:15.898177+00:00,85205.559493738,561,0,1,552.0
2026-09-22T10:28:16.898433+00:00,85206.559748734,561,0,1,552.0
2026-09-22T10:28:17.898723+00:00,85207.560040846,561,0,1,552.0
2026-09-22T10:28:18.898975+00:00,85208.560292507,561,0,1,552.0
2026-09-22T10:28:19.899194+00:00,85209.560511266,561,0,1,552.0
2026-09-22T10:28:20.899441+00:00,85210.560756948,561,0,1,552.0
2026-09-22T10:28:21.899649+00:00,85211.560966656,561,0,1,552.0
2026-09-22T10:28:22.899871+00:00,85212.561188856,561,0,1,552.0
2026-09-22T10:28:23.900133+00:00,85213.561448935,561,0,1,552.0
2026-09-22T10:28:24.900339+00:00,85214.5616593,561,0,1,552.0
2026-09-22T10:28:25.900541+00:00,85215.561859778,0,1,0,0
2026-09-22T10:28:26.900791+00:00,85216.562108969,0,0,0,0
2026-09-22T10:28:27.901054+00:00,85217.562369759,0,0,0,0
2026-09-22T10:28:28.901355+00:00,85218.562673306,0,0,0,0
2026-09-22T10:28:29.901580+00:00,85219.562899882,0,0,0,0
2026-09-22T10:28:30.901815+00:00,85220.563135787,0,0,0,0
2026-09-22T10:28:31.902018+00:00,85221.563338843,0,0,0,0
2026-09-22T10:28:32.902246+00:00,85222.563565055,0,0,0,0
2026-09-22T10:28:33.902477+00:00,85223.563795396,0,0,0,0
2026-09-22T10:28:34.902656+00:00,85224.563975733,0,0,0,0
2026-09-22T10:28:35.902883+00:00,85225.564201788,0,0,0,0
2026-09-22T10:28:36.903090+00:00,85226.564409325,0,0,0,0
2026-09-22T10:28:37.903295+00:00,85227.564615258,0,0,0,0
2026-09-22T10:28:38.903486+00:00,85228.564807178,0,0,0,0
2026-09-22T10:28:39.903742+00:00,85229.565062286,0,0,0,0
2026-09-22T10:28:40.903967+00:00,85230.565286291,0,0,0,0
2026-09-22T10:28:41.904208+00:00,85231.565524672,0,0,0,0
2026-09-22T10:28:42.904438+00:00,85232.565757676,0,0,0,0
2026-09-22T10:28:43.904650+00:00,85233.565970492,0,0,0,0
2026-09-22T10:28:44.904854+00:00,85234.566174819,0,0,0,0
2026-09-22T10:28:45.905052+00:00,85235.566370166,0,0,0,0
2026-09-22T10:28:46.905251+00:00,85236.566571601,0,0,0,0
2026-09-22T10:28:47.905446+00:00,85237.566764286,0,0,0,0
2026-09-22T10:28:48.905728+00:00,85238.566996477,0,0,0,0
2026-09-22T10:28:49.905893+00:00,85239.567214557,0,0,0,0
2026-09-22T10:28:50.906136+00:00,85240.567457189,0,0,0,0
2026-09-22T10:28:51.906365+00:00,85241.567684798,0,0,0,0
2026-09-22T10:28:52.906573+00:00,85242.567892782,0,0,0,0
2026-09-22T10:28:53.906820+00:00,85243.568140721,0,0,0,0
2026-09-22T10:28:54.907074+00:00,85244.568394418,0,0,0,0
2026-09-22T10:28:55.907276+00:00,85245.568596946,0,0,0,0
2026-09-22T10:28:56.907479+00:00,85246.56879835,0,0,0,0
2026-09-22T10:28:57.907672+00:00,85247.568990316,0,0,0,0
2026-09-22T10:28:58.907896+00:00,85248.56921433,0,0,0,0
2026-09-22T10:28:59.908115+00:00,85249.569436505,0,0,0,0
2026-09-22T10:29:00.908321+00:00,85250.569641905,0,0,0,0
2026-09-22T10:29:01.908559+00:00,85251.569875409,0,0,0,0
2026-09-22T10:29:02.908847+00:00,85252.570163774,0,0,0,0
2026-09-22T10:29:03.909095+00:00,85253.570411915,0,0,0,0
2026-09-22T10:29:04.909363+00:00,85254.5706819,0,0,0,0
2026-09-22T10:29:05.909552+00:00,85255.570871875,0,0,0,0
2026-09-22T10:29:06.909800+00:00,85256.571119999,0,0,0,0
2026-09-22T10:29:07.910074+00:00,85257.571388847,0,0,0,0
2026-09-22T10:29:08.910356+00:00,85258.571670961,0,0,0,0
2026-09-22T10:29:09.910566+00:00,85259.571885737,559,0,1,550.0
2026-09-22T10:29:10.910849+00:00,85260.57216846,559,0,1,550.0
2026-09-22T10:29:11.911135+00:00,85261.572452615,559,0,1,550.0
2026-09-22T10:29:12.911376+00:00,85262.572693658,559,0,1,550.0
2026-09-22T10:29:13.911527+00:00,85263.572849104,559,0,1,550.0
2026-09-22T10:29:14.911763+00:00,85264.573082121,559,0,1,550.0
2026-09-22T10:29:15.912027+00:00,85265.573347112,559,0,1,550.0
2026-09-22T10:29:16.912198+00:00,85266.573518249,559,0,1,550.0
2026-09-22T10:29:17.912511+00:00,85267.573829144,559,0,1,550.0
2026-09-22T10:29:18.912751+00:00,85268.574070295,559,0,1,550.0
2026-09-22T10:29:19.912928+00:00,85269.574246349,559,0,1,550.0
2026-09-22T10:29:20.913136+00:00,85270.574455448,559,0,1,550.0
2026-09-22T10:29:21.913390+00:00,85271.574705969,559,0,1,550.0
2026-09-22T10:29:22.913778+00:00,85272.57509385,559,0,1,550.0
2026-09-22T10:29:23.914009+00:00,85273.575326327,559,0,1,550.0
2026-09-22T10:29:24.914230+00:00,85274.575549342,559,0,1,550.0
2026-09-22T10:29:25.914455+00:00,85275.575774834,559,0,1,550.0
2026-09-22T10:29:26.914763+00:00,85276.576080178,559,0,1,550.0
2026-09-22T10:29:27.915072+00:00,85277.576389807,559,0,1,550.0
2026-09-22T10:29:28.915358+00:00,85278.576673505,559,0,1,550.0
2026-09-22T10:29:29.915583+00:00,85279.576900614,1114,0,2,1100.0
2026-09-22T10:29:30.915852+00:00,85280.577169773,1114,0,2,1100.0
2026-09-22T10:29:31.916153+00:00,85281.577470493,1114,0,2,1100.0
2026-09-22T10:29:32.916376+00:00,85282.577695771,1114,0,2,1100.0
2026-09-22T10:29:33.916569+00:00,85283.577887796,1114,0,2,1100.0
2026-09-22T10:29:34.916811+00:00,85284.57813198,1114,0,2,1100.0
2026-09-22T10:29:35.917120+00:00,85285.578435678,1114,0,2,1100.0
2026-09-22T10:29:36.917341+00:00,85286.578660339,1114,0,2,1100.0
2026-09-22T10:29:37.917548+00:00,85287.578868703,1114,0,2,1100.0
2026-09-22T10:29:38.917830+00:00,85288.579149062,1114,0,2,1100.0
2026-09-22T10:29:39.918006+00:00,85289.579326043,1116,0,2,1102.0
2026-09-22T10:29:40.918349+00:00,85290.57966584,1116,0,2,1102.0
2026-09-22T10:29:41.918560+00:00,85291.579879557,1116,0,2,1102.0
2026-09-22T10:29:42.918885+00:00,85292.580205197,1116,0,2,1102.0
2026-09-22T10:29:43.919131+00:00,85293.580448355,1116,0,2,1102.0
2026-09-22T10:29:44.919335+00:00,85294.580654819,1116,0,2,1102.0
2026-09-22T10:29:45.919488+00:00,85295.580809743,1116,0,2,1102.0
2026-09-22T10:29:46.919847+00:00,85296.581165266,1116,0,2,1102.0
2026-09-22T10:29:47.920065+00:00,85297.581385586,1116,0,2,1102.0
2026-09-22T10:29:48.920263+00:00,85298.581583353,1116,0,2,1102.0
2026-09-22T10:29:49.920446+00:00,85299.581765531,559,0,1,550.0
2026-09-22T10:29:50.920726+00:00,85300.58204174,559,0,1,550.0
2026-09-22T10:29:51.920977+00:00,85301.582294515,559,0,1,550.0
2026-09-22T10:29:52.921232+00:00,85302.582551606,559,0,1,550.0
2026-09-22T10:29:53.921448+00:00,85303.582768107,559,0,1,550.0
2026-09-22T10:29:54.921733+00:00,85304.58305381,559,0,1,550.0
2026-09-22T10:29:55.921894+00:00,85305.583216319,559,0,1,550.0
2026-09-22T10:29:56.922197+00:00,85306.583512953,559,0,1,550.0
2026-09-22T10:29:57.922407+00:00,85307.583726794,559,0,1,550.0
2026-09-22T10:29:58.922660+00:00,85308.583979352,561,0,1,552.0
2026-09-22T10:29:59.922952+00:00,85309.584266496,561,0,1,552.0
2026-09-22T10:30:00.923161+00:00,85310.584480716,561,0,1,552.0
2026-09-22T10:30:01.923364+00:00,85311.584685265,561,0,1,552.0
2026-09-22T10:30:02.923580+00:00,85312.58489947,561,0,1,552.0
2026-09-22T10:30:03.923813+00:00,85313.585129782,561,0,1,552.0
2026-09-22T10:30:04.924046+00:00,85314.585362127,561,0,1,552.0
2026-09-22T10:30:05.924270+00:00,85315.585587627,561,0,1,552.0
2026-09-22T10:30:06.924487+00:00,85316.585806634,561,0,1,552.0
2026-09-22T10:30:07.924721+00:00,85317.585994952,561,0,1,552.0
2026-09-22T10:30:08.924825+00:00,85318.58614632,0,0,0,0
2026-09-22T10:30:09.925038+00:00,85319.586358413,0,0,0,0
2026-09-22T10:30:10.925204+00:00,85320.586526053,0,0,0,0
2026-09-22T10:30:11.925441+00:00,85321.586758164,0,0,0,0
2026-09-22T10:30:12.925723+00:00,85322.587041746,0,0,0,0
2026-09-22T10:30:13.925997+00:00,85323.587316273,0,0,0,0
2026-09-22T10:30:14.926194+00:00,85324.587514722,0,0,0,0
2026-09-22T10:30:15.926464+00:00,85325.587780005,0,0,0,0
2026-09-22T10:30:16.926667+00:00,85326.587987142,0,0,0,0
2026-09-22T10:30:17.926866+00:00,85327.588187094,0,0,0,0
2026-09-22T10:30:18.927058+00:00,85328.588379351,0,0,0,0
2026-09-22T10:30:19.927253+00:00,85329.588574635,0,0,0,0
2026-09-22T10:30:20.927513+00:00,85330.588834443,0,0,0,0
2026-09-22T10:30:21.927761+00:00,85331.589082144,0,0,0,0
2026-09-22T10:30:22.928009+00:00,85332.589329131,0,0,0,0
2026-09-22T10:30:23.928169+00:00,85333.589491233,0,0,0,0
2026-09-22T10:30:24.928365+00:00,85334.589686089,0,0,0,0
2026-09-22T10:30:25.928565+00:00,85335.589882718,0,0,0,0
2026-09-22T10:30:26.928797+00:00,85336.590118496,0,0,0,0
2026-09-22T10:30:27.929023+00:00,85337.590342319,0,0,0,0
2026-09-22T10:30:28.929236+00:00,85338.59055455,0,0,0,0
2026-09-22T10:30:29.929453+00:00,85339.590772652,0,0,0,0
2026-09-22T10:30:30.929734+00:00,85340.59105092,0,0,0,0
2026-09-22T10:30:31.930000+00:00,85341.591318422,0,0,0,0
2026-09-22T10:30:32.930222+00:00,85342.591539862,0,0,0,0
2026-09-22T10:30:33.930533+00:00,85343.591852231,0,0,0,0
2026-09-22T10:30:34.930817+00:00,85344.592136186,0,0,0,0
2026-09-22T10:30:35.931072+00:00,85345.592392308,0,0,0,0
2026-09-22T10:30:36.931299+00:00,85346.592617774,0,0,0,0
2026-09-22T10:30:37.931493+00:00,85347.592813074,0,0,0,0
2026-09-22T10:30:38.931721+00:00,85348.592999538,0,0,0,0
2026-09-22T10:30:39.931884+00:00,85349.59320523,0,0,0,0
2026-09-22T10:30:40.932079+00:00,85350.593399547,0,0,0,0
2026-09-22T10:30:41.932245+00:00,85351.593566112,0,0,0,0
2026-09-22T10:30:42.932541+00:00,85352.593862185,0,0,0,0
2026-09-22T10:30:43.932813+00:00,85353.594130242,0,0,0,0
2026-09-22T10:30:44.933014+00:00,85354.594334195,0,0,0,0
2026-09-22T10:30:45.933204+00:00,85355.594524431,0,0,0,0
2026-09-22T10:30:46.933414+00:00,85356.594733931,0,0,0,0
2026-09-22T10:30:47.933626+00:00,85357.594947473,0,0,0,0
2026-09-22T10:30:48.933889+00:00,85358.595206829,0,0,0,0
2026-09-22T10:30:49.934080+00:00,85359.59540033,0,0,0,0
2026-09-22T10:30:50.934286+00:00,85360.595606771,0,0,0,0
2026-09-22T10:30:51.934439+00:00,85361.5957608,0,0,0,0
2026-09-22T10:30:52.934669+00:00,85362.595987983,0,0,0,0
2026-09-22T10:30:53.934862+00:00,85363.596181276,0,0,0,0
2026-09-22T10:30:54.935041+00:00,85364.596361654,0,0,0,0
2026-09-22T10:30:55.935251+00:00,85365.59657087,0,0,0,0
2026-09-22T10:30:56.935485+00:00,85366.596804699,0,0,0,0
2026-09-22T10:30:57.935757+00:00,85367.597076497,0,0,0,0
2026-09-22T10:30:58.936004+00:00,85368.597319677,0,0,0,0
2026-09-22T10:30:59.936216+00:00,85369.597533573,559,2,1,550.0
2026-09-22T10:31:00.936440+00:00,85370.597759293,559,0,1,550.0
2026-09-22T10:31:01.936646+00:00,85371.597966595,559,0,1,550.0
2026-09-22T10:31:02.936888+00:00,85372.598206387,559,0,1,550.0
2026-09-22T10:31:03.937144+00:00,85373.598464015,559,0,1,550.0
2026-09-22T10:31:04.937389+00:00,85374.598704711,559,0,1,550.0
2026-09-22T10:31:05.937588+00:00,85375.598908454,559,0,1,550.0
2026-09-22T10:31:06.937803+00:00,85376.599124055,559,0,1,550.0
2026-09-22T10:31:07.938063+00:00,85377.599380252,559,0,1,550.0
2026-09-22T10:31:08.938271+00:00,85378.599589042,559,0,1,550.0
2026-09-22T10:31:09.938501+00:00,85379.599818939,559,0,1,550.0
2026-09-22T10:31:10.938781+00:00,85380.600099165,559,0,1,550.0
2026-09-22T10:31:11.938982+00:00,85381.600302382,559,0,1,550.0
2026-09-22T10:31:12.939178+00:00,85382.600496951,559,0,1,550.0
2026-09-22T10:31:13.939523+00:00,85383.6008381,559,0,1,550.0
2026-09-22T10:31:14.939833+00:00,85384.601148903,559,0,1,550.0
2026-09-22T10:31:15.940079+00:00,85385.60139497,577,0,2,578.0
2026-09-22T10:31:16.940283+00:00,85386.601603215,1114,0,2,1100.0
2026-09-22T10:31:17.941872+00:00,85387.603191042,1114,0,2,1100.0
2026-09-22T10:31:18.942113+00:00,85388.603428735,1114,0,2,1100.0
2026-09-22T10:31:19.942316+00:00,85389.603634809,1114,0,2,1100.0
2026-09-22T10:31:20.942504+00:00,85390.603824726,1114,0,2,1100.0
2026-09-22T10:31:21.942641+00:00,85391.603962911,1114,0,2,1100.0
2026-09-22T10:31:22.942914+00:00,85392.604230422,1114,0,2,1100.0
2026-09-22T10:31:23.943189+00:00,85393.604508453,1114,0,2,1100.0
2026-09-22T10:31:24.943365+00:00,85394.60468509,1114,0,2,1100.0
2026-09-22T10:31:25.943555+00:00,85395.604875719,1114,0,2,1100.0
2026-09-22T10:31:26.943787+00:00,85396.605107811,1116,0,2,1102.0
2026-09-22T10:31:27.944037+00:00,85397.605352774,1116,0,2,1102.0
2026-09-22T10:31:28.944202+00:00,85398.605523538,1116,0,2,1102.0
2026-09-22T10:31:29.944406+00:00,85399.605727193,1116,0,2,1102.0
2026-09-22T10:31:30.944615+00:00,85400.605935001,1116,0,2,1102.0
2026-09-22T10:31:31.944872+00:00,85401.606188732,1116,0,2,1102.0
2026-09-22T10:31:32.945171+00:00,85402.606487216,1116,0,2,1102.0
2026-09-22T10:31:33.945416+00:00,85403.606732395,1116,0,2,1102.0
2026-09-22T10:31:34.945607+00:00,85404.60692694,1116,0,2,1102.0
2026-09-22T10:31:35.945773+00:00,85405.607094566,1116,0,2,1102.0
2026-09-22T10:31:36.946004+00:00,85406.60732369,1114,0,1,550.0
2026-09-22T10:31:37.946169+00:00,85407.607490851,559,0,1,550.0
2026-09-22T10:31:38.946416+00:00,85408.607732919,559,0,1,550.0
2026-09-22T10:31:39.946734+00:00,85409.608050868,559,0,1,550.0
2026-09-22T10:31:40.946999+00:00,85410.60831442,559,0,1,550.0
2026-09-22T10:31:41.947209+00:00,85411.608528409,559,0,1,550.0
2026-09-22T10:31:42.947424+00:00,85412.608743873,559,0,1,550.0
2026-09-22T10:31:43.947755+00:00,85413.60907419,559,0,1,550.0
2026-09-22T10:31:44.947941+00:00,85414.609260882,559,0,1,550.0
2026-09-22T10:31:45.948195+00:00,85415.609511403,561,0,1,552.0
2026-09-22T10:31:46.948411+00:00,85416.609727984,561,0,1,552.0
2026-09-22T10:31:47.948613+00:00,85417.609933323,561,0,1,552.0
2026-09-22T10:31:48.948842+00:00,85418.610159353,561,0,1,552.0
2026-09-22T10:31:49.949066+00:00,85419.610383984,561,0,1,552.0
2026-09-22T10:31:50.949271+00:00,85420.610591157,561,0,1,552.0
2026-09-22T10:31:51.949518+00:00,85421.610834641,561,0,1,552.0
2026-09-22T10:31:52.949822+00:00,85422.611142481,561,0,1,552.0
2026-09-22T10:31:53.950136+00:00,85423.611456414,561,0,1,552.0
2026-09-22T10:31:54.950398+00:00,85424.611714444,561,0,1,552.0
2026-09-22T10:31:55.950653+00:00,85425.611969512,559,0,0,0
2026-09-22T10:31:56.950836+00:00,85426.61215479,0,0,0,0
2026-09-22T10:31:57.951008+00:00,85427.612327728,0,0,0,0
2026-09-22T10:31:58.951211+00:00,85428.612531497,0,0,0,0
2026-09-22T10:31:59.951431+00:00,85429.612749838,0,0,0,0
2026-09-22T10:32:00.951627+00:00,85430.612947344,0,0,0,0
2026-09-22T10:32:01.951845+00:00,85431.613165189,0,0,0,0
2026-09-22T10:32:02.952057+00:00,85432.613377029,0,0,0,0
2026-09-22T10:32:03.952273+00:00,85433.613591454,0,0,0,0
2026-09-22T10:32:04.952537+00:00,85434.613856908,0,0,0,0
2026-09-22T10:32:05.952866+00:00,85435.614184338,0,0,0,0
2026-09-22T10:32:06.953061+00:00,85436.614378975,0,0,0,0
2026-09-22T10:32:07.953263+00:00,85437.614582632,0,0,0,0
2026-09-22T10:32:08.953457+00:00,85438.614778229,0,0,0,0
2026-09-22T10:32:09.953741+00:00,85439.615058215,0,0,0,0
2026-09-22T10:32:10.954036+00:00,85440.615354601,0,0,0,0
2026-09-22T10:32:11.954245+00:00,85441.615563156,0,0,0,0
2026-09-22T10:32:12.954464+00:00,85442.615782186,0,0,0,0
2026-09-22T10:32:13.954718+00:00,85443.615998186,0,0,0,0
2026-09-22T10:32:14.954863+00:00,85444.616183927,0,0,0,0
2026-09-22T10:32:15.955091+00:00,85445.616411639,0,0,0,0
2026-09-22T10:32:16.955299+00:00,85446.616618986,0,0,0,0
2026-09-22T10:32:17.955534+00:00,85447.616854977,0,0,0,0
2026-09-22T10:32:18.955807+00:00,85448.617125739,0,0,0,0
2026-09-22T10:32:19.956025+00:00,85449.617344712,0,0,0,0
2026-09-22T10:32:20.956233+00:00,85450.617553788,0,0,0,0
2026-09-22T10:32:21.956432+00:00,85451.617752761,0,0,0,0
2026-09-22T10:32:22.956639+00:00,85452.617959506,0,0,0,0
2026-09-22T10:32:23.956863+00:00,85453.618184554,0,0,0,0
2026-09-22T10:32:24.957062+00:00,85454.61838409,0,0,0,0
2026-09-22T10:32:25.957223+00:00,85455.618544804,0,0,0,0
2026-09-22T10:32:26.957501+00:00,85456.618820227,0,0,0,0
2026-09-22T10:32:27.957738+00:00,85457.619059634,0,0,0,0
2026-09-22T10:32:28.957908+00:00,85458.619229197,0,0,0,0
2026-09-22T10:32:29.958128+00:00,85459.619446981,0,0,0,0
2026-09-22T10:32:30.958327+00:00,85460.619648829,0,0,0,0
2026-09-22T10:32:31.958537+00:00,85461.619857072,0,0,0,0
2026-09-22T10:32:32.958773+00:00,85462.620095122,0,0,0,0
2026-09-22T10:32:33.958978+00:00,85463.620299079,0,0,0,0
2026-09-22T10:32:34.959208+00:00,85464.620528031,0,0,0,0
2026-09-22T10:32:35.959435+00:00,85465.620755387,0,0,0,0
2026-09-22T10:32:36.959637+00:00,85466.620957267,0,0,0,0
2026-09-22T10:32:37.959876+00:00,85467.621195759,0,0,0,0
2026-09-22T10:32:38.960047+00:00,85468.62136852,0,0,0,0
2026-09-22T10:32:39.960267+00:00,85469.621587205,0,0,0,0
2026-09-22T10:32:40.960493+00:00,85470.62181256,0,0,0,0
2026-09-22T10:32:41.960657+00:00,85471.6219792,0,0,0,0
2026-09-22T10:32:42.960933+00:00,85472.622253598,0,0,0,0
2026-09-22T10:32:43.961089+00:00,85473.622411422,0,0,0,0
2026-09-22T10:32:44.961304+00:00,85474.62262416,559,2,1,550.0
2026-09-22T10:32:45.961477+00:00,85475.622797182,559,0,1,550.0
2026-09-22T10:32:46.961752+00:00,85476.623069029,559,0,1,550.0
2026-09-22T10:32:47.961967+00:00,85477.623286674,559,0,1,550.0
2026-09-22T10:32:48.962173+00:00,85478.623493792,559,0,1,550.0
2026-09-22T10:32:49.962368+00:00,85479.623687969,559,0,1,550.0
2026-09-22T10:32:50.962599+00:00,85480.62391979,559,0,1,550.0
2026-09-22T10:32:51.962811+00:00,85481.624132136,559,0,1,550.0
2026-09-22T10:32:52.963069+00:00,85482.624386151,559,0,1,550.0
2026-09-22T10:32:53.963267+00:00,85483.624587239,559,0,1,550.0
2026-09-22T10:32:54.963468+00:00,85484.624789144,559,0,1,550.0
2026-09-22T10:32:55.963646+00:00,85485.624966661,559,0,1,550.0
2026-09-22T10:32:56.963869+00:00,85486.625187589,559,0,1,550.0
2026-09-22T10:32:57.964067+00:00,85487.625387238,559,0,1,550.0
2026-09-22T10:32:58.964264+00:00,85488.625584387,559,0,1,550.0
2026-09-22T10:32:59.964520+00:00,85489.625836846,559,0,1,550.0
2026-09-22T10:33:00.964777+00:00,85490.626097218,559,0,1,550.0
2026-09-22T10:33:01.964986+00:00,85491.626305027,559,0,1,550.0
2026-09-22T10:33:02.965252+00:00,85492.626568326,559,0,1,550.0
2026-09-22T10:33:03.965497+00:00,85493.626815596,559,0,1,550.0
2026-09-22T10:33:04.965761+00:00,85494.627080671,1114,0,2,1100.0
2026-09-22T10:33:05.965921+00:00,85495.627242488,1114,0,2,1100.0
2026-09-22T10:33:06.966374+00:00,85496.627691029,1114,0,2,1100.0
2026-09-22T10:33:07.966580+00:00,85497.627899522,1114,0,2,1100.0
2026-09-22T10:33:08.966901+00:00,85498.62822017,1114,0,2,1100.0
2026-09-22T10:33:09.967117+00:00,85499.628437696,1114,0,2,1100.0
2026-09-22T10:33:10.967321+00:00,85500.628641631,1114,0,2,1100.0
2026-09-22T10:33:11.967508+00:00,85501.628827846,1114,0,2,1100.0
2026-09-22T10:33:12.967827+00:00,85502.629142847,1116,0,2,1102.0
2026-09-22T10:33:13.968023+00:00,85503.629342373,1116,0,2,1102.0
2026-09-22T10:33:14.968221+00:00,85504.629541317,1116,0,2,1102.0
2026-09-22T10:33:15.968392+00:00,85505.629710429,1116,0,2,1102.0
2026-09-22T10:33:16.968594+00:00,85506.62991418,1116,0,2,1102.0
2026-09-22T10:33:17.968797+00:00,85507.630117768,1116,0,2,1102.0
2026-09-22T10:33:18.969063+00:00,85508.630381894,1116,0,2,1102.0
2026-09-22T10:33:19.969268+00:00,85509.630587644,1116,0,2,1102.0
2026-09-22T10:33:20.969475+00:00,85510.630794825,1116,0,2,1102.0
2026-09-22T10:33:21.969721+00:00,85511.630997753,1116,0,2,1102.0
2026-09-22T10:33:22.969900+00:00,85512.631216987,559,0,1,550.0
2026-09-22T10:33:23.970124+00:00,85513.631443325,559,0,1,550.0
2026-09-22T10:33:24.970334+00:00,85514.631654706,559,0,1,550.0
2026-09-22T10:33:25.970541+00:00,85515.631861862,559,0,1,550.0
2026-09-22T10:33:26.970837+00:00,85516.632153613,559,0,1,550.0
2026-09-22T10:33:27.971040+00:00,85517.632360158,559,0,1,550.0
2026-09-22T10:33:28.971246+00:00,85518.632565266,559,0,1,550.0
2026-09-22T10:33:29.971525+00:00,85519.632841614,559,0,1,550.0
2026-09-22T10:33:30.971785+00:00,85520.633104141,559,0,1,550.0
2026-09-22T10:33:31.971987+00:00,85521.633308024,559,0,1,550.0
2026-09-22T10:33:32.972310+00:00,85522.63362572,559,0,1,550.0
2026-09-22T10:33:33.972533+00:00,85523.633851387,559,0,1,550.0
2026-09-22T10:33:34.972874+00:00,85524.634191201,559,0,1,550.0
2026-09-22T10:33:35.973144+00:00,85525.634465166,559,0,1,550.0
2026-09-22T10:33:36.973363+00:00,85526.634681847,561,0,1,552.0
2026-09-22T10:33:37.973587+00:00,85527.63490657,561,0,1,552.0
2026-09-22T10:33:38.973835+00:00,85528.635154881,561,0,1,552.0
2026-09-22T10:33:39.974104+00:00,85529.635420106,561,0,1,552.0
2026-09-22T10:33:40.974297+00:00,85530.635616969,561,0,1,552.0
2026-09-22T10:33:41.974532+00:00,85531.635853389,561,0,1,552.0
2026-09-22T10:33:42.974824+00:00,85532.636144836,561,0,1,552.0
2026-09-22T10:33:43.975011+00:00,85533.636329977,561,0,1,552.0
2026-09-22T10:33:44.975223+00:00,85534.636541761,561,0,1,552.0
2026-09-22T10:33:45.975446+00:00,85535.636765809,561,0,1,552.0
2026-09-22T10:33:46.975648+00:00,85536.636966802,0,0,0,0
2026-09-22T10:33:47.975851+00:00,85537.637171311,0,0,0,0
2026-09-22T10:33:48.976063+00:00,85538.637382663,0,0,0,0
2026-09-22T10:33:49.976282+00:00,85539.637602418,0,0,0,0
2026-09-22T10:33:50.976487+00:00,85540.637807256,0,0,0,0
2026-09-22T10:33:51.976750+00:00,85541.638067951,0,0,0,0
2026-09-22T10:33:52.976954+00:00,85542.638272648,0,0,0,0
2026-09-22T10:33:53.977187+00:00,85543.638503973,0,0,0,0
2026-09-22T10:33:54.977380+00:00,85544.63869889,0,0,0,0
2026-09-22T10:33:55.977577+00:00,85545.638897054,0,0,0,0
2026-09-22T10:33:56.977869+00:00,85546.639188696,0,0,0,0
2026-09-22T10:33:57.978078+00:00,85547.639395427,0,0,0,0
2026-09-22T10:33:58.978298+00:00,85548.639616036,0,0,0,0
2026-09-22T10:33:59.978504+00:00,85549.639824042,0,0,0,0
2026-09-22T10:34:00.978789+00:00,85550.640107027,0,0,0,0
2026-09-22T10:34:01.978980+00:00,85551.64030137,0,0,0,0
2026-09-22T10:34:02.979200+00:00,85552.640519628,0,0,0,0
2026-09-22T10:34:03.979392+00:00,85553.640712777,0,0,0,0
2026-09-22T10:34:04.979601+00:00,85554.640921034,0,0,0,0
2026-09-22T10:34:05.979803+00:00,85555.641124496,0,0,0,0
2026-09-22T10:34:06.980011+00:00,85556.641332377,0,0,0,0
2026-09-22T10:34:07.980197+00:00,85557.641519044,0,0,0,0
2026-09-22T10:34:08.980384+00:00,85558.641703256,0,0,0,0
2026-09-22T10:34:09.980574+00:00,85559.641893278,0,0,0,0
2026-09-22T10:34:10.980819+00:00,85560.642139672,0,0,0,0
2026-09-22T10:34:11.981021+00:00,85561.642342213,0,0,0,0
2026-09-22T10:34:12.981216+00:00,85562.64253739,0,0,0,0
2026-09-22T10:34:13.981454+00:00,85563.642775157,0,0,0,0
2026-09-22T10:34:14.981653+00:00,85564.642972682,0,0,0,0
2026-09-22T10:34:15.981793+00:00,85565.643113752,0,0,0,0
2026-09-22T10:34:16.981996+00:00,85566.643316169,0,0,0,0
2026-09-22T10:34:17.982216+00:00,85567.643535618,0,0,0,0
2026-09-22T10:34:18.982424+00:00,85568.643744615,0,0,0,0
2026-09-22T10:34:19.982757+00:00,85569.644077043,0,0,0,0
2026-09-22T10:34:20.982983+00:00,85570.644301499,0,0,0,0
2026-09-22T10:34:21.983270+00:00,85571.644586354,0,0,0,0
2026-09-22T10:34:22.983582+00:00,85572.644900026,0,0,0,0
2026-09-22T10:34:23.983847+00:00,85573.645164832,0,0,0,0
2026-09-22T10:34:24.984000+00:00,85574.64532209,0,0,0,0
2026-09-22T10:34:25.984203+00:00,85575.645523103,0,0,0,0
2026-09-22T10:34:26.984397+00:00,85576.645717714,0,0,0,0
2026-09-22T10:34:27.984641+00:00,85577.64595911,0,0,0,0
2026-09-22T10:34:28.984900+00:00,85578.646216453,0,0,0,0
2026-09-22T10:34:29.985122+00:00,85579.646438935,0,0,0,0
2026-09-22T10:34:30.985377+00:00,85580.646693347,559,2,1,550.0
2026-09-22T10:34:31.985611+00:00,85581.646928106,559,0,1,550.0
2026-09-22T10:34:32.985800+00:00,85582.647119344,559,0,1,550.0
2026-09-22T10:34:33.986016+00:00,85583.64733372,559,0,1,550.0
2026-09-22T10:34:34.986250+00:00,85584.647567277,559,0,1,550.0
2026-09-22T10:34:35.986459+00:00,85585.647776619,559,0,1,550.0
2026-09-22T10:34:36.986724+00:00,85586.647992997,559,0,1,550.0
2026-09-22T10:34:37.986882+00:00,85587.648202105,559,0,1,550.0
2026-09-22T10:34:38.987108+00:00,85588.648427608,559,0,1,550.0
2026-09-22T10:34:39.987312+00:00,85589.648631338,559,0,1,550.0
2026-09-22T10:34:40.987532+00:00,85590.648852051,559,0,1,550.0
2026-09-22T10:34:41.987815+00:00,85591.64913373,559,0,1,550.0
2026-09-22T10:34:42.988046+00:00,85592.649362366,559,0,1,550.0
2026-09-22T10:34:43.988312+00:00,85593.649629129,559,0,1,550.0
2026-09-22T10:34:44.988545+00:00,85594.649861445,559,0,1,550.0
2026-09-22T10:34:45.988803+00:00,85595.650121119,559,0,1,550.0
2026-09-22T10:34:46.989067+00:00,85596.650383496,559,0,1,550.0
2026-09-22T10:34:47.989259+00:00,85597.650578198,559,0,1,550.0
2026-09-22T10:34:48.989470+00:00,85598.650789329,559,0,1,550.0
2026-09-22T10:34:49.989716+00:00,85599.65103386,559,0,1,550.0
2026-09-22T10:34:50.989933+00:00,85600.651253413,1114,1,2,1100.0
2026-09-22T10:34:51.990152+00:00,85601.651471274,1114,0,2,1100.0
2026-09-22T10:34:52.990371+00:00,85602.65169033,1114,0,2,1100.0
2026-09-22T10:34:53.990591+00:00,85603.651910616,1114,0,2,1100.0
2026-09-22T10:34:54.990825+00:00,85604.652144794,1114,0,2,1100.0
2026-09-22T10:34:55.991020+00:00,85605.652338947,1114,0,2,1100.0
2026-09-22T10:34:56.991320+00:00,85606.652639325,1114,0,2,1100.0
2026-09-22T10:34:57.991545+00:00,85607.652862257,1114,0,2,1100.0
2026-09-22T10:34:58.991907+00:00,85608.65322223,1114,0,2,1100.0
2026-09-22T10:34:59.992117+00:00,85609.653436503,1114,0,2,1100.0
2026-09-22T10:35:00.992356+00:00,85610.653674519,1114,0,2,1102.0
2026-09-22T10:35:01.992578+00:00,85611.653897115,1116,0,2,1102.0
2026-09-22T10:35:02.992831+00:00,85612.654150302,1116,0,2,1102.0
2026-09-22T10:35:03.993249+00:00,85613.654565915,1116,0,2,1102.0
2026-09-22T10:35:04.993460+00:00,85614.654780584,1116,0,2,1102.0
2026-09-22T10:35:05.993772+00:00,85615.655091071,1116,0,2,1102.0
2026-09-22T10:35:06.994057+00:00,85616.655374226,1116,0,2,1102.0
2026-09-22T10:35:07.994257+00:00,85617.655575196,1116,0,2,1102.0
2026-09-22T10:35:08.994488+00:00,85618.655806468,1116,0,2,1102.0
2026-09-22T10:35:09.994735+00:00,85619.656054572,1116,0,2,1102.0
2026-09-22T10:35:10.995104+00:00,85620.6564226,1116,0,2,1100.0
2026-09-22T10:35:11.995309+00:00,85621.656627135,559,0,1,550.0
2026-09-22T10:35:12.995601+00:00,85622.656919024,559,0,1,550.0
2026-09-22T10:35:13.995821+00:00,85623.65714078,559,0,1,550.0
2026-09-22T10:35:14.996077+00:00,85624.65739737,559,0,1,550.0
2026-09-22T10:35:15.996268+00:00,85625.657587752,559,0,1,550.0
2026-09-22T10:35:16.996548+00:00,85626.657866371,559,0,1,550.0
2026-09-22T10:35:17.996805+00:00,85627.658123865,559,0,1,550.0
2026-09-22T10:35:18.997063+00:00,85628.658379713,559,0,1,550.0
2026-09-22T10:35:19.997268+00:00,85629.658587855,559,0,1,550.0
2026-09-22T10:35:20.997472+00:00,85630.658792099,561,0,1,552.0
2026-09-22T10:35:21.997652+00:00,85631.658971797,561,0,1,552.0
2026-09-22T10:35:22.997816+00:00,85632.659136801,561,0,1,552.0
2026-09-22T10:35:23.998029+00:00,85633.659347171,561,0,1,552.0
2026-09-22T10:35:24.998257+00:00,85634.659575959,561,0,1,552.0
2026-09-22T10:35:25.998461+00:00,85635.659780572,561,0,1,552.0
2026-09-22T10:35:26.998777+00:00,85636.660095057,561,0,1,552.0
2026-09-22T10:35:27.998990+00:00,85637.660308662,561,0,1,552.0
2026-09-22T10:35:28.999209+00:00,85638.660526672,561,0,1,552.0
2026-09-22T10:35:29.999386+00:00,85639.660706604,561,0,1,552.0
2026-09-22T10:35:30.999653+00:00,85640.66097105,0,0,0,0
2026-09-22T10:35:31.999897+00:00,85641.661215227,0,0,0,0
2026-09-22T10:35:33.000126+00:00,85642.661443959,0,0,0,0
2026-09-22T10:35:34.000333+00:00,85643.661653307,0,0,0,0
2026-09-22T10:35:35.000536+00:00,85644.661857713,0,0,0,0
2026-09-22T10:35:36.000831+00:00,85645.662150595,0,0,0,0
2026-09-22T10:35:37.001149+00:00,85646.662465723,0,0,0,0
2026-09-22T10:35:38.001363+00:00,85647.662683338,0,0,0,0
2026-09-22T10:35:39.001574+00:00,85648.662892746,0,0,0,0
2026-09-22T10:35:40.001839+00:00,85649.663158352,0,0,0,0
2026-09-22T10:35:41.002183+00:00,85650.663499054,0,0,0,0
2026-09-22T10:35:42.002407+00:00,85651.663728929,0,0,0,0
2026-09-22T10:35:43.002624+00:00,85652.6639436,0,0,0,0
2026-09-22T10:35:44.002775+00:00,85653.664097082,0,0,0,0
2026-09-22T10:35:45.003015+00:00,85654.664333992,0,0,0,0
2026-09-22T10:35:46.003265+00:00,85655.664580793,0,0,0,0
2026-09-22T10:35:47.003454+00:00,85656.664772904,0,0,0,0
2026-09-22T10:35:48.003636+00:00,85657.664957316,0,0,0,0
2026-09-22T10:35:49.003842+00:00,85658.665163384,0,0,0,0
2026-09-22T10:35:50.004029+00:00,85659.665350034,0,0,0,0
2026-09-22T10:35:51.004352+00:00,85660.665674094,0,0,0,0
2026-09-22T10:35:52.004509+00:00,85661.665830359,0,0,0,0
2026-09-22T10:35:53.004760+00:00,85662.666079223,0,0,0,0
2026-09-22T10:35:54.004951+00:00,85663.666272489,0,0,0,0
2026-09-22T10:35:55.005134+00:00,85664.666456466,0,0,0,0
2026-09-22T10:35:56.005322+00:00,85665.666642983,0,0,0,0
2026-09-22T10:35:57.005520+00:00,85666.666840818,0,0,0,0
2026-09-22T10:35:58.005764+00:00,85667.667084421,0,0,0,0
2026-09-22T10:35:59.005964+00:00,85668.667284913,0,0,0,0
2026-09-22T10:36:00.006116+00:00,85669.667438173,0,0,0,0
2026-09-22T10:36:01.006317+00:00,85670.667637351,0,0,0,0
2026-09-22T10:36:02.006511+00:00,85671.667831549,0,0,0,0
2026-09-22T10:36:03.006738+00:00,85672.668055496,0,0,0,0
2026-09-22T10:36:04.006911+00:00,85673.668231108,0,0,0,0
2026-09-22T10:36:05.007114+00:00,85674.668435455,0,0,0,0
2026-09-22T10:36:06.007298+00:00,85675.668618316,0,0,0,0
2026-09-22T10:36:07.007490+00:00,85676.668809569,0,0,0,0
2026-09-22T10:36:08.007664+00:00,85677.66898609,0,0,0,0
2026-09-22T10:36:09.007925+00:00,85678.669243525,0,0,0,0
2026-09-22T10:36:10.008129+00:00,85679.669449734,0,0,0,0
2026-09-22T10:36:11.008344+00:00,85680.66966384,0,0,0,0
2026-09-22T10:36:12.008530+00:00,85681.669848012,0,0,0,0
2026-09-22T10:36:13.008824+00:00,85682.670141087,0,0,0,0
2026-09-22T10:36:14.009058+00:00,85683.670377242,0,0,0,0
2026-09-22T10:36:15.009284+00:00,85684.670600187,0,0,0,0
2026-09-22T10:36:16.009556+00:00,85685.670872302,22,3,1,550.0
2026-09-22T10:36:17.009807+00:00,85686.671126798,559,0,1,550.0
2026-09-22T10:36:18.009938+00:00,85687.671260894,559,0,1,550.0
2026-09-22T10:36:19.010146+00:00,85688.671465789,559,0,1,550.0
2026-09-22T10:36:20.010428+00:00,85689.671748595,559,0,1,550.0
2026-09-22T10:36:21.010757+00:00,85690.672076657,559,0,1,550.0
2026-09-22T10:36:22.011000+00:00,85691.672321265,559,0,1,550.0
2026-09-22T10:36:23.011250+00:00,85692.672570575,559,0,1,550.0
2026-09-22T10:36:24.011447+00:00,85693.672767877,559,0,1,550.0
2026-09-22T10:36:25.011655+00:00,85694.672975714,559,0,1,550.0
2026-09-22T10:36:26.011849+00:00,85695.673169995,559,0,1,550.0
2026-09-22T10:36:27.012013+00:00,85696.673334052,559,0,1,550.0
2026-09-22T10:36:28.012270+00:00,85697.673586438,559,0,1,550.0
2026-09-22T10:36:29.012550+00:00,85698.673866679,559,0,1,550.0
2026-09-22T10:36:30.012844+00:00,85699.674160708,559,0,1,550.0
2026-09-22T10:36:31.013138+00:00,85700.674456984,559,0,1,550.0
2026-09-22T10:36:32.013407+00:00,85701.674724371,559,0,1,550.0
2026-09-22T10:36:33.013615+00:00,85702.67493359,559,0,1,550.0
2026-09-22T10:36:34.013956+00:00,85703.675273577,559,0,1,550.0
2026-09-22T10:36:35.014221+00:00,85704.675537948,559,0,1,550.0
2026-09-22T10:36:36.014503+00:00,85705.675821627,1114,0,2,1100.0
2026-09-22T10:36:37.014780+00:00,85706.676099527,1114,0,2,1100.0
2026-09-22T10:36:38.014992+00:00,85707.676312558,1114,0,2,1100.0
2026-09-22T10:36:39.015190+00:00,85708.676511479,1114,0,2,1100.0
2026-09-22T10:36:40.015422+00:00,85709.676738907,1114,0,2,1100.0
2026-09-22T10:36:41.015721+00:00,85710.676995707,1114,0,2,1100.0
2026-09-22T10:36:42.015910+00:00,85711.677228023,1114,0,2,1100.0
2026-09-22T10:36:43.016113+00:00,85712.677432583,1114,0,2,1100.0
2026-09-22T10:36:44.016356+00:00,85713.677676499,1114,0,2,1100.0
2026-09-22T10:36:45.016561+00:00,85714.677882072,1114,0,2,1100.0
2026-09-22T10:36:46.016785+00:00,85715.678105356,1114,0,2,1100.0
2026-09-22T10:36:47.017055+00:00,85716.678374819,1114,0,2,1100.0
2026-09-22T10:36:48.017264+00:00,85717.678585043,1114,0,2,1100.0
2026-09-22T10:36:49.017440+00:00,85718.678759985,1116,0,2,1102.0
2026-09-22T10:36:50.017586+00:00,85719.678908679,1116,0,2,1102.0
2026-09-22T10:36:51.017821+00:00,85720.679140929,1116,0,2,1102.0
2026-09-22T10:36:52.018035+00:00,85721.679355736,1116,0,2,1102.0
2026-09-22T10:36:53.018218+00:00,85722.679537297,1116,0,2,1102.0
2026-09-22T10:36:54.018400+00:00,85723.679719665,1116,0,2,1102.0
2026-09-22T10:36:55.018625+00:00,85724.679944818,1116,0,2,1102.0
2026-09-22T10:36:56.018867+00:00,85725.68018713,1116,0,2,1102.0
2026-09-22T10:36:57.019274+00:00,85726.680591865,1116,0,2,1102.0
2026-09-22T10:36:58.019489+00:00,85727.680808354,1116,0,2,1102.0
2026-09-22T10:36:59.019784+00:00,85728.68110208,559,0,1,550.0
2026-09-22T10:37:00.020046+00:00,85729.681361948,559,0,1,550.0
2026-09-22T10:37:01.020215+00:00,85730.681536049,559,0,1,550.0
2026-09-22T10:37:02.020441+00:00,85731.681758516,559,0,1,550.0
2026-09-22T10:37:03.020645+00:00,85732.681964492,559,0,1,550.0
2026-09-22T10:37:04.020873+00:00,85733.682192169,561,0,1,552.0
2026-09-22T10:37:05.021043+00:00,85734.682363186,561,0,1,552.0
2026-09-22T10:37:06.021287+00:00,85735.682605213,561,0,1,552.0
2026-09-22T10:37:07.021520+00:00,85736.682837816,561,0,1,552.0
2026-09-22T10:37:08.021768+00:00,85737.683088579,561,0,1,552.0
2026-09-22T10:37:09.022044+00:00,85738.68336261,561,0,1,552.0
2026-09-22T10:37:10.022287+00:00,85739.683605184,561,0,1,552.0
2026-09-22T10:37:11.022508+00:00,85740.6838267,561,0,1,552.0
2026-09-22T10:37:12.022819+00:00,85741.684134924,561,0,1,552.0
2026-09-22T10:37:13.023008+00:00,85742.684327451,561,0,1,552.0
2026-09-22T10:37:14.023195+00:00,85743.684516682,0,1,0,0
2026-09-22T10:37:15.023396+00:00,85744.684716825,0,0,0,0
2026-09-22T10:37:16.023640+00:00,85745.684957035,0,0,0,0
2026-09-22T10:37:17.023846+00:00,85746.685165879,0,0,0,0
2026-09-22T10:37:18.024105+00:00,85747.685421931,0,0,0,0
2026-09-22T10:37:19.024335+00:00,85748.685653897,0,0,0,0
2026-09-22T10:37:20.024516+00:00,85749.685837606,0,0,0,0
2026-09-22T10:37:21.024784+00:00,85750.686103079,0,0,0,0
2026-09-22T10:37:22.025044+00:00,85751.686363735,0,0,0,0
2026-09-22T10:37:23.025245+00:00,85752.686565655,0,0,0,0
2026-09-22T10:37:24.025460+00:00,85753.686777379,0,0,0,0
2026-09-22T10:37:25.025666+00:00,85754.686985834,0,0,0,0
2026-09-22T10:37:26.025935+00:00,85755.68725182,0,0,0,0
2026-09-22T10:37:27.026231+00:00,85756.687547649,0,0,0,0
2026-09-22T10:37:28.026498+00:00,85757.687816479,0,0,0,0
2026-09-22T10:37:29.026785+00:00,85758.688102572,0,0,0,0
2026-09-22T10:37:30.026996+00:00,85759.688315716,0,0,0,0
2026-09-22T10:37:31.027197+00:00,85760.688517373,0,0,0,0
2026-09-22T10:37:32.027416+00:00,85761.688736817,0,0,0,0
2026-09-22T10:37:33.027622+00:00,85762.688939852,0,0,0,0
2026-09-22T10:37:34.027817+00:00,85763.689137887,0,0,0,0
2026-09-22T10:37:35.027980+00:00,85764.689301658,0,0,0,0
2026-09-22T10:37:36.028195+00:00,85765.689513565,0,0,0,0
2026-09-22T10:37:37.028416+00:00,85766.689735379,0,0,0,0
2026-09-22T10:37:38.028609+00:00,85767.68992961,0,0,0,0
2026-09-22T10:37:39.028821+00:00,85768.690142194,0,0,0,0
2026-09-22T10:37:40.029028+00:00,85769.690346363,0,0,0,0
2026-09-22T10:37:41.029245+00:00,85770.690564395,0,0,0,0
2026-09-22T10:37:42.029419+00:00,85771.690738776,0,0,0,0
2026-09-22T10:37:43.029600+00:00,85772.69091979,0,0,0,0
2026-09-22T10:37:44.029811+00:00,85773.691129637,0,0,0,0
2026-09-22T10:37:45.030028+00:00,85774.691345447,0,0,0,0
2026-09-22T10:37:46.030236+00:00,85775.691555599,0,0,0,0
2026-09-22T10:37:47.030432+00:00,85776.691752401,0,0,0,0
2026-09-22T10:37:48.030746+00:00,85777.692067446,0,0,0,0
2026-09-22T10:37:49.031015+00:00,85778.692333736,0,0,0,0
2026-09-22T10:37:50.031157+00:00,85779.692479503,0,0,0,0
2026-09-22T10:37:51.031354+00:00,85780.692674196,0,0,0,0
2026-09-22T10:37:52.031557+00:00,85781.692878725,0,0,0,0
2026-09-22T10:37:53.031862+00:00,85782.693178571,0,0,0,0
2026-09-22T10:37:54.032089+00:00,85783.693408327,0,0,0,0
2026-09-22T10:37:55.032326+00:00,85784.69363935,0,0,0,0
2026-09-22T10:37:56.032579+00:00,85785.693895443,3,0,1,14.0
2026-09-22T10:37:57.032822+00:00,85786.694142322,1114,1,2,1100.0
2026-09-22T10:37:58.033027+00:00,85787.694345395,1114,0,2,1100.0
2026-09-22T10:37:59.033315+00:00,85788.694635286,1114,0,2,1100.0
2026-09-22T10:38:00.033492+00:00,85789.694811971,1114,0,2,1100.0
2026-09-22T10:38:01.033766+00:00,85790.695086434,1114,0,2,1100.0
2026-09-22T10:38:02.034101+00:00,85791.69541715,1114,0,2,1100.0
2026-09-22T10:38:03.034274+00:00,85792.695594029,1114,0,2,1100.0
2026-09-22T10:38:04.034455+00:00,85793.69577603,1114,0,2,1100.0
2026-09-22T10:38:05.034659+00:00,85794.695979508,1114,0,2,1100.0
2026-09-22T10:38:06.034928+00:00,85795.696248246,1114,0,2,1100.0
2026-09-22T10:38:07.035106+00:00,85796.696427028,1114,0,2,1100.0
2026-09-22T10:38:08.035289+00:00,85797.696609116,1114,0,2,1100.0
2026-09-22T10:38:09.035503+00:00,85798.696823113,1114,0,2,1100.0
2026-09-22T10:38:10.035739+00:00,85799.697056305,1114,0,2,1100.0
2026-09-22T10:38:11.035936+00:00,85800.697255234,1114,0,2,1100.0
2026-09-22T10:38:12.036137+00:00,85801.697457174,1114,0,2,1100.0
2026-09-22T10:38:13.036314+00:00,85802.697632192,1114,0,2,1100.0
2026-09-22T10:38:14.036511+00:00,85803.697831725,1114,0,2,1100.0
2026-09-22T10:38:15.036775+00:00,85804.698095864,1114,0,2,1100.0
2026-09-22T10:38:16.037052+00:00,85805.698370673,1114,0,2,1100.0
2026-09-22T10:38:17.037231+00:00,85806.698550665,1114,0,2,1100.0
2026-09-22T10:38:18.037442+00:00,85807.698762089,1114,0,2,1100.0
2026-09-22T10:38:19.037669+00:00,85808.698989001,1114,0,2,1100.0
2026-09-22T10:38:20.037879+00:00,85809.699197749,1114,0,2,1100.0
2026-09-22T10:38:21.038196+00:00,85810.699516443,1114,0,2,1100.0
2026-09-22T10:38:22.038367+00:00,85811.699687864,1114,0,2,1100.0
2026-09-22T10:38:23.038564+00:00,85812.699884062,1114,0,2,1100.0
2026-09-22T10:38:24.038791+00:00,85813.700111962,1114,0,2,1100.0
2026-09-22T10:38:25.039010+00:00,85814.700330786,1114,0,2,1100.0
2026-09-22T10:38:26.039213+00:00,85815.700533543,1114,0,2,1100.0
2026-09-22T10:38:27.039410+00:00,85816.700731347,1114,0,2,1100.0
2026-09-22T10:38:28.039736+00:00,85817.701056307,1114,0,2,1100.0
2026-09-22T10:38:29.039957+00:00,85818.701274594,1114,0,2,1100.0
2026-09-22T10:38:30.040161+00:00,85819.70148011,1114,0,2,1100.0
2026-09-22T10:38:31.040372+00:00,85820.701690871,1114,0,2,1100.0
2026-09-22T10:38:32.040540+00:00,85821.70186057,1114,0,2,1100.0
2026-09-22T10:38:33.040831+00:00,85822.70215041,1114,0,2,1100.0
2026-09-22T10:38:34.041002+00:00,85823.702322445,1114,0,2,1100.0
2026-09-22T10:38:35.041208+00:00,85824.702528346,1114,0,2,1100.0
2026-09-22T10:38:36.041384+00:00,85825.702704229,1114,0,2,1100.0
2026-09-22T10:38:37.041631+00:00,85826.702948986,0,1,0,0
2026-09-22T10:38:38.041851+00:00,85827.703170306,0,0,0,0
2026-09-22T10:38:39.042014+00:00,85828.703335325,0,0,0,0
2026-09-22T10:38:40.042246+00:00,85829.703563532,0,0,0,0
2026-09-22T10:38:41.042513+00:00,85830.703833144,0,0,0,0
2026-09-22T10:38:42.042727+00:00,85831.70404879,0,0,0,0
2026-09-22T10:38:43.042947+00:00,85832.704263868,0,0,0,0
2026-09-22T10:38:44.043213+00:00,85833.70453035,0,0,0,0
2026-09-22T10:38:45.043421+00:00,85834.704740841,0,0,0,0
2026-09-22T10:38:46.043614+00:00,85835.704935197,0,0,0,0
2026-09-22T10:38:47.043808+00:00,85836.70512928,0,0,0,0
2026-09-22T10:38:48.044037+00:00,85837.705355766,0,0,0,0
2026-09-22T10:38:49.044288+00:00,85838.70560723,0,0,0,0
2026-09-22T10:38:50.044485+00:00,85839.705806242,0,0,0,0
2026-09-22T10:38:51.044746+00:00,85840.706067158,0,0,0,0
2026-09-22T10:38:52.044901+00:00,85841.706222892,0,0,0,0
2026-09-22T10:38:53.045109+00:00,85842.70642888,0,0,0,0
2026-09-22T10:38:54.045282+00:00,85843.706603602,0,0,0,0
2026-09-22T10:38:55.045483+00:00,85844.706802982,0,0,0,0
2026-09-22T10:38:56.045803+00:00,85845.707124087,0,0,0,0
2026-09-22T10:38:57.045970+00:00,85846.707291374,0,0,0,0
2026-09-22T10:38:58.046185+00:00,85847.707505619,0,0,0,0
2026-09-22T10:38:59.046393+00:00,85848.707712179,0,0,0,0
2026-09-22T10:39:00.046746+00:00,85849.70806616,0,0,0,0
2026-09-22T10:39:01.046978+00:00,85850.708299172,0,0,0,0
2026-09-22T10:39:02.047179+00:00,85851.708499901,0,0,0,0
2026-09-22T10:39:03.047381+00:00,85852.708699718,0,0,0,0
2026-09-22T10:39:04.047570+00:00,85853.708891942,0,0,0,0
2026-09-22T10:39:05.047809+00:00,85854.709130267,0,0,0,0
2026-09-22T10:39:06.048002+00:00,85855.709322549,0,0,0,0
2026-09-22T10:39:07.048308+00:00,85856.709626582,0,0,0,0
2026-09-22T10:39:08.048514+00:00,85857.709834706,0,0,0,0
2026-09-22T10:39:09.048759+00:00,85858.710078644,0,0,0,0
2026-09-22T10:39:10.048949+00:00,85859.710270391,0,0,0,0
2026-09-22T10:39:11.049140+00:00,85860.710461559,0,0,0,0
2026-09-22T10:39:12.049313+00:00,85861.710633847,0,0,0,0
2026-09-22T10:39:13.049507+00:00,85862.710828099,0,0,0,0
2026-09-22T10:39:14.049760+00:00,85863.711079462,0,0,0,0
2026-09-22T10:39:15.050007+00:00,85864.711326738,0,0,0,0
2026-09-22T10:39:16.050210+00:00,85865.711531306,0,0,0,0
2026-09-22T10:39:17.050421+00:00,85866.711742755,0,0,0,0
2026-09-22T10:39:18.050645+00:00,85867.711965788,0,0,0,0
2026-09-22T10:39:19.050833+00:00,85868.712154417,0,0,0,0
2026-09-22T10:39:20.051017+00:00,85869.712338754,0,0,0,0
2026-09-22T10:39:21.051274+00:00,85870.712592748,0,0,0,0
2026-09-22T10:39:22.051465+00:00,85871.712786125,0,0,0,0
2026-09-22T10:39:23.051765+00:00,85872.713086824,0,0,0,0
2026-09-22T10:39:24.051962+00:00,85873.713283521,0,0,0,0
2026-09-22T10:39:25.052145+00:00,85874.71346598,0,0,0,0
2026-09-22T10:39:26.052355+00:00,85875.71367527,0,0,0,0
2026-09-22T10:39:27.052544+00:00,85876.713865272,0,0,0,0
2026-09-22T10:39:28.052789+00:00,85877.714110508,0,0,0,0
2026-09-22T10:39:29.052997+00:00,85878.714317912,0,0,0,0
2026-09-22T10:39:30.053223+00:00,85879.714543502,0,0,0,0
2026-09-22T10:39:31.053431+00:00,85880.714752177,0,0,0,0
2026-09-22T10:39:32.053636+00:00,85881.714958134,0,0,0,0
2026-09-22T10:39:33.053860+00:00,85882.715181141,0,0,0,0
2026-09-22T10:39:34.054072+00:00,85883.715391402,0,0,0,0
2026-09-22T10:39:35.054312+00:00,85884.71563225,0,0,0,0
2026-09-22T10:39:36.054542+00:00,85885.715862614,0,0,0,0
2026-09-22T10:39:37.054846+00:00,85886.716164254,0,0,0,0
2026-09-22T10:39:38.055085+00:00,85887.71640224,0,0,0,0
2026-09-22T10:39:39.055280+00:00,85888.716601209,0,0,0,0
2026-09-22T10:39:40.055487+00:00,85889.71680843,0,0,0,0
2026-09-22T10:39:41.055729+00:00,85890.717049534,0,0,0,0
2026-09-22T10:39:42.055933+00:00,85891.717253494,0,0,0,0
2026-09-22T10:39:43.056188+00:00,85892.71750787,0,0,0,0
2026-09-22T10:39:44.056381+00:00,85893.717701378,0,0,0,0
2026-09-22T10:39:45.056567+00:00,85894.717888964,0,0,0,0
2026-09-22T10:39:46.056801+00:00,85895.718121831,0,0,0,0
2026-09-22T10:39:47.057004+00:00,85896.718325517,0,0,0,0
2026-09-22T10:39:48.057135+00:00,85897.718458832,0,0,0,0
2026-09-22T10:39:49.057342+00:00,85898.718663431,0,0,0,0
2026-09-22T10:39:50.057552+00:00,85899.718873595,0,0,0,0
2026-09-22T10:39:51.057757+00:00,85900.719078684,0,0,0,0
2026-09-22T10:39:52.057988+00:00,85901.719310376,0,0,0,0
2026-09-22T10:39:53.058189+00:00,85902.719510104,0,0,0,0
2026-09-22T10:39:54.058379+00:00,85903.719700845,0,0,0,0
2026-09-22T10:39:55.058543+00:00,85904.719864312,0,0,0,0
2026-09-22T10:39:56.058775+00:00,85905.720097237,0,0,0,0
2026-09-22T10:39:57.059008+00:00,85906.720328189,0,0,0,0
2026-09-22T10:39:58.059202+00:00,85907.72052265,0,0,0,0
2026-09-22T10:39:59.059402+00:00,85908.720720803,0,0,0,0
2026-09-22T10:40:00.059594+00:00,85909.720915256,0,0,0,0
2026-09-22T10:40:01.059785+00:00,85910.721105833,0,0,0,0
2026-09-22T10:40:02.059985+00:00,85911.721304669,0,0,0,0
2026-09-22T10:40:03.060153+00:00,85912.721473154,0,0,0,0
2026-09-22T10:40:04.060352+00:00,85913.721672071,0,0,0,0
2026-09-22T10:40:05.060548+00:00,85914.721868452,0,0,0,0
2026-09-22T10:40:06.060741+00:00,85915.722061149,0,0,0,0
2026-09-22T10:40:07.060949+00:00,85916.722268945,0,0,0,0
2026-09-22T10:40:08.061165+00:00,85917.722483401,0,0,0,0
2026-09-22T10:40:09.061370+00:00,85918.72269001,0,0,0,0
2026-09-22T10:40:10.061574+00:00,85919.722894183,0,0,0,0
2026-09-22T10:40:11.061765+00:00,85920.723086299,0,0,0,0
2026-09-22T10:40:12.061911+00:00,85921.723235009,0,0,0,0
2026-09-22T10:40:13.062109+00:00,85922.723428963,0,0,0,0
2026-09-22T10:40:14.062268+00:00,85923.723589751,0,0,0,0
2026-09-22T10:40:15.062414+00:00,85924.723735761,0,0,0,0
2026-09-22T10:40:16.062559+00:00,85925.723881923,0,0,0,0
2026-09-22T10:40:17.062754+00:00,85926.724076399,0,0,0,0
2026-09-22T10:40:18.063004+00:00,85927.724325755,0,0,0,0
2026-09-22T10:40:19.063208+00:00,85928.724528714,0,0,0,0
2026-09-22T10:40:20.063384+00:00,85929.724705699,0,0,0,0
2026-09-22T10:40:21.063564+00:00,85930.724885369,0,0,0,0
2026-09-22T10:40:22.063802+00:00,85931.725123112,0,0,0,0
2026-09-22T10:40:23.063997+00:00,85932.725318198,0,0,0,0
2026-09-22T10:40:24.064186+00:00,85933.72550793,0,0,0,0
2026-09-22T10:40:25.064516+00:00,85934.725838048,0,0,0,0
2026-09-22T10:40:26.064762+00:00,85935.726081359,0,0,0,0
2026-09-22T10:40:27.064971+00:00,85936.726291788,0,0,0,0
2026-09-22T10:40:28.065276+00:00,85937.726596353,0,0,0,0
2026-09-22T10:40:29.065491+00:00,85938.726810631,0,0,0,0
2026-09-22T10:40:30.065748+00:00,85939.727066874,0,0,0,0
2026-09-22T10:40:31.065968+00:00,85940.72728931,0,0,0,0
2026-09-22T10:40:32.066157+00:00,85941.727478935,0,0,0,0
2026-09-22T10:40:33.066429+00:00,85942.727747098,0,0,0,0
2026-09-22T10:40:34.066624+00:00,85943.727944827,0,0,0,0
2026-09-22T10:40:35.066815+00:00,85944.728137248,0,0,0,0
2026-09-22T10:40:36.067016+00:00,85945.728337897,0,0,0,0
2026-09-22T10:40:37.067204+00:00,85946.728525974,0,0,0,0
2026-09-22T10:40:38.067449+00:00,85947.72876963,0,0,0,0
2026-09-22T10:40:39.067724+00:00,85948.72899505,0,0,0,0
2026-09-22T10:40:40.067896+00:00,85949.729215115,0,0,0,0
2026-09-22T10:40:41.068099+00:00,85950.729419223,0,0,0,0
2026-09-22T10:40:42.068292+00:00,85951.729613592,0,0,0,0
2026-09-22T10:40:43.068501+00:00,85952.729820805,0,0,0,0
2026-09-22T10:40:44.068785+00:00,85953.730105542,0,0,0,0
2026-09-22T10:40:45.068997+00:00,85954.730318164,0,0,0,0
2026-09-22T10:40:46.069193+00:00,85955.730514308,0,0,0,0
2026-09-22T10:40:47.069386+00:00,85956.730707605,0,0,0,0
2026-09-22T10:40:48.069605+00:00,85957.730927208,0,0,0,0
2026-09-22T10:40:49.069795+00:00,85958.731117018,0,0,0,0
2026-09-22T10:40:50.070027+00:00,85959.731347767,0,0,0,0
2026-09-22T10:40:51.070232+00:00,85960.731553227,0,0,0,0
2026-09-22T10:40:52.070434+00:00,85961.731755308,0,0,0,0
2026-09-22T10:40:53.070641+00:00,85962.731961289,0,0,0,0
2026-09-22T10:40:54.070843+00:00,85963.732162901,0,0,0,0
2026-09-22T10:40:55.071041+00:00,85964.732361345,0,0,0,0
2026-09-22T10:40:56.071233+00:00,85965.732555024,0,0,0,0
2026-09-22T10:40:57.071442+00:00,85966.732764066,0,0,0,0
2026-09-22T10:40:58.071648+00:00,85967.732969657,0,0,0,0
2026-09-22T10:40:59.071842+00:00,85968.733163574,0,0,0,0
2026-09-22T10:41:00.072042+00:00,85969.733363069,0,0,0,0
2026-09-22T10:41:01.072231+00:00,85970.73355254,0,0,0,0
2026-09-22T10:41:02.072417+00:00,85971.733739481,0,0,0,0
2026-09-22T10:41:03.072581+00:00,85972.733902605,0,0,0,0
2026-09-22T10:41:04.072872+00:00,85973.734190274,0,0,0,0
2026-09-22T10:41:05.073080+00:00,85974.734401277,0,0,0,0
2026-09-22T10:41:06.073239+00:00,85975.734560164,0,0,0,0
2026-09-22T10:41:07.073462+00:00,85976.734783477,0,0,0,0
2026-09-22T10:41:08.073670+00:00,85977.734990672,0,0,0,0
2026-09-22T10:41:09.073898+00:00,85978.735214752,0,0,0,0
2026-09-22T10:41:10.074102+00:00,85979.735421948,0,0,0,0
2026-09-22T10:41:11.074297+00:00,85980.73561871,0,0,0,0
2026-09-22T10:41:12.074507+00:00,85981.735828786,0,0,0,0
2026-09-22T10:41:13.074750+00:00,85982.736071594,0,0,0,0
2026-09-22T10:41:14.074994+00:00,85983.73631162,0,0,0,0
2026-09-22T10:41:15.075200+00:00,85984.736519556,0,0,0,0
2026-09-22T10:41:16.075439+00:00,85985.736756554,0,0,0,0
2026-09-22T10:41:17.075647+00:00,85986.736966614,0,0,0,0
2026-09-22T10:41:18.075857+00:00,85987.737177151,0,0,0,0
2026-09-22T10:41:19.076097+00:00,85988.737414711,0,0,0,0
2026-09-22T10:41:20.076296+00:00,85989.737614676,0,0,0,0
2026-09-22T10:41:21.076537+00:00,85990.737857656,0,0,0,0
2026-09-22T10:41:22.076843+00:00,85991.738160186,0,0,0,0
2026-09-22T10:41:23.077071+00:00,85992.738390271,0,0,0,0
2026-09-22T10:41:24.077264+00:00,85993.738582506,0,0,0,0
2026-09-22T10:41:25.077426+00:00,85994.738746713,0,0,0,0
2026-09-22T10:41:26.077642+00:00,85995.738961257,0,0,0,0
2026-09-22T10:41:27.077888+00:00,85996.739205777,0,0,0,0
2026-09-22T10:41:28.078159+00:00,85997.739478374,0,0,0,0
2026-09-22T10:41:29.078384+00:00,85998.739700285,0,0,0,0
2026-09-22T10:41:30.078646+00:00,85999.739962257,577,1,2,578.0
2026-09-22T10:41:31.078868+00:00,86000.740186307,1114,0,2,1100.0
2026-09-22T10:41:32.079049+00:00,86001.740369351,1114,0,2,1100.0
2026-09-22T10:41:33.079244+00:00,86002.740565621,1114,0,2,1100.0
2026-09-22T10:41:34.079478+00:00,86003.740798346,1114,0,2,1100.0
2026-09-22T10:41:35.079738+00:00,86004.741057469,1114,0,2,1100.0
2026-09-22T10:41:36.079988+00:00,86005.741306075,1114,0,2,1100.0
2026-09-22T10:41:37.080183+00:00,86006.74149385,1114,0,2,1100.0
2026-09-22T10:41:38.080375+00:00,86007.741694228,1114,0,2,1100.0
2026-09-22T10:41:39.080570+00:00,86008.74188912,1114,0,2,1100.0
2026-09-22T10:41:40.080822+00:00,86009.742140695,1114,0,2,1100.0
2026-09-22T10:41:41.081082+00:00,86010.742401746,1114,0,2,1100.0
2026-09-22T10:41:42.081277+00:00,86011.742597763,1114,0,2,1100.0
2026-09-22T10:41:43.081452+00:00,86012.74277268,1114,0,2,1100.0
2026-09-22T10:41:44.081657+00:00,86013.742976101,1114,0,2,1100.0
2026-09-22T10:41:45.081915+00:00,86014.743232883,1114,0,2,1100.0
2026-09-22T10:41:46.082102+00:00,86015.743421621,1114,0,2,1100.0
2026-09-22T10:41:47.082384+00:00,86016.743700734,1114,0,2,1100.0
2026-09-22T10:41:48.082578+00:00,86017.743898066,1114,0,2,1100.0
2026-09-22T10:41:49.082840+00:00,86018.744159365,1114,0,2,1100.0
2026-09-22T10:41:50.083026+00:00,86019.744346453,1114,0,2,1100.0
2026-09-22T10:41:51.083194+00:00,86020.744515134,1114,0,2,1100.0
2026-09-22T10:41:52.083397+00:00,86021.744717764,1114,0,2,1100.0
2026-09-22T10:41:53.083577+00:00,86022.744896193,1114,0,2,1100.0
2026-09-22T10:41:54.083816+00:00,86023.74513588,1114,0,2,1100.0
2026-09-22T10:41:55.084035+00:00,86024.745355481,1114,0,2,1100.0
2026-09-22T10:41:56.084205+00:00,86025.745523711,1114,0,2,1100.0
2026-09-22T10:41:57.084420+00:00,86026.745738019,1114,0,2,1100.0
2026-09-22T10:41:58.084608+00:00,86027.745927171,1114,0,2,1100.0
2026-09-22T10:41:59.084867+00:00,86028.746185608,1114,0,2,1100.0
2026-09-22T10:42:00.085147+00:00,86029.746462908,1114,17,2,1100.0
2026-09-22T10:42:01.085402+00:00,86030.746719262,1114,0,2,1100.0
2026-09-22T10:42:02.085664+00:00,86031.746979152,1114,0,2,1100.0
2026-09-22T10:42:03.085919+00:00,86032.747236924,1114,0,2,1100.0
2026-09-22T10:42:04.086107+00:00,86033.747425319,1114,0,2,1100.0
2026-09-22T10:42:05.086310+00:00,86034.747629598,1114,0,2,1100.0
2026-09-22T10:42:06.086530+00:00,86035.747848303,1114,0,2,1100.0
2026-09-22T10:42:07.086786+00:00,86036.748107498,1114,0,2,1100.0
2026-09-22T10:42:08.087054+00:00,86037.748374061,1114,0,2,1100.0
2026-09-22T10:42:09.087261+00:00,86038.748582277,1114,0,2,1100.0
2026-09-22T10:42:10.087461+00:00,86039.748781687,556,0,0,0
2026-09-22T10:42:11.087748+00:00,86040.749067625,0,0,0,0
2026-09-22T10:42:12.087976+00:00,86041.749297073,0,0,0,0
2026-09-22T10:42:13.088148+00:00,86042.749469286,0,0,0,0
2026-09-22T10:42:14.088425+00:00,86043.749739741,0,0,0,0
2026-09-22T10:42:15.088626+00:00,86044.749946206,0,0,0,0
2026-09-22T10:42:16.088792+00:00,86045.750113073,0,0,0,0
2026-09-22T10:42:17.088991+00:00,86046.750312444,0,0,0,0
2026-09-22T10:42:18.089196+00:00,86047.750516389,0,0,0,0
2026-09-22T10:42:19.089397+00:00,86048.75071795,0,0,0,0
2026-09-22T10:42:20.089644+00:00,86049.75096267,0,0,0,0
2026-09-22T10:42:21.089834+00:00,86050.751155476,0,0,0,0
2026-09-22T10:42:22.090062+00:00,86051.751381263,0,0,0,0
2026-09-22T10:42:23.090283+00:00,86052.751602287,0,0,0,0
2026-09-22T10:42:24.090512+00:00,86053.751831299,0,0,0,0
2026-09-22T10:42:25.090741+00:00,86054.752061788,0,0,0,0
2026-09-22T10:42:26.091073+00:00,86055.752394816,0,0,0,0
2026-09-22T10:42:27.091308+00:00,86056.752628881,0,0,0,0
2026-09-22T10:42:28.091526+00:00,86057.752844237,0,0,0,0
2026-09-22T10:42:29.091794+00:00,86058.753112129,0,0,0,0
2026-09-22T10:42:30.091995+00:00,86059.753314699,0,0,0,0
2026-09-22T10:42:31.092193+00:00,86060.753514082,0,0,0,0
2026-09-22T10:42:32.092348+00:00,86061.753670717,0,0,0,0
2026-09-22T10:42:33.092538+00:00,86062.753859665,0,0,0,0
2026-09-22T10:42:34.092803+00:00,86063.754119984,0,0,0,0
2026-09-22T10:42:35.093078+00:00,86064.754397487,0,0,0,0
2026-09-22T10:42:36.093296+00:00,86065.75461553,0,0,0,0
2026-09-22T10:42:37.093507+00:00,86066.754827044,0,0,0,0
2026-09-22T10:42:38.093763+00:00,86067.755083315,0,0,0,0
2026-09-22T10:42:39.093972+00:00,86068.7552923,0,0,0,0
2026-09-22T10:42:40.094165+00:00,86069.755484809,0,0,0,0
2026-09-22T10:42:41.094359+00:00,86070.75567687,0,0,0,0
2026-09-22T10:42:42.094576+00:00,86071.75589379,0,0,0,0
